image_id,p_180
test_00000,0.00242803018080703
test_00001,0.9999987646614361
test_00002,0.9999989830316737
test_00003,0.008658994323940697
test_00004,0.9999787613138049
test_00005,0.016996780008064802
test_00006,0.9988577124181932
test_00007,0.9997801375481146
test_00008,0.9994871258966765
test_00009,0.010493497869789538
test_00010,0.999841610709062
test_00011,8.394033402408778e-08
test_00012,0.00815038466030654
test_00013,0.9999941700871248
test_00014,0.5620033899564588
test_00015,0.9996387234536523
test_00016,0.9999047080664697
test_00017,0.0005145979100748291
test_00018,0.43212182732383175
test_00019,0.000447559931871993
test_00020,5.5995011525640715e-08
test_00021,0.0019905576468554937
test_00022,0.9999302374288322
test_00023,0.06643274681855696
test_00024,0.0022551505514849224
test_00025,0.999709759629626
test_00026,0.9986864101654256
test_00027,0.10248279980564468
test_00028,0.3564124131521567
test_00029,0.9999691194616455
test_00030,1.291695451055922e-05
test_00031,0.9998493441250592
test_00032,0.9071135955346803
test_00033,0.9937345732932458
test_00034,0.9814387530084304
test_00035,0.9999472642347799
test_00036,0.038941625742606144
test_00037,0.00017253291126836782
test_00038,0.003698747003939654
test_00039,6.249574811206153e-05
test_00040,0.9274800583994726
test_00041,0.012143330099934423
test_00042,0.9996335582474111
test_00043,5.440915692663092e-05
test_00044,0.0009982651192102082
test_00045,0.8157009400703775
test_00046,0.0017082229483030024
test_00047,0.9995242372010867
test_00048,0.9972531926453411
test_00049,0.9885173220383869
test_00050,0.999964344199328
test_00051,2.3641525836849882e-05
test_00052,1.1810797122642983e-07
test_00053,0.9929884331013263
test_00054,0.0033659780983111426
test_00055,0.999471121762541
test_00056,8.622850946527169e-05
test_00057,0.9858298522074355
test_00058,0.000703769768824017
test_00059,0.002509248526169544
test_00060,0.9517542426732609
test_00061,0.030299035620443466
test_00062,0.00026140669084792926
test_00063,0.0010847375583738935
test_00064,0.00016120841148441702
test_00065,0.9999756161433021
test_00066,0.5501315818059521
test_00067,8.590312978616884e-05
test_00068,0.00012751542576562686
test_00069,0.04851107141850631
test_00070,0.9813512254983218
test_00071,0.9984564968084769
test_00072,0.9985587159779893
test_00073,0.8973092640132438
test_00074,0.9638869311538585
test_00075,0.9773957788257349
test_00076,5.494702304541035e-05
test_00077,0.9999993037139802
test_00078,0.99989876658969
test_00079,0.687414373006919
test_00080,1.789781255023919e-05
test_00081,0.9991268540533272
test_00082,0.601575509835251
test_00083,3.2465850193708555e-06
test_00084,0.9999999694003623
test_00085,0.9755763508195743
test_00086,0.9999983404563552
test_00087,0.9999992837578829
test_00088,0.000804416540927053
test_00089,0.9942897399283173
test_00090,0.00137895921915784
test_00091,0.00023571419171054266
test_00092,0.9972632155175529
test_00093,0.041322079624880693
test_00094,0.9620639328129755
test_00095,0.9880275091724596
test_00096,0.06862043877499097
test_00097,9.162124313444016e-06
test_00098,6.542637917583723e-05
test_00099,0.0019861189029019614
test_00100,7.243016239876037e-05
test_00101,0.07676374554960422
test_00102,8.214798935613261e-05
test_00103,0.9999987510103755
test_00104,0.9928014246791238
test_00105,8.794178302724283e-09
test_00106,2.638319920318219e-05
test_00107,0.9970560249240664
test_00108,0.03529966449596345
test_00109,6.852693342377253e-06
test_00110,0.9999882484638445
test_00111,0.11017374671047381
test_00112,0.9920596966443891
test_00113,1.833570094908895e-06
test_00114,0.9992485980029137
test_00115,0.6013066512022698
test_00116,0.17759022661813945
test_00117,0.994701292513521
test_00118,0.9999946572547952
test_00119,0.04836068048995119
test_00120,0.0025836462128056964
test_00121,0.9999357040184388
test_00122,0.9989663171866678
test_00123,0.999480172726044
test_00124,0.007716446905530746
test_00125,0.0003519830684976749
test_00126,1.0763970962887734e-05
test_00127,0.9999628712898851
test_00128,6.29861149635995e-06
test_00129,0.003966817112590467
test_00130,0.9996063284378549
test_00131,8.89031718995569e-06
test_00132,0.7721185570231973
test_00133,0.9997598257817808
test_00134,0.0017762457123963178
test_00135,0.8694253340462144
test_00136,1.80679270832386e-06
test_00137,0.9359875778976889
test_00138,0.999985428542003
test_00139,0.0021368527932698793
test_00140,0.9999893433985977
test_00141,4.958536115020498e-05
test_00142,0.9914865917052826
test_00143,0.9997166304554106
test_00144,0.005368443728231983
test_00145,0.903273641935859
test_00146,2.687790874246386e-05
test_00147,0.9999695941336116
test_00148,0.3338359093585113
test_00149,0.030815328617266224
test_00150,0.0009657748635957367
test_00151,0.9999687524082541
test_00152,0.006216979619920685
test_00153,0.130495804679205
test_00154,0.9466416731089901
test_00155,0.9999994654346922
test_00156,0.9999312990323755
test_00157,0.0015850635853105054
test_00158,0.9998025170910243
test_00159,0.9999956273993827
test_00160,0.999981832534541
test_00161,0.052183942735448574
test_00162,0.010199599798464482
test_00163,0.967907044112321
test_00164,0.011269044941115629
test_00165,0.9980364461539868
test_00166,0.9805777221921912
test_00167,0.08814446032994844
test_00168,0.02797855877799303
test_00169,5.626467176377833e-05
test_00170,0.9997647286358138
test_00171,0.7012419985008335
test_00172,0.9388410860221534
test_00173,0.0015907635183144515
test_00174,2.9973866436901994e-08
test_00175,0.999481228644921
test_00176,0.9998647843582715
test_00177,0.0005692668872185579
test_00178,6.51578165728355e-05
test_00179,0.9807424299468829
test_00180,1.5262022495993316e-05
test_00181,0.8351362155339866
test_00182,0.9984996740200002
test_00183,0.285734756983518
test_00184,0.7820332995838571
test_00185,0.9992571835766293
test_00186,0.0003798470178478859
test_00187,0.9999521323201342
test_00188,0.9999384746681668
test_00189,0.9999135849288198
test_00190,3.461129059213632e-05
test_00191,0.8872511337625715
test_00192,2.5489978236979152e-05
test_00193,0.4556842023722467
test_00194,1.8538672305006274e-05
test_00195,1.8771392951767788e-05
test_00196,0.00687248134123367
test_00197,0.7560800388258747
test_00198,0.01738389352713198
test_00199,0.999661162703137
test_00200,0.9999152916887667
test_00201,0.9999607755553792
test_00202,0.9996742923839381
test_00203,0.8534887456298265
test_00204,0.9967773941641549
test_00205,0.000230540159851892
test_00206,0.0035368170529859752
test_00207,8.342035209637529e-06
test_00208,8.354172861923827e-07
test_00209,2.7351114795060755e-05
test_00210,0.0010382190756330558
test_00211,0.9996489335297256
test_00212,0.9955934843208719
test_00213,0.9827736222960926
test_00214,0.9990554013986628
test_00215,8.445209850972371e-07
test_00216,0.0006394081507317756
test_00217,4.219723808013087e-05
test_00218,0.00014184151178352132
test_00219,0.9999718383725842
test_00220,0.9999915418569443
test_00221,0.9923220962885444
test_00222,8.07591056422197e-06
test_00223,0.9995398648470519
test_00224,0.8938952053495928
test_00225,0.9987707219592059
test_00226,5.482452220036527e-06
test_00227,0.0004936368797608979
test_00228,0.05245761395505548
test_00229,3.76212389094181e-07
test_00230,0.00093557602385178
test_00231,0.9999979086830233
test_00232,0.9927022412320027
test_00233,0.9959656857075476
test_00234,0.003754648983624858
test_00235,0.9950729824740544
test_00236,0.0002082294381057363
test_00237,0.0001891784513187168
test_00238,0.9990794247025154
test_00239,0.007932026729372633
test_00240,0.000132696270555482
test_00241,1.0592490930656422e-05
test_00242,0.010780066288819397
test_00243,0.9996178788199929
test_00244,0.9999989087398315
test_00245,0.206492104113797
test_00246,0.00023612731068771716
test_00247,0.9996980807931474
test_00248,0.9993539309769555
test_00249,0.9903657465439909
test_00250,0.8009357107338909
test_00251,0.3400266915994471
test_00252,0.0005629725838110107
test_00253,0.9999999630552661
test_00254,3.623228226686377e-06
test_00255,3.111067678408013e-05
test_00256,0.0054729402772903885
test_00257,0.00014930828474048728
test_00258,0.014703700925469148
test_00259,0.039018067257287216
test_00260,0.00033892766292401244
test_00261,0.7030644485178059
test_00262,0.999813236344259
test_00263,0.9997651011474269
test_00264,0.9998272032001387
test_00265,0.7886397031530767
test_00266,0.009951516954705072
test_00267,0.865757811409367
test_00268,7.299160221302457e-05
test_00269,0.9993637487690166
test_00270,0.9959325066943878
test_00271,0.822511206235056
test_00272,0.9491617100747208
test_00273,0.05684403913117461
test_00274,0.8984772678122505
test_00275,2.9700000417461642e-05
test_00276,0.26385450770172053
test_00277,0.9999681521026536
test_00278,0.0003521130900684044
test_00279,0.0999242549020769
test_00280,0.9996471564323994
test_00281,0.9893030509571231
test_00282,0.9999939211797472
test_00283,0.0006277014187018424
test_00284,0.16627181971301191
test_00285,0.00017331355617243807
test_00286,0.00015025325491635272
test_00287,0.9984291320433419
test_00288,0.9999961577247881
test_00289,0.9998161210256338
test_00290,0.9993183382601712
test_00291,0.9999985089074914
test_00292,0.9997887731892214
test_00293,0.00026097481063568057
test_00294,0.9990683631546287
test_00295,0.9999981393911723
test_00296,0.00020121218564214525
test_00297,0.998504041338917
test_00298,0.004161336795692217
test_00299,0.9999678640127164
test_00300,0.0014057057730502993
test_00301,0.9237682388763486
test_00302,0.8396384420589978
test_00303,0.006998839119937011
test_00304,0.0008290967258951336
test_00305,0.9907379139379223
test_00306,0.9999888190561115
test_00307,0.7372907525254008
test_00308,0.07674367883578553
test_00309,0.9485727887982962
test_00310,0.9996278569334008
test_00311,0.9612805478559077
test_00312,0.00011194796717294455
test_00313,0.9999935960078541
test_00314,0.00014898589053825484
test_00315,0.974327011255905
test_00316,0.9895965492199892
test_00317,2.217148090339749e-05
test_00318,0.9998212649073145
test_00319,0.6277519409512703
test_00320,0.9906705840611335
test_00321,0.012971930048935267
test_00322,0.8961449867502329
test_00323,0.9995752714601166
test_00324,0.8645064447804185
test_00325,0.7838736172045768
test_00326,0.004603594242050337
test_00327,0.35171311463830335
test_00328,0.845919801427158
test_00329,0.9798860189919923
test_00330,0.9999919007892168
test_00331,0.9998369348121756
test_00332,0.9970672523680955
test_00333,0.999993441185672
test_00334,0.9999999561803942
test_00335,0.1715157006296703
test_00336,5.937852588006398e-05
test_00337,0.9986768388687294
test_00338,0.004528701512437108
test_00339,0.9984599043665197
test_00340,0.3749281729066333
test_00341,0.0008439731210183892
test_00342,0.9999486016213923
test_00343,0.9989397245022377
test_00344,0.9999966234201969
test_00345,0.994416781515337
test_00346,7.054576652203169e-05
test_00347,0.0014134248552687052
test_00348,0.9968798731374359
test_00349,0.00023716796473410902
test_00350,0.9978756816241277
test_00351,0.04517550556019527
test_00352,0.9992778969434202
test_00353,0.9904806964134788
test_00354,0.031094156211628737
test_00355,0.9985209216023129
test_00356,0.0009978989068023904
test_00357,3.4514452227511277e-06
test_00358,0.9998065309234483
test_00359,0.9999991606174192
test_00360,0.9970777927093
test_00361,0.9999576934528321
test_00362,0.9544094919119053
test_00363,0.999999711472044
test_00364,0.8762428316593747
test_00365,0.9917949163555628
test_00366,0.9959074273873768
test_00367,0.008080198508676336
test_00368,1.5410660145657997e-05
test_00369,0.9999985963388852
test_00370,0.03490177146074392
test_00371,0.015325866190168647
test_00372,0.9998511960950371
test_00373,0.10368675225894318
test_00374,0.996757577330889
test_00375,0.9995573647360864
test_00376,0.0004508200869279387
test_00377,2.919450715015911e-05
test_00378,0.9524062770187048
test_00379,7.11187248751089e-05
test_00380,9.581689689697377e-05
test_00381,0.9998601421670512
test_00382,0.29129976724971607
test_00383,0.003293691342784412
test_00384,0.9997950999887746
test_00385,0.005181120527883463
test_00386,0.9997955653765679
test_00387,0.999691901451388
test_00388,0.9829499200791968
test_00389,0.9999856434576507
test_00390,0.9977928188306442
test_00391,6.676399500127202e-08
test_00392,0.9620450816134747
test_00393,0.9903531413795058
test_00394,0.00033193090447691256
test_00395,0.008974306662337585
test_00396,0.00037468408559665885
test_00397,0.9993237045607047
test_00398,1.5446139240984517e-05
test_00399,0.8088340231231761
test_00400,0.9999690434200535
test_00401,0.9544683693957345
test_00402,0.9951348617703188
test_00403,0.0001532535375082238
test_00404,0.00013104714846814803
test_00405,0.941112566283751
test_00406,0.9889893029140242
test_00407,0.3122445917905186
test_00408,0.9867616047191945
test_00409,0.9180918577361815
test_00410,9.205561229575048e-06
test_00411,0.005333649735008625
test_00412,0.00019873607466648025
test_00413,0.20924579260949952
test_00414,0.8060051423551415
test_00415,0.9727576917794688
test_00416,4.3050012788311415e-05
test_00417,0.00013222912378840375
test_00418,0.9987081871110002
test_00419,0.9999999145056329
test_00420,1.0548906827645494e-06
test_00421,0.986570989078618
test_00422,0.999984502055885
test_00423,5.119284869991544e-08
test_00424,0.0014909454008610213
test_00425,0.000386768334580755
test_00426,0.9801048778604741
test_00427,4.336119657231826e-05
test_00428,0.00015980586410617632
test_00429,0.9999556865772099
test_00430,0.9999996682809872
test_00431,0.9999894999582446
test_00432,0.9999965654411463
test_00433,0.04257536751318328
test_00434,0.8616992585896202
test_00435,0.00284497684233386
test_00436,0.9988330814134416
test_00437,0.23237020912628908
test_00438,0.998063208050707
test_00439,0.9540861915079542
test_00440,0.07732133310626203
test_00441,9.293363350677366e-07
test_00442,0.9766314249547299
test_00443,0.9999875413807904
test_00444,0.9999640594163666
test_00445,0.0005927199447643487
test_00446,0.0032299818612230645
test_00447,0.003904280679240308
test_00448,0.9981483629184035
test_00449,3.985296700879702e-06
test_00450,8.617857327430837e-06
test_00451,0.9997077914594185
test_00452,0.9847072559723677
test_00453,0.00023428416627513103
test_00454,0.9119614976884541
test_00455,0.9987869459649567
test_00456,0.030494764632297798
test_00457,4.154861788584472e-05
test_00458,0.9999379034653244
test_00459,0.9994673168242147
test_00460,0.0001636897831329609
test_00461,0.9994332118706897
test_00462,0.07403677520106511
test_00463,0.9999480253036137
test_00464,2.7828308995594918e-06
test_00465,0.0006367728484930473
test_00466,0.9999803437966045
test_00467,0.674323749646997
test_00468,0.9779413655275578
test_00469,0.0009774117657232986
test_00470,0.26345387179851987
test_00471,2.1549642651100617e-06
test_00472,0.0003617385137425632
test_00473,0.00849815705268542
test_00474,1.497177120592049e-05
test_00475,3.3732102115651684e-05
test_00476,0.25108792584991524
test_00477,0.005031411331770796
test_00478,0.0016954475635438508
test_00479,0.7392187113374675
test_00480,0.998718365464898
test_00481,6.328278782639114e-07
test_00482,0.003750678169557722
test_00483,0.9999738825931161
test_00484,0.35736575660619524
test_00485,1.6872517832800895e-06
test_00486,5.329042536438236e-05
test_00487,0.9728045146624676
test_00488,0.0012748041489371253
test_00489,0.9999998974214123
test_00490,0.9988747890694808
test_00491,0.06424255239815532
test_00492,0.9864366389995374
test_00493,0.9999975735217091
test_00494,0.9859245412360769
test_00495,0.9995576373112155
test_00496,0.3520705445115303
test_00497,0.9999900774764694
test_00498,0.10619702149799963
test_00499,2.1751880753088838e-05
test_00500,0.9999910191701341
test_00501,0.006660405780976012
test_00502,0.9898794470195538
test_00503,7.825086340590103e-05
test_00504,0.999991247861365
test_00505,0.9587552634287374
test_00506,0.9999475403377225
test_00507,0.0019802769807178914
test_00508,0.5989982667817717
test_00509,0.04675356511834006
test_00510,0.9983956879363347
test_00511,0.9951639013734028
test_00512,0.9939447981746661
test_00513,0.9990680218503503
test_00514,6.715307738037607e-07
test_00515,0.01822849289431685
test_00516,0.0066142929565180695
test_00517,0.001804133824344581
test_00518,0.02159145797246172
test_00519,0.9998731698310354
test_00520,0.00041294007451870375
test_00521,0.9999111159137184
test_00522,0.19685161525705158
test_00523,0.6272944169587481
test_00524,0.9999715931117452
test_00525,0.6622072214117194
test_00526,0.00045602394949936954
test_00527,0.0019721679101672167
test_00528,0.000503140073988415
test_00529,0.4285553877504575
test_00530,0.00043153836869628756
test_00531,0.23927658059965065
test_00532,0.01920939545595758
test_00533,0.0016378865311077735
test_00534,0.9999980672512588
test_00535,0.0017174854748706204
test_00536,0.0002910254621614976
test_00537,0.004023570380867205
test_00538,0.9997291011175511
test_00539,0.04361856775916623
test_00540,0.9528865796278402
test_00541,0.0040865797204720005
test_00542,0.022659115004522473
test_00543,0.9994194073397825
test_00544,0.9993904433779035
test_00545,0.00021593203227136004
test_00546,0.0002243598296118998
test_00547,0.9999972549344983
test_00548,5.181662142795335e-05
test_00549,0.971476136923858
test_00550,0.0001506946378801834
test_00551,7.782827882749115e-05
test_00552,0.8405666022670832
test_00553,0.9903430922699981
test_00554,0.03884357853348078
test_00555,0.08523662974214827
test_00556,0.7724651337629186
test_00557,0.9999669786149835
test_00558,0.0002895010274791954
test_00559,0.00010328842477444155
test_00560,0.7658790184668325
test_00561,0.010322307895604241
test_00562,0.23176092074147514
test_00563,9.486556422021694e-06
test_00564,0.9999967517706522
test_00565,0.9998737609636582
test_00566,6.7044815292323664e-09
test_00567,0.9914037313401257
test_00568,0.00029031253660260234
test_00569,0.7776277399563625
test_00570,0.025454570305853838
test_00571,0.015617310365647188
test_00572,2.701464344696388e-06
test_00573,0.00011996215919523181
test_00574,0.0897485009237259
test_00575,0.7927013747685797
test_00576,0.996011075978537
test_00577,0.6035014427627324
test_00578,2.850393446359598e-07
test_00579,0.996706989476627
test_00580,0.999993963906165
test_00581,0.9997896178700024
test_00582,0.007600357661052991
test_00583,0.9991584153207653
test_00584,0.000563786523368573
test_00585,0.0008673353286066548
test_00586,0.9987672230995295
test_00587,0.9999999935209225
test_00588,0.026163459158383334
test_00589,0.0013535123208869987
test_00590,0.00013788974303255948
test_00591,0.00024547861862311544
test_00592,1.6345150519457253e-05
test_00593,0.9809704138839984
test_00594,0.9993272462521221
test_00595,0.003001572235996811
test_00596,0.012851146699219497
test_00597,0.0008074918176560131
test_00598,0.9998355018122148
test_00599,2.5922115706086324e-05
test_00600,0.6910755133664239
test_00601,0.9996442349285449
test_00602,0.9996764596751875
test_00603,0.0082896401714869
test_00604,0.44924717529122143
test_00605,0.9249149183059991
test_00606,0.9997620414064364
test_00607,0.07172412092897977
test_00608,0.029672421545395452
test_00609,5.610168964952066e-06
test_00610,0.9993905086574614
test_00611,0.07853856904515205
test_00612,0.26495158793583906
test_00613,0.009963998211796015
test_00614,0.9633398087096073
test_00615,0.9999994555570662
test_00616,4.333089813794263e-05
test_00617,0.9998600145744043
test_00618,0.00029816439052504054
test_00619,0.9999993962206217
test_00620,0.9992413329425436
test_00621,0.05060675430785004
test_00622,0.9999810221901722
test_00623,0.9742600048437366
test_00624,0.0007364508630550583
test_00625,0.04516278946908897
test_00626,0.9990853461218425
test_00627,8.942522119884204e-05
test_00628,0.0005322044798655763
test_00629,0.03700297738726776
test_00630,0.9995967363010988
test_00631,0.7343108617852732
test_00632,0.990464990196246
test_00633,0.9994256282435725
test_00634,0.9999349124953174
test_00635,3.083503433079186e-05
test_00636,0.9996812326717905
test_00637,0.05986315734572826
test_00638,0.0014218402217220005
test_00639,0.9999393214657804
test_00640,0.0015273798437015927
test_00641,0.9999432851728524
test_00642,0.6269284774314974
test_00643,4.609867558913783e-06
test_00644,0.9999937080256056
test_00645,0.9999641437107409
test_00646,0.00018356927369640605
test_00647,2.8072556033759205e-05
test_00648,0.49331873146885635
test_00649,0.9965803794689337
test_00650,3.378241942858521e-05
test_00651,0.0031610905670055303
test_00652,0.00045252771624706804
test_00653,0.999978196540729
test_00654,0.9983484316521746
test_00655,0.9623439302080327
test_00656,1.5938580754413647e-05
test_00657,0.07685662142088229
test_00658,0.9999483848468856
test_00659,0.0035222121357079013
test_00660,0.0006637092674063287
test_00661,0.00010476858755194455
test_00662,0.008171046250600406
test_00663,0.7041325153164927
test_00664,0.0007782244032178713
test_00665,0.019655952965776834
test_00666,0.9730712316445018
test_00667,0.2361204855671398
test_00668,0.00018341623276925295
test_00669,0.005368066243780907
test_00670,0.9841329463681029
test_00671,0.9998995683895118
test_00672,0.9999978470275245
test_00673,0.9998604269693003
test_00674,0.9999953274569817
test_00675,0.9999399533552751
test_00676,0.015405931288788007
test_00677,0.017293044754476534
test_00678,0.9983757948708577
test_00679,0.8621095924953789
test_00680,0.3601067886720441
test_00681,0.9999650480954521
test_00682,0.9994017886432409
test_00683,0.0917073199917394
test_00684,0.9989248726732309
test_00685,0.9919733417478476
test_00686,0.9999917173910978
test_00687,0.008458341623414172
test_00688,0.0002017299456890948
test_00689,0.9991986416268012
test_00690,0.01536648864550843
test_00691,0.9997554481630782
test_00692,0.999949751491654
test_00693,0.9999563468173097
test_00694,3.6739316591289407e-09
test_00695,0.0014612026256185166
test_00696,0.00595213198957026
test_00697,0.9999997460945466
test_00698,0.002629703647000818
test_00699,0.0010655132528314658
test_00700,0.9959193616346816
test_00701,0.9999844622873497
test_00702,0.9946781532773915
test_00703,0.00024517874405260114
test_00704,0.00023553256139131619
test_00705,0.9594127738267022
test_00706,7.510302957391029e-05
test_00707,0.9993761726466778
test_00708,8.984887405897e-05
test_00709,0.886732776795476
test_00710,0.010197107310516509
test_00711,0.9755307438585311
test_00712,0.12478702462971877
test_00713,0.02031703905508818
test_00714,0.0792780659100627
test_00715,0.9999946768459472
test_00716,0.999821736912476
test_00717,0.9998785433018135
test_00718,0.024373057264964592
test_00719,0.000673265397595039
test_00720,0.9992031932314492
test_00721,0.005746232423644068
test_00722,1.922001608394028e-06
test_00723,0.9999836712766059
test_00724,0.9959622698638423
test_00725,0.9997475849722876
test_00726,1.0765353109238658e-06
test_00727,1.807739120550576e-05
test_00728,0.9999144547419547
test_00729,0.9967734323346875
test_00730,0.04582994421535686
test_00731,0.052865608296483874
test_00732,4.985541445237509e-05
test_00733,0.0002587618873519692
test_00734,0.9932358005561734
test_00735,0.0007996549922924797
test_00736,0.9623500976589178
test_00737,0.8415772403542648
test_00738,0.0008346500838207165
test_00739,0.9999805311377167
test_00740,0.0005179250869525821
test_00741,0.9999973260329796
test_00742,0.9996527483907303
test_00743,0.9769267008210495
test_00744,0.054610356457726286
test_00745,0.99950818326787
test_00746,0.0019941103019847123
test_00747,0.004055452017595507
test_00748,0.9999449882905946
test_00749,3.151697647955696e-05
test_00750,0.005657204473201886
test_00751,0.9967083239766108
test_00752,8.444997418187464e-06
test_00753,3.134322296875656e-06
test_00754,0.01488564684008472
test_00755,0.9989409433860148
test_00756,0.002703220791261383
test_00757,0.0001956058196022797
test_00758,9.33784837232949e-05
test_00759,0.009416768876215538
test_00760,0.9996869523763707
test_00761,0.9631927825990718
test_00762,2.135478191830321e-06
test_00763,0.9981806677019915
test_00764,0.03355287113450272
test_00765,0.9996343651944902
test_00766,0.001182130768825542
test_00767,0.9865623558662446
test_00768,9.087963074788702e-06
test_00769,2.5921921233757306e-05
test_00770,0.9998218014612256
test_00771,0.00987020050705884
test_00772,0.0012954112932778894
test_00773,0.9955011697508995
test_00774,0.9967902681983345
test_00775,0.9999999961980599
test_00776,0.9999796076009031
test_00777,0.0004229938472997917
test_00778,0.001778751735952462
test_00779,0.00012680819801462895
test_00780,0.97740041336851
test_00781,0.00014458205630571858
test_00782,0.028615963160141963
test_00783,0.5953978894413433
test_00784,0.9891991014706535
test_00785,0.9976712484286855
test_00786,0.999999212105389
test_00787,0.5147158853044721
test_00788,0.9999664046953175
test_00789,0.07989591768258976
test_00790,0.9979192513683482
test_00791,0.9994113021804912
test_00792,0.9997628440524686
test_00793,1.7292346919454684e-07
test_00794,0.9992381210948704
test_00795,0.0010543928920710665
test_00796,7.093430593196826e-08
test_00797,6.549836335234588e-05
test_00798,0.9931856516872518
test_00799,0.9876811486168695
test_00800,1.801610312263811e-05
test_00801,0.0003548325425891636
test_00802,4.918696104807107e-06
test_00803,0.00929277705861719
test_00804,0.703541498480507
test_00805,0.0038641345168318694
test_00806,0.9999834440910113
test_00807,0.9999870526692655
test_00808,0.00012299119569045492
test_00809,0.15911027564645286
test_00810,0.9879346420256262
test_00811,0.9999840239630315
test_00812,0.9967854925441406
test_00813,0.0021913197358732414
test_00814,0.9990115409826629
test_00815,0.08556264507564033
test_00816,4.499233136585549e-05
test_00817,9.910107835235787e-06
test_00818,1.69512852767635e-05
test_00819,0.9944969963803613
test_00820,0.0021049492630683085
test_00821,5.579937540997413e-06
test_00822,0.9068495639283887
test_00823,0.0002000376796169456
test_00824,9.042481870358729e-06
test_00825,0.9999663559378529
test_00826,0.8058246415856296
test_00827,0.998713668611779
test_00828,0.9997176064303088
test_00829,0.9999734757886548
test_00830,0.9999725523646847
test_00831,0.9992425751329348
test_00832,0.39777747786693307
test_00833,3.192520899684716e-05
test_00834,1.5778999345417546e-06
test_00835,0.0009500658177116497
test_00836,0.9132082422243621
test_00837,0.664047306617412
test_00838,1.0838126763203607e-05
test_00839,8.07647977460746e-08
test_00840,0.0008385733292004498
test_00841,0.27898605403764876
test_00842,0.9936099334653486
test_00843,0.9999864391350861
test_00844,3.4339596340619177e-05
test_00845,1.4342641939831202e-06
test_00846,0.9968654871164754
test_00847,0.04079286716948534
test_00848,5.04801545207672e-07
test_00849,0.012638264840523595
test_00850,0.20991048381902197
test_00851,0.9986228995960262
test_00852,0.9988228033764162
test_00853,0.7808967571532167
test_00854,0.9973716656170233
test_00855,0.016676662403172147
test_00856,0.9031512513866121
test_00857,0.003637271334208724
test_00858,0.029611242322040383
test_00859,0.9994187768057007
test_00860,0.017326177019195237
test_00861,0.9641923077697372
test_00862,0.02146243005907975
test_00863,0.9999941318499754
test_00864,0.00023055673412699653
test_00865,0.0010899871169836209
test_00866,0.1514097412840359
test_00867,0.014208695923260996
test_00868,0.9948951063626559
test_00869,0.13724968425538744
test_00870,0.011548403458252879
test_00871,4.155621894755991e-06
test_00872,0.0010601532974273827
test_00873,0.9991084674975376
test_00874,0.005896295893754023
test_00875,0.9093498879879451
test_00876,0.06788310155635573
test_00877,0.006981707532311914
test_00878,5.378180822384456e-06
test_00879,0.9999872037789294
test_00880,0.09426305847015902
test_00881,0.9999509446377416
test_00882,0.9756951997543003
test_00883,0.9995593034167507
test_00884,0.9993874907860378
test_00885,0.24120734393758841
test_00886,0.02277853159391787
test_00887,0.047054729987836726
test_00888,0.008067955056059893
test_00889,0.9996949841987547
test_00890,0.8322555423695218
test_00891,0.9999991879543353
test_00892,5.5346378835563005e-05
test_00893,0.9994236705285363
test_00894,0.9346860686562716
test_00895,0.9994451333702636
test_00896,0.8888388525263976
test_00897,0.5367054834774452
test_00898,0.9990428205843647
test_00899,7.05999861243481e-05
test_00900,4.8313534350199054e-05
test_00901,0.9828545029939818
test_00902,0.3859027003765154
test_00903,0.999999969369519
test_00904,0.9999999819556941
test_00905,0.003378831798638339
test_00906,0.18635672021161642
test_00907,0.5084421031961576
test_00908,0.0006261171625761624
test_00909,0.9998747532736727
test_00910,3.2457558395736276e-06
test_00911,0.05042049200279949
test_00912,0.684942873671409
test_00913,1.0761950382755417e-06
test_00914,0.0020605151657535764
test_00915,0.7723334835239374
test_00916,8.732257279355537e-05
test_00917,0.8549771253016065
test_00918,4.793731977807924e-05
test_00919,0.0004370723551722202
test_00920,1.00513845073029e-05
test_00921,4.50085361198909e-06
test_00922,0.9490274288713885
test_00923,4.3412593234299545e-07
test_00924,0.6498951112772922
test_00925,0.9999825429210796
test_00926,0.9832567614356267
test_00927,0.00021619125036021603
test_00928,0.9284570715737178
test_00929,0.2396465264976421
test_00930,5.587162100199475e-06
test_00931,0.9999829364177356
test_00932,0.0009171632604223635
test_00933,0.9962364752410241
test_00934,0.9999652158507383
test_00935,0.0007446220758808963
test_00936,0.9986549936343166
test_00937,0.9999995343790901
test_00938,0.00018502941307726612
test_00939,0.9999999549995473
test_00940,0.999033758180436
test_00941,0.9998952326073582
test_00942,0.999941927904303
test_00943,0.00014832864072036888
test_00944,4.782310637060001e-05
test_00945,0.9984731512497482
test_00946,0.9995565689771415
test_00947,0.012124623471723378
test_00948,0.00020368835266754452
test_00949,0.002081040801893616
test_00950,4.15474840525038e-05
test_00951,0.9244112874991799
test_00952,0.7945847522326843
test_00953,0.9994851104659009
test_00954,0.3519400591585636
test_00955,0.9999485771921117
test_00956,0.7343387877006705
test_00957,0.6552759903619391
test_00958,0.00011402456725177527
test_00959,0.9972734742376261
test_00960,0.0009839277271451539
test_00961,0.9988077761021654
test_00962,3.404181649241487e-05
test_00963,0.9992048554568319
test_00964,0.9999988030171213
test_00965,0.9998934938395927
test_00966,0.9964986999424689
test_00967,0.006535167059881201
test_00968,0.0006289132607064288
test_00969,0.9997357683171747
test_00970,0.989585488201387
test_00971,0.9997345747080997
test_00972,0.6401389612495684
test_00973,0.3457799773280702
test_00974,6.145239336252622e-05
test_00975,0.981533323610169
test_00976,0.9997476986734717
test_00977,0.9996307072650865
test_00978,1.8147597691019032e-06
test_00979,0.014627604110547272
test_00980,0.9970585658150826
test_00981,0.9497027782770072
test_00982,0.01565324737743428
test_00983,0.007049766661290028
test_00984,0.10437788648584687
test_00985,0.9987530369098209
test_00986,0.02191201020665632
test_00987,0.0068753801348832855
test_00988,0.058336592275471555
test_00989,0.9991708516250245
test_00990,0.00254754375950885
test_00991,0.9881357330126743
test_00992,2.269436095884259e-06
test_00993,1.7758906396447473e-06
test_00994,0.0003487123768404319
test_00995,0.07064043550885309
test_00996,0.9941017736775553
test_00997,0.9983137983044862
test_00998,1.1350549634735907e-06
test_00999,0.009676281298855467
test_01000,0.0006649162560319609
test_01001,0.9998833461369845
test_01002,0.06574870057516523
test_01003,0.6853619082560016
test_01004,0.03126277292045242
test_01005,1.1163808237428661e-05
test_01006,0.0033893939371000986
test_01007,0.0745174016330328
test_01008,0.9580567294796629
test_01009,0.9992878564321218
test_01010,0.9999837283761929
test_01011,0.9598264847214931
test_01012,0.019383030749010294
test_01013,9.919417959250307e-06
test_01014,2.297708201100864e-06
test_01015,0.9999138755839032
test_01016,0.9993384559851879
test_01017,0.0021723812329231544
test_01018,0.9999880967572579
test_01019,0.9995465315573128
test_01020,0.9958435866128841
test_01021,0.9999735514475412
test_01022,0.0007152871556194752
test_01023,0.9977515680276192
test_01024,9.622728570672653e-06
test_01025,0.013312595369092971
test_01026,0.9495332722270663
test_01027,1.152412119390863e-06
test_01028,0.0010319075124667191
test_01029,0.9998230564940158
test_01030,0.9999935124357022
test_01031,0.004344619373781908
test_01032,0.5468337214496855
test_01033,0.9999842596155557
test_01034,0.2877796352787666
test_01035,2.2406361250040216e-06
test_01036,0.9999608233162245
test_01037,0.4981290852262994
test_01038,0.9984386114840836
test_01039,0.999996821002617
test_01040,0.999966000800923
test_01041,0.9659350417426448
test_01042,0.9995214741877309
test_01043,0.873366416478027
test_01044,0.9999636557312505
test_01045,0.9874367892060885
test_01046,0.005047978641620364
test_01047,0.9999256953510833
test_01048,0.9987742330718915
test_01049,0.00015336917341160817
test_01050,3.538785742977358e-05
test_01051,0.9541125421211184
test_01052,0.9729865366994228
test_01053,0.0020693104259950756
test_01054,0.9630197432230349
test_01055,0.6916429923137205
test_01056,0.0003784577110813716
test_01057,0.009219563482171438
test_01058,0.9999286272333384
test_01059,0.6641491918730797
test_01060,0.9976775616737018
test_01061,0.9998807258974414
test_01062,0.240002900050742
test_01063,0.00011668688881190114
test_01064,0.0005107775159681488
test_01065,0.06856721701386685
test_01066,0.9772110487232426
test_01067,0.8435259989710922
test_01068,0.9994461277767243
test_01069,8.14134367845716e-06
test_01070,0.9999992184925678
test_01071,0.9999936930478109
test_01072,0.9938314412471262
test_01073,0.9998131774053121
test_01074,0.9979787321632198
test_01075,5.8697313967539735e-05
test_01076,9.675395258935957e-05
test_01077,0.981451217558901
test_01078,0.0011680437896519971
test_01079,0.03869509526007805
test_01080,0.9999889122845862
test_01081,0.9995131824682087
test_01082,0.9995607026808697
test_01083,0.9999735145571702
test_01084,0.06954339932413106
test_01085,0.9809948638918956
test_01086,0.9898059976552416
test_01087,0.018574010559143764
test_01088,0.033994199157178016
test_01089,0.9991538677299593
test_01090,0.999961915584088
test_01091,0.9999998234882163
test_01092,0.2991787777718652
test_01093,0.003838571346791576
test_01094,0.00014688824680001564
test_01095,0.9999993496065991
test_01096,0.000254553539549424
test_01097,0.9998853751132083
test_01098,0.9999946805137877
test_01099,0.8386861238545927
test_01100,7.549656461683845e-07
test_01101,0.04008214859588305
test_01102,0.9999996838566119
test_01103,0.04987234080284066
test_01104,0.2911365442566725
test_01105,0.9979309786643221
test_01106,0.06269991677284154
test_01107,0.9999206676181716
test_01108,0.998403227583063
test_01109,0.005431566257547059
test_01110,0.9999291106719782
test_01111,0.00013696131627529773
test_01112,0.16512172877896159
test_01113,0.9977773557346115
test_01114,3.192197166006301e-05
test_01115,0.0368422142787338
test_01116,0.9810811649872783
test_01117,0.6379241930379066
test_01118,0.0007676911933434746
test_01119,0.0014735909662116214
test_01120,0.015962556430073
test_01121,0.9997745307897375
test_01122,0.0034699136081316716
test_01123,0.9978338995247121
test_01124,0.0012725534326414173
test_01125,0.9637577977031622
test_01126,0.9999990181587898
test_01127,8.02092998817653e-06
test_01128,0.9816044062182747
test_01129,0.46446039893652713
test_01130,0.999960950534741
test_01131,0.9778338728242861
test_01132,0.0005424169809994479
test_01133,0.0007818876389554298
test_01134,0.0003042953810097144
test_01135,0.9957231549730645
test_01136,0.8226349322237763
test_01137,0.999181975467334
test_01138,0.9947215125082116
test_01139,2.390313991818668e-05
test_01140,0.025024219890324138
test_01141,0.999992045352222
test_01142,0.9997443969912222
test_01143,0.9977245396650998
test_01144,0.9999947948483211
test_01145,0.9786432191889154
test_01146,0.9965729060864854
test_01147,0.024014988768996978
test_01148,0.9844427901792023
test_01149,0.03637719474573113
test_01150,0.7793950400246097
test_01151,1.0648979973554623e-05
test_01152,0.00088159783334733
test_01153,0.9997378549984429
test_01154,0.9973396946451152
test_01155,0.2694007116095082
test_01156,4.259015374362357e-06
test_01157,0.0001243604545857411
test_01158,0.001008309457558575
test_01159,0.00038699105196688934
test_01160,2.318735688221333e-05
test_01161,3.2604489711713555e-07
test_01162,0.0012882253832495927
test_01163,0.9996408152997988
test_01164,6.90333687091452e-08
test_01165,1.6589741435658125e-05
test_01166,0.9999432855156882
test_01167,0.9175986020508441
test_01168,0.6120971476975462
test_01169,0.013672282811184138
test_01170,0.015821300905661792
test_01171,0.999952519093996
test_01172,0.9999984925328561
test_01173,0.009432274146447863
test_01174,0.18831697762080274
test_01175,2.0553948434497686e-07
test_01176,8.577686074086366e-06
test_01177,0.4849169084325612
test_01178,0.9015809982244855
test_01179,0.0002730784574201759
test_01180,7.295127921115186e-08
test_01181,4.079933029491165e-06
test_01182,0.968895172138762
test_01183,0.9999464387020324
test_01184,0.9999902472169802
test_01185,0.00022340982241082695
test_01186,0.00342245844649237
test_01187,0.006139228237717889
test_01188,2.441505880071316e-07
test_01189,9.106022448647398e-06
test_01190,7.590746281165636e-06
test_01191,0.01931120391661374
test_01192,0.9994196530433964
test_01193,0.00047488099271832086
test_01194,0.9995997446738357
test_01195,0.9972280387894537
test_01196,0.9726501731729515
test_01197,0.9734728485686571
test_01198,0.01043733917968003
test_01199,0.0002211815276722075
test_01200,0.4086770869557165
test_01201,0.002355144225209191
test_01202,0.9998277418656313
test_01203,0.9998776194533532
test_01204,0.0025122021310855476
test_01205,9.183208399129669e-06
test_01206,0.9984175995543076
test_01207,6.803911190588415e-05
test_01208,0.9988225755598866
test_01209,0.36073061082574276
test_01210,0.9999361746935923
test_01211,0.9998900807831
test_01212,0.0036487147255939052
test_01213,0.9791396908388859
test_01214,0.7589793625248722
test_01215,0.00020570156948102343
test_01216,0.9981097058860569
test_01217,0.00018708199732483507
test_01218,0.5784875763572906
test_01219,0.007468544477497655
test_01220,0.9999781626876848
test_01221,0.9999994226532805
test_01222,0.7968598060520725
test_01223,0.9993975090539381
test_01224,0.9996370033095004
test_01225,0.979774635160834
test_01226,0.0068671622302184454
test_01227,0.9923180395414921
test_01228,0.0026743756927664927
test_01229,0.9999575569864407
test_01230,0.9999420683861641
test_01231,0.9958492411502811
test_01232,0.00013594032943665835
test_01233,0.9999748875002938
test_01234,0.11010684596123077
test_01235,0.9999477091897594
test_01236,0.999583112837357
test_01237,0.000100547463399218
test_01238,0.00012461109570580532
test_01239,0.9995291049182679
test_01240,0.9999949954822935
test_01241,0.9998790718250748
test_01242,0.0005308872302859363
test_01243,0.0025412238649130613
test_01244,1.468336315358136e-07
test_01245,0.9999887287122592
test_01246,0.9967195619441064
test_01247,0.9987099687336557
test_01248,0.005173414758482577
test_01249,0.9964393315877227
test_01250,0.9533061272238511
test_01251,0.7441429866491036
test_01252,0.00786175099441787
test_01253,0.004521052338467937
test_01254,0.9997582165974471
test_01255,0.9993091516791165
test_01256,0.9994129279855491
test_01257,0.2490826708473703
test_01258,1.4717523379541925e-05
test_01259,0.0032569189184547803
test_01260,0.0008613011135823134
test_01261,0.9626382020473088
test_01262,0.6110128440112206
test_01263,0.9645758800213624
test_01264,0.004494270450234109
test_01265,0.9996003430544856
test_01266,0.0002624029934385228
test_01267,0.00010638560515411706
test_01268,0.0005582823196820293
test_01269,0.9904986364720876
test_01270,0.9913599167335767
test_01271,4.552253038534022e-06
test_01272,5.519231752305387e-05
test_01273,0.00010329368224198146
test_01274,2.5024901995969916e-05
test_01275,0.9999115530300187
test_01276,0.00012185651639989375
test_01277,0.016107143057430325
test_01278,0.4695147430112485
test_01279,0.0017808188085395413
test_01280,0.8783826440977031
test_01281,0.6540285778976638
test_01282,0.9999913618634775
test_01283,0.9976793465907421
test_01284,0.0008406862376312659
test_01285,0.1643523508785681
test_01286,0.999932056297717
test_01287,0.9999747730388182
test_01288,0.19541561927523765
test_01289,0.9980357465815745
test_01290,0.9999923601891733
test_01291,2.465270187395761e-06
test_01292,0.9949797421419617
test_01293,0.0005436859891106128
test_01294,0.9999196874507403
test_01295,0.9999057511336967
test_01296,0.21371804308726947
test_01297,0.9997034763988565
test_01298,0.0029166418425802367
test_01299,0.9999997586190955
test_01300,3.1576980391321197e-05
test_01301,0.9992266815502523
test_01302,0.99795096730846
test_01303,0.014992703662975972
test_01304,0.00018798696139206715
test_01305,0.001316246352497169
test_01306,0.004945244569601704
test_01307,0.9999999940276405
test_01308,0.9999999047520178
test_01309,0.00012022199315848965
test_01310,0.8647160257438111
test_01311,5.4144725667529744e-05
test_01312,0.9999841793832517
test_01313,0.9549646997422898
test_01314,0.9989896833184333
test_01315,0.0013938673172266302
test_01316,0.16555023044734807
test_01317,0.9998401488857759
test_01318,0.00020154918236204902
test_01319,0.00037391974174592326
test_01320,0.5356301003763971
test_01321,0.0003530645014778147
test_01322,0.9890799137458152
test_01323,0.9075539250565297
test_01324,4.165312002550704e-06
test_01325,0.9999243340300863
test_01326,3.449855312495921e-05
test_01327,0.9879517063670106
test_01328,0.9999342799742287
test_01329,0.9999990348866419
test_01330,0.9998952783319258
test_01331,4.85105199004516e-06
test_01332,0.9903550210004979
test_01333,0.9979586935999583
test_01334,0.10709875613609893
test_01335,0.9999531917956258
test_01336,0.4947955033514438
test_01337,0.9999796116694323
test_01338,0.9999965480266023
test_01339,0.9612919519882533
test_01340,6.29051781486877e-05
test_01341,0.9981670683203571
test_01342,0.9927639599024743
test_01343,0.8511279681118376
test_01344,0.9999025083181494
test_01345,0.9685919110011757
test_01346,0.002315822411140444
test_01347,0.99992630482825
test_01348,0.00010619067297805737
test_01349,0.021424254095151245
test_01350,0.2543171992888233
test_01351,0.999999710911193
test_01352,0.9999828525329383
test_01353,3.51943062226536e-06
test_01354,0.9985602100123943
test_01355,0.9461039399178435
test_01356,0.00039040486773986673
test_01357,0.0019351024465887239
test_01358,0.9999992534267435
test_01359,0.1314197173646905
test_01360,0.00024209042774693136
test_01361,0.9999493550455665
test_01362,7.942078994541683e-05
test_01363,0.9999996934958137
test_01364,0.9822004016172718
test_01365,0.07840543810134523
test_01366,0.030560533207468744
test_01367,0.9994279339540276
test_01368,0.035651828226692266
test_01369,0.00022406798546684958
test_01370,0.00025356699647309885
test_01371,1.6912041033209486e-06
test_01372,0.0011016425248640664
test_01373,0.9998747564281883
test_01374,0.9996463975013946
test_01375,1.0410455289303084e-07
test_01376,0.0020107729867228745
test_01377,1.4001286123800587e-05
test_01378,3.7680631268697053e-06
test_01379,1.1158067920917587e-06
test_01380,0.038676383903753636
test_01381,0.00028938431224986275
test_01382,0.9974780133499176
test_01383,0.9990105153070804
test_01384,0.9999972356574038
test_01385,0.9993319777529044
test_01386,0.0021649187871727433
test_01387,0.046830392355494355
test_01388,0.007063368353001833
test_01389,0.009128555547933556
test_01390,0.0017685691640024002
test_01391,0.018270659537373408
test_01392,0.9728738078329479
test_01393,0.9980715656524163
test_01394,3.3853564164787753e-07
test_01395,0.9999768466714462
test_01396,0.9999240987953989
test_01397,0.8752428984444619
test_01398,0.006817176456847605
test_01399,0.0004569718318971595
test_01400,0.020891715099019
test_01401,5.958864991833754e-05
test_01402,0.013103943763136167
test_01403,0.791243988017511
test_01404,0.8278967972991652
test_01405,0.9999258093039826
test_01406,0.0005202721572424491
test_01407,0.9938825323644553
test_01408,0.9999775197093148
test_01409,0.9975147707963531
test_01410,0.9998350481729327
test_01411,0.0007286983352694238
test_01412,0.0010886705613123765
test_01413,0.0005715411986457399
test_01414,0.002342139067221822
test_01415,0.967991333276798
test_01416,0.9999934117972348
test_01417,0.001490785055578834
test_01418,0.992810185730196
test_01419,0.02119010025999889
test_01420,3.72997137452259e-06
test_01421,0.002900996533221789
test_01422,0.002814788401552959
test_01423,0.7582903574498497
test_01424,0.9999966860182299
test_01425,0.999995339821424
test_01426,0.9975456658813534
test_01427,8.41346353680028e-05
test_01428,0.9995807899229774
test_01429,0.9690772015709022
test_01430,0.06812991064771819
test_01431,0.00044765492432271014
test_01432,0.9999670287263925
test_01433,0.9992257188260878
test_01434,0.996974542337841
test_01435,0.03314920518707383
test_01436,0.0023293684220568925
test_01437,0.0387721309421557
test_01438,0.020935383187797755
test_01439,0.9995095741473714
test_01440,0.9989034560291411
test_01441,0.00797218672258415
test_01442,0.9858910094414371
test_01443,0.002904131939194385
test_01444,0.053763537876608175
test_01445,0.9910734437434322
test_01446,0.0006362545345660286
test_01447,0.9784583000222609
test_01448,0.9997615105987583
test_01449,0.936762051514514
test_01450,0.9999959634183779
test_01451,0.03379748510252626
test_01452,0.9999977155472153
test_01453,0.9996908375383627
test_01454,0.9999796985932289
test_01455,0.9921704365744582
test_01456,0.9996550343069978
test_01457,0.9997735716335616
test_01458,0.9999644285016271
test_01459,0.9998426521241403
test_01460,1.5933056108189072e-08
test_01461,2.005860489018022e-06
test_01462,0.00012765446131469258
test_01463,0.9993899950301078
test_01464,2.562543584702352e-05
test_01465,0.9846504968592531
test_01466,0.6681316898587043
test_01467,0.9999801589776514
test_01468,0.970552406700937
test_01469,2.9142937430603994e-05
test_01470,0.0019111325292644188
test_01471,0.9176401627363571
test_01472,0.9933639211732296
test_01473,0.0012523764847846856
test_01474,0.898848020994883
test_01475,0.000189891065593663
test_01476,0.000522366985185636
test_01477,0.9894325813753059
test_01478,0.00025758737453971395
test_01479,0.9644171019991534
test_01480,0.9999783787536737
test_01481,0.9969486560001742
test_01482,0.00020662954557587395
test_01483,0.9985270096103743
test_01484,2.216434430441201e-06
test_01485,0.9878299559049926
test_01486,0.999848615159028
test_01487,0.06198014350280472
test_01488,0.9999949573831521
test_01489,0.040770997767511204
test_01490,0.38548307148394945
test_01491,4.409286490195353e-06
test_01492,0.0004664169315484101
test_01493,0.0015201809879985136
test_01494,2.1760645660543387e-06
test_01495,0.0014200198179636673
test_01496,0.9978606113865448
test_01497,0.8165897209326733
test_01498,0.9978429384283634
test_01499,0.004080763104819438
test_01500,0.010564138122505989
test_01501,0.4398650823529609
test_01502,0.24850688002820784
test_01503,0.9623966948157106
test_01504,0.9998887237544021
test_01505,0.00044990180304049467
test_01506,0.9941113586326231
test_01507,0.9765203803162676
test_01508,0.9997560387481773
test_01509,0.9999748319857573
test_01510,0.8641423550183143
test_01511,0.9999579430609741
test_01512,0.9999805541310317
test_01513,0.9989686365418824
test_01514,0.003228454147749269
test_01515,0.9760547037915599
test_01516,0.1837847035683038
test_01517,0.02856648785789778
test_01518,0.9997098936578529
test_01519,0.9595949152934458
test_01520,0.9979235325526614
test_01521,0.9973371483143612
test_01522,0.9814100187685968
test_01523,0.5262009230219706
test_01524,0.9997760843117235
test_01525,0.9985873769239039
test_01526,7.634890146735315e-10
test_01527,0.9985594050860712
test_01528,0.997961366622578
test_01529,1.8457674683110436e-07
test_01530,0.9999422724197751
test_01531,0.08432024681662374
test_01532,0.999724887461606
test_01533,0.9901417977662107
test_01534,8.594697071162524e-05
test_01535,0.002191683405692651
test_01536,0.00011663222427980934
test_01537,0.9999988698605369
test_01538,0.0005803724035173867
test_01539,0.9996107933976548
test_01540,0.29886294636179905
test_01541,0.5987380474497052
test_01542,0.7966550109256584
test_01543,0.9999844399895497
test_01544,6.25131822066234e-05
test_01545,0.9982028516879089
test_01546,0.9997953537550877
test_01547,0.9832503309162306
test_01548,0.005470563279780584
test_01549,0.1875469712596094
test_01550,0.9993972252709489
test_01551,0.0002563102703277494
test_01552,0.995182956939704
test_01553,0.9990263248811972
test_01554,4.108856187760645e-05
test_01555,0.7539765129069612
test_01556,0.9997628644661415
test_01557,0.9999969843210085
test_01558,0.9999911647474672
test_01559,0.0016942102984828793
test_01560,0.9913089223315107
test_01561,0.0001711933516135125
test_01562,0.001977077237077939
test_01563,0.9990611413530595
test_01564,7.875459653300709e-07
test_01565,0.9181633398424991
test_01566,0.9977476790792711
test_01567,0.0032150498079133393
test_01568,6.682775182351247e-05
test_01569,0.004232473796438825
test_01570,4.163205668408534e-06
test_01571,0.998939341196673
test_01572,0.9965331208191317
test_01573,0.9687148063961692
test_01574,0.005351183692822504
test_01575,0.00038805458022928203
test_01576,0.999977859740719
test_01577,0.00035719622258961243
test_01578,0.9995887659685442
test_01579,0.9877677594829558
test_01580,0.31626451633392183
test_01581,0.9999888847989348
test_01582,3.2003512682740644e-06
test_01583,6.699025251533888e-06
test_01584,0.9495107418173365
test_01585,0.004103341749780884
test_01586,0.9999434567325102
test_01587,0.9970480880139397
test_01588,0.0005447800984533146
test_01589,0.3485731414202157
test_01590,0.9984251586151334
test_01591,0.9989735403523485
test_01592,0.003302217885065635
test_01593,0.0019490392417984732
test_01594,0.9938735869222577
test_01595,0.9999926137056561
test_01596,1.7503180835925896e-05
test_01597,0.10374147973320808
test_01598,8.692338904909858e-05
test_01599,0.9920355746120273
test_01600,0.0002725332854192755
test_01601,0.9815618524025074
test_01602,0.0388618909149432
test_01603,0.9999914329985964
test_01604,0.9992840615394879
test_01605,0.03846759960325377
test_01606,0.0003558878730555445
test_01607,0.9999795359229791
test_01608,0.9900193201441534
test_01609,0.9962355950900724
test_01610,0.9992660087584261
test_01611,0.00014504302673421342
test_01612,0.9994891446149002
test_01613,0.05070806807819908
test_01614,0.004753852354627855
test_01615,0.9883754624814579
test_01616,4.972479691422165e-05
test_01617,0.8194621037513647
test_01618,0.9998303169499482
test_01619,7.979069804218042e-05
test_01620,1.2475021709127699e-05
test_01621,0.1542999032254719
test_01622,0.9999625042757224
test_01623,0.9866986870129559
test_01624,0.25062221407403157
test_01625,0.9801500952280987
test_01626,0.9995888205076764
test_01627,0.9978519117976951
test_01628,0.00030541051039713346
test_01629,0.9918502097742474
test_01630,0.9894157946474679
test_01631,0.9999942794527107
test_01632,4.5302300948938374e-07
test_01633,0.9987199061142665
test_01634,3.277976762093517e-05
test_01635,0.998760102580769
test_01636,0.9970106042807716
test_01637,0.0012844502137854474
test_01638,0.8980074486999868
test_01639,0.5828419398235759
test_01640,0.00011694125285505587
test_01641,0.006813183165701209
test_01642,0.2267044935157591
test_01643,0.8129208339242722
test_01644,0.9977536649224289
test_01645,0.9863972480158582
test_01646,0.09929682227523091
test_01647,0.9993595351198982
test_01648,0.9999866462181822
test_01649,0.0033900893230537645
test_01650,0.102595095662161
test_01651,0.0013413351773262194
test_01652,0.9997404039013371
test_01653,0.000599388249152004
test_01654,0.9578317257389087
test_01655,0.9999898381900092
test_01656,0.9875418509444174
test_01657,7.4563227918469324e-06
test_01658,0.06839695469421771
test_01659,0.000904199274586143
test_01660,0.9999910598429402
test_01661,0.0014493601056140045
test_01662,0.9949889667692384
test_01663,0.0021254320842236034
test_01664,1.167167959013405e-05
test_01665,0.9996809967528294
test_01666,1.9090965219872082e-05
test_01667,2.43055207239668e-06
test_01668,0.9875006815652413
test_01669,0.0005876439486204537
test_01670,0.9859145097381631
test_01671,0.9856162360043561
test_01672,0.9999505366838836
test_01673,0.033927376277014226
test_01674,0.01929500093707246
test_01675,0.00044537701839590714
test_01676,0.9999972548171351
test_01677,0.9054181391102909
test_01678,0.9483062606108804
test_01679,0.9986944532364685
test_01680,2.498514376439726e-05
test_01681,0.9995793475988254
test_01682,0.9998929653243711
test_01683,0.07148481553043619
test_01684,0.9993838804483597
test_01685,0.9996358558611925
test_01686,0.9996697778151824
test_01687,0.9179420334379345
test_01688,0.0007473627896236512
test_01689,9.88175767824042e-05
test_01690,0.9999998929785431
test_01691,0.004204125819908318
test_01692,0.00029140896672497107
test_01693,0.02883643176089474
test_01694,5.720181125046334e-07
test_01695,0.22049336201571335
test_01696,0.8255335401107173
test_01697,0.9943217804385637
test_01698,0.9998805468774999
test_01699,0.01206688940934848
test_01700,0.9995386609518948
test_01701,0.0024317885956766194
test_01702,1.6158525854356814e-05
test_01703,0.9999496019985608
test_01704,2.819479647311369e-06
test_01705,0.21331456714459113
test_01706,0.9835478838472109
test_01707,0.9484469836127125
test_01708,0.9996756483385014
test_01709,0.9755552799678879
test_01710,0.9925081097294918
test_01711,6.450779548729817e-05
test_01712,0.11971450926588828
test_01713,6.551139546003157e-05
test_01714,0.00465719129557385
test_01715,0.9980952809894849
test_01716,0.9988829278934832
test_01717,0.9999981852220822
test_01718,0.00012320624468538282
test_01719,1.059693676839941e-05
test_01720,0.9992165056167082
test_01721,2.600234191616601e-05
test_01722,0.9990597925402076
test_01723,0.002080309770484739
test_01724,5.509555553248065e-06
test_01725,0.004121777904018556
test_01726,3.435664124407429e-05
test_01727,0.9998371526242797
test_01728,0.0621264374619369
test_01729,0.999236908209085
test_01730,0.02041294429362393
test_01731,0.04366172170071852
test_01732,0.004756702341880625
test_01733,0.9994475678927641
test_01734,0.9989309962156034
test_01735,0.999992114470936
test_01736,0.9996707612393155
test_01737,0.9999918643770301
test_01738,0.9934649641607229
test_01739,0.8152877545730686
test_01740,0.4490941447567691
test_01741,1.3813819254247184e-06
test_01742,9.892872743823848e-05
test_01743,0.9995330280629111
test_01744,0.9953220260658686
test_01745,0.00024874282863500977
test_01746,0.010824936000881972
test_01747,0.999906091218685
test_01748,0.0232299281673374
test_01749,0.8385299382957024
test_01750,0.9999685920273407
test_01751,0.19755112690077842
test_01752,0.06377309666182161
test_01753,0.7451216704761323
test_01754,0.0050094622061739105
test_01755,0.767393491772741
test_01756,0.9958945512200852
test_01757,0.9925327926898575
test_01758,0.0053372973559831826
test_01759,0.014936604194533019
test_01760,0.9999087155625951
test_01761,0.030932815668908136
test_01762,0.007976829132041592
test_01763,2.2335626350738086e-05
test_01764,0.9997126351150349
test_01765,0.9999635634437237
test_01766,3.075266257735147e-05
test_01767,4.1335742828505246e-05
test_01768,0.003995674836028044
test_01769,0.9412411218363731
test_01770,0.9968847746459052
test_01771,0.0002398275975233345
test_01772,0.14262012341510058
test_01773,0.9993351397093204
test_01774,0.9997886232987859
test_01775,0.9961434148623103
test_01776,0.9997303542655894
test_01777,0.9707721954878772
test_01778,0.9999992076218552
test_01779,0.1282096702762864
test_01780,0.0016932233363341834
test_01781,0.9999315655073516
test_01782,5.488499366629478e-06
test_01783,0.9998206509625907
test_01784,0.8673415539506862
test_01785,0.9822880818470114
test_01786,0.8848721247516921
test_01787,0.4505845831595617
test_01788,0.9999842930741446
test_01789,0.4690062587047246
test_01790,2.7001846088672454e-07
test_01791,0.7695685776391589
test_01792,0.36609699752386515
test_01793,0.004198975915980898
test_01794,0.947208776567117
test_01795,9.812725576248186e-06
test_01796,8.109385233927784e-05
test_01797,0.04468293580797597
test_01798,0.8738112233525054
test_01799,0.7114812638838433
test_01800,0.9212637637125356
test_01801,0.9999749774618476
test_01802,0.01841986263732233
test_01803,0.9999858855154538
test_01804,0.9994523215583621
test_01805,0.00010049286589312727
test_01806,0.3789810596136764
test_01807,0.9995566413023956
test_01808,0.9999999875911786
test_01809,0.9999779306547182
test_01810,0.9910768963313441
test_01811,0.9987383009009762
test_01812,0.9999854877244801
test_01813,0.028029169182637592
test_01814,9.936430131231879e-06
test_01815,0.9995825521690546
test_01816,0.7932788956415354
test_01817,0.0002545375470506373
test_01818,0.9980839105170167
test_01819,0.9870093811843295
test_01820,0.0018375325595742773
test_01821,0.9999345812344436
test_01822,0.6028953840637233
test_01823,6.725460498786662e-06
test_01824,0.9997931630113867
test_01825,0.00907426495407382
test_01826,0.9925643242759129
test_01827,5.009439697072181e-07
test_01828,0.999994044530905
test_01829,0.0010018661614377012
test_01830,0.9999798869316455
test_01831,6.270658534691874e-06
test_01832,0.0005921998078611302
test_01833,4.0964319483994905e-07
test_01834,0.3182993676899895
test_01835,0.5788598759846612
test_01836,0.0008890363763554733
test_01837,0.9999993478043684
test_01838,0.00015365473969896978
test_01839,0.9999855280816853
test_01840,3.569210871003875e-05
test_01841,0.9975889731471703
test_01842,0.1889116983505459
test_01843,6.0573664935883e-06
test_01844,0.9959998350703518
test_01845,0.2038924082092581
test_01846,0.9999351631524224
test_01847,0.9999606564548663
test_01848,2.7870165598925688e-05
test_01849,0.9971854413358863
test_01850,0.9997957168670321
test_01851,0.9983148725149996
test_01852,4.134607583408934e-05
test_01853,0.00041926820036037503
test_01854,0.0012144802792236706
test_01855,0.005748727730507852
test_01856,0.999497873459237
test_01857,1.594527576153402e-07
test_01858,0.9999071336765559
test_01859,0.9803473120022745
test_01860,0.9998122647519853
test_01861,0.0008165797228900191
test_01862,0.2024019888197343
test_01863,0.8016923674051385
test_01864,3.2643761454387814e-07
test_01865,0.9989515914126664
test_01866,0.0038965684668111227
test_01867,0.00034590501970882596
test_01868,0.0012056205998030043
test_01869,0.9995106715036702
test_01870,6.605681676544615e-05
test_01871,0.9998440070634954
test_01872,0.002724818119878863
test_01873,0.9144094003197935
test_01874,0.19980643529025136
test_01875,7.270834713811872e-05
test_01876,0.994341917091229
test_01877,0.9996447602181855
test_01878,0.011465172937561658
test_01879,0.9993468502332025
test_01880,0.9998535584289384
test_01881,0.9801289544316422
test_01882,5.931323303759062e-06
test_01883,0.2445862497540048
test_01884,2.5867407791796395e-06
test_01885,0.004569153891389648
test_01886,0.001182627401182569
test_01887,0.9104431307270687
test_01888,0.005097982285608837
test_01889,0.028602157002031527
test_01890,0.999684880930451
test_01891,0.030392130888618207
test_01892,0.00017801931855174712
test_01893,0.9984610679060084
test_01894,0.08117192163240951
test_01895,3.9685589669050374e-05
test_01896,0.9934191251281927
test_01897,0.1945758170637956
test_01898,0.9872301468863603
test_01899,0.16644620858365072
test_01900,0.9893417475997477
test_01901,0.0043655666366064425
test_01902,0.9999975373501753
test_01903,3.470999388954936e-06
test_01904,8.76723398398158e-06
test_01905,0.9999907103503004
test_01906,0.0006034400660396464
test_01907,0.9999324417919787
test_01908,0.9879450901966577
test_01909,0.0017436664282675278
test_01910,1.2801205469422986e-06
test_01911,6.102154751136072e-06
test_01912,0.9996513678144182
test_01913,0.002292654412216694
test_01914,0.9997629166660984
test_01915,0.22461298959686193
test_01916,0.9999960111006
test_01917,0.9999908878887944
test_01918,0.9998565862935304
test_01919,0.17994190479877553
test_01920,0.9999833431877574
test_01921,0.0001751507437416822
test_01922,0.9995524319589544
test_01923,0.6236368031706865
test_01924,0.14331928078145434
test_01925,0.9984197029045482
test_01926,0.0013905084566483272
test_01927,0.996022716738817
test_01928,0.9597688232773334
test_01929,0.9999557845781183
test_01930,0.9998865073239936
test_01931,2.3135147756936902e-05
test_01932,0.9999997215272347
test_01933,0.42104297228723536
test_01934,0.56035800035882
test_01935,0.0005438537536874312
test_01936,0.0005546198609533986
test_01937,0.9992899593015898
test_01938,0.12375656611315487
test_01939,0.9999848066727559
test_01940,4.934233303251936e-09
test_01941,0.9956642679354897
test_01942,0.9966041963584157
test_01943,0.0003798167261605639
test_01944,0.9974682935905911
test_01945,3.961431333514391e-05
test_01946,0.6542339706064362
test_01947,0.0019043735540217553
test_01948,0.020307445453537798
test_01949,0.00147568932756643
test_01950,0.9687871750537361
test_01951,0.0018636825239625962
test_01952,0.9999571879492765
test_01953,8.799344970615975e-06
test_01954,0.9997800725092223
test_01955,0.07091884720845666
test_01956,0.9999874759540288
test_01957,0.9991914397583802
test_01958,0.11091754489923535
test_01959,0.0013308988264745642
test_01960,0.9999633067254283
test_01961,0.9920883864504795
test_01962,1.1245224591013581e-07
test_01963,0.009733672252635573
test_01964,2.9672211760251304e-07
test_01965,0.9502422562084082
test_01966,1.9208355098791864e-09
test_01967,0.0006712754455599714
test_01968,0.9913072745891567
test_01969,1.1180196238306547e-05
test_01970,0.003838154260093312
test_01971,0.993208094695854
test_01972,0.9998532191430985
test_01973,7.033031350907327e-05
test_01974,0.36597710494474794
test_01975,0.9944540087067676
test_01976,0.9999146201141836
test_01977,0.0006844146437892897
test_01978,0.99995531749117
test_01979,6.928227009950745e-05
test_01980,0.0026274055690382585
test_01981,0.002859408979558637
test_01982,5.094407115704211e-05
test_01983,0.1399524427908325
test_01984,0.8598047800011356
test_01985,0.9999994665157242
test_01986,0.9535549670363067
test_01987,4.990613521366624e-05
test_01988,0.0006296729191726714
test_01989,0.799922329383973
test_01990,0.0011974214880349277
test_01991,0.9999980497454365
test_01992,0.09350342215490894
test_01993,0.997700693200574
test_01994,0.07941045074944823
test_01995,0.9999689843437153
test_01996,0.996877896965863
test_01997,0.9964507436979526
test_01998,0.00026715522089768126
test_01999,0.00986604312042598
test_02000,0.9999358969926706
test_02001,0.0036247794686113206
test_02002,0.00022303777116634588
test_02003,0.9968117046275556
test_02004,7.233749238320314e-06
test_02005,0.9955091678187701
test_02006,0.0033026912660044884
test_02007,0.07828818239327721
test_02008,0.5400460116477825
test_02009,0.9944331491174709
test_02010,0.9998003929085458
test_02011,0.9999988954265253
test_02012,0.9520654653207891
test_02013,0.9999728777233722
test_02014,9.463701151230819e-05
test_02015,0.00028529698340899707
test_02016,0.9978986234280005
test_02017,0.02306512195771826
test_02018,0.9948029839230293
test_02019,0.9880469401064915
test_02020,0.8998203341327449
test_02021,0.9951303792968307
test_02022,0.004733629830499246
test_02023,0.0017827372756233362
test_02024,6.164024295626371e-05
test_02025,0.9999577395660648
test_02026,0.9998659803349117
test_02027,0.050811487751042404
test_02028,0.9999988585746461
test_02029,0.9577057004597809
test_02030,0.9936095043742125
test_02031,0.9787565408107604
test_02032,0.00011130110434963555
test_02033,6.422763301461601e-08
test_02034,0.0018758318489946178
test_02035,0.9929599904820027
test_02036,0.002450759427044051
test_02037,0.00034462416443839815
test_02038,0.9933085706881106
test_02039,0.9990875121851484
test_02040,0.9767262557229812
test_02041,0.9999797769215916
test_02042,0.00478823324089813
test_02043,0.09113721545301058
test_02044,0.002291059554992435
test_02045,0.9736491648733531
test_02046,1.2781980108118837e-06
test_02047,0.0012141502086101994
test_02048,0.9998519425870183
test_02049,0.0023560933343941995
test_02050,0.9974600287781504
test_02051,0.9999988356652753
test_02052,0.0013945061588922852
test_02053,0.9996395791631352
test_02054,0.8615136348738136
test_02055,0.9998850100971306
test_02056,0.9999951170363502
test_02057,0.9999960600073015
test_02058,0.6905878156861109
test_02059,0.9999765977452897
test_02060,0.9999896784919061
test_02061,0.9984839286774755
test_02062,2.5748087215882497e-05
test_02063,4.84490987359005e-08
test_02064,0.9979657683022038
test_02065,0.9998190040421971
test_02066,0.9999965563884801
test_02067,0.0005109383104175294
test_02068,0.010996534426841455
test_02069,0.9623677053667503
test_02070,6.772905048764818e-05
test_02071,0.00044264308989683514
test_02072,0.9999786981518524
test_02073,0.004210530293836443
test_02074,0.9999445656352736
test_02075,0.9687906471996787
test_02076,0.4008875249216001
test_02077,0.014766588271981854
test_02078,0.9999969419893677
test_02079,0.005170348748686419
test_02080,0.9999999401721087
test_02081,8.34034233453548e-06
test_02082,0.9695215775662533
test_02083,5.9549247814398175e-05
test_02084,0.010785456865856623
test_02085,0.08480131051026434
test_02086,0.012860143849957551
test_02087,1.6776573993194678e-07
test_02088,0.0045447937698587446
test_02089,4.885694634833966e-05
test_02090,0.06950424806624565
test_02091,0.42911333572209226
test_02092,0.016503067628787366
test_02093,4.227579029693122e-06
test_02094,0.999996620874754
test_02095,0.00012491258586674403
test_02096,0.0032222139323171786
test_02097,6.501510317903406e-05
test_02098,0.9793832553476394
test_02099,0.9999914524756034
test_02100,0.9999923825390645
test_02101,0.9789522177325561
test_02102,0.9938239256440793
test_02103,0.00028949346136886416
test_02104,0.003949504863803477
test_02105,0.995804137862967
test_02106,0.9999994785519198
test_02107,9.273469714382264e-08
test_02108,8.127408560076536e-07
test_02109,0.00021470039091571304
test_02110,0.9995746251679652
test_02111,1.4243029524927847e-05
test_02112,0.7546666894905664
test_02113,0.9999869177566421
test_02114,0.9999907936172124
test_02115,0.2433337347361774
test_02116,0.9595710731580337
test_02117,0.0007160777689119849
test_02118,0.007259901810139141
test_02119,0.9998414273925007
test_02120,0.00020507420978208016
test_02121,0.8609430305755682
test_02122,3.87127990801236e-05
test_02123,0.0014281895977186368
test_02124,0.012163149900539731
test_02125,0.992202840248463
test_02126,0.011788960331589117
test_02127,2.4703302867502193e-05
test_02128,0.0012908637040493125
test_02129,0.8693741753735654
test_02130,0.9999957436902595
test_02131,0.9902765553556622
test_02132,0.9990817355036575
test_02133,0.9994444992722122
test_02134,2.0399676381821645e-07
test_02135,0.9997948674413542
test_02136,0.728165059189348
test_02137,0.30521414068735453
test_02138,0.8757104089662529
test_02139,0.999360878199963
test_02140,0.0008261807297068995
test_02141,0.9999991867720207
test_02142,0.9999830804055291
test_02143,0.00042879897535536433
test_02144,0.8364917869499147
test_02145,0.023105424797151428
test_02146,0.0006367354101710219
test_02147,0.487838563862761
test_02148,0.9981545591308079
test_02149,1.0946003296319633e-05
test_02150,0.9999976190649068
test_02151,0.0007174501500795378
test_02152,0.0002199998807190406
test_02153,0.99998618332711
test_02154,0.9999490882794378
test_02155,0.9999951177907733
test_02156,0.6519603685153305
test_02157,0.0003871658755709545
test_02158,0.0037768178607986884
test_02159,0.9993464015647826
test_02160,0.9975118576211
test_02161,0.9590362698874746
test_02162,0.9999428541480128
test_02163,1.5288422509658346e-05
test_02164,6.263446609035213e-07
test_02165,0.07152957540202957
test_02166,0.0007482722010114975
test_02167,0.7467801691917436
test_02168,0.007399488825290628
test_02169,2.644521367144634e-05
test_02170,0.9958752290576066
test_02171,0.00039341903165401106
test_02172,0.9951465497706822
test_02173,9.229444325133244e-05
test_02174,0.33644815743820533
test_02175,0.8978021420020731
test_02176,0.0009641218681059247
test_02177,0.9959982649184039
test_02178,0.039106045172062766
test_02179,0.9249640412471842
test_02180,0.9999979935298746
test_02181,0.9999535191327776
test_02182,0.000496490126781245
test_02183,0.0021352102754826205
test_02184,0.008106717972463325
test_02185,0.9999965928355069
test_02186,3.406324613444235e-06
test_02187,0.9995424665971601
test_02188,0.06610414977364806
test_02189,0.9998892516918712
test_02190,0.9999997318971415
test_02191,0.999992353409578
test_02192,0.005242642420444899
test_02193,0.0005960880706242665
test_02194,0.9998632263857878
test_02195,0.999090089366681
test_02196,0.00012143803168055447
test_02197,0.999945756289331
test_02198,0.000534235071408322
test_02199,0.198481451344725
test_02200,0.07886960663113675
test_02201,0.11463195805031746
test_02202,0.00015064654570494737
test_02203,0.0006132428111553539
test_02204,0.009864921056656852
test_02205,0.0021031202568809137
test_02206,0.9999754084146717
test_02207,0.0010775892305219903
test_02208,0.9898864586417048
test_02209,0.9183726453288874
test_02210,0.0010415354545462666
test_02211,0.9351747191479068
test_02212,0.0012077620191134166
test_02213,0.9999999417397113
test_02214,0.9984661272969497
test_02215,0.0022806129777405027
test_02216,0.0009126478020528087
test_02217,2.927644566715894e-06
test_02218,0.9977216042883653
test_02219,0.019331700586690797
test_02220,3.055229275869951e-05
test_02221,0.010136744682756937
test_02222,0.9993850833077632
test_02223,0.14389141471195677
test_02224,0.9984693781357752
test_02225,0.0004252104696363754
test_02226,0.044487710176718966
test_02227,0.090073591386122
test_02228,0.9999996854488723
test_02229,0.9998478340387954
test_02230,0.8640067005091141
test_02231,0.07089268776900766
test_02232,0.9897262400913484
test_02233,0.9999980718219141
test_02234,6.123215442849924e-07
test_02235,0.9813306937189078
test_02236,0.20508132537173898
test_02237,0.9996102682569415
test_02238,0.0007390355075669948
test_02239,0.9992912420618391
test_02240,0.9997621096711694
test_02241,0.9996567206550202
test_02242,0.0002098276969119963
test_02243,1.5668456734368265e-05
test_02244,0.9994748350467081
test_02245,0.0023516357346780757
test_02246,0.9999979651712548
test_02247,0.9990582005330254
test_02248,0.9870877908823489
test_02249,0.9971384890948388
test_02250,0.9993687466154173
test_02251,0.018213061550439547
test_02252,0.9998106738507354
test_02253,0.9999407152158838
test_02254,6.214470737234454e-05
test_02255,0.9665408597902325
test_02256,0.005272264461905015
test_02257,0.998534751507352
test_02258,0.0018366018722265833
test_02259,0.992658517261574
test_02260,0.5340106648449229
test_02261,2.4100503147777585e-05
test_02262,0.001290544921814071
test_02263,0.9896848619642131
test_02264,0.35056606835249987
test_02265,0.9999689671874551
test_02266,0.9989954663710899
test_02267,0.00019712583313328096
test_02268,0.010179774639297387
test_02269,0.9999564707517435
test_02270,0.9999996882389118
test_02271,0.2012578044916315
test_02272,1.82187104508423e-05
test_02273,0.07062881175805448
test_02274,0.9947212083236894
test_02275,0.999966894838348
test_02276,0.9994613059308718
test_02277,0.9999905265705274
test_02278,0.9997754747894445
test_02279,0.9996279736676975
test_02280,8.860589222413946e-06
test_02281,0.9673535360810207
test_02282,0.003130822715096649
test_02283,0.5266656023439119
test_02284,2.530064780317682e-05
test_02285,0.9899871999252692
test_02286,1.9316926128435414e-06
test_02287,1.0687049059267078e-06
test_02288,0.00012492717669524298
test_02289,3.140110128677252e-07
test_02290,0.8221318590785406
test_02291,0.002384996451716524
test_02292,0.002544369162417543
test_02293,0.0013980327169317685
test_02294,0.9999108412270291
test_02295,0.8674316034089339
test_02296,0.9999949478887736
test_02297,0.9999810316145975
test_02298,0.9996158361152063
test_02299,0.9997722626084784
test_02300,1.5926105589548664e-05
test_02301,0.6610420100743244
test_02302,0.9817943603261734
test_02303,0.9991656529999511
test_02304,4.6386007715621605e-07
test_02305,0.999999942862131
test_02306,0.9999948664726787
test_02307,0.1517074613733423
test_02308,9.414975012983856e-05
test_02309,2.03502364492217e-05
test_02310,0.9997388393233788
test_02311,0.9985890964595563
test_02312,0.04740425254058251
test_02313,0.9943221556793442
test_02314,0.0017659480363615442
test_02315,0.9972830472735897
test_02316,0.9932689585010598
test_02317,0.0005092321144607809
test_02318,0.999890913907869
test_02319,0.9999999789761806
test_02320,0.319372232213657
test_02321,0.9945375731993271
test_02322,0.9998521986532048
test_02323,2.4980053955823507e-05
test_02324,0.999246217138495
test_02325,0.9751681449640532
test_02326,0.0016875097630812863
test_02327,0.46434342684169166
test_02328,0.01990675021489431
test_02329,1.295521705396335e-05
test_02330,0.00012010919085768884
test_02331,6.7235111799937374e-06
test_02332,0.0001125860548047061
test_02333,0.014106122248052222
test_02334,0.47143717837956056
test_02335,0.9967729279037139
test_02336,0.9999875628501654
test_02337,0.001910829232034977
test_02338,0.7205513033531303
test_02339,0.9956976096374779
test_02340,0.9999591971271118
test_02341,0.6874786755466855
test_02342,0.0005955480381526944
test_02343,0.9998898242015302
test_02344,2.2244139121134502e-06
test_02345,0.002256965126079338
test_02346,0.9998291642875484
test_02347,0.9997019179790594
test_02348,0.8616289974933373
test_02349,0.9998108861177195
test_02350,6.723515412324225e-05
test_02351,2.42976554620597e-07
test_02352,2.740977431298357e-06
test_02353,0.02039229855926274
test_02354,0.9999053572476831
test_02355,0.9995587171020283
test_02356,0.9916703274659991
test_02357,0.00039374527271517394
test_02358,0.004520421383465965
test_02359,0.9999422430422652
test_02360,0.4744310236663393
test_02361,0.9657619733469699
test_02362,0.9988334270183539
test_02363,0.9980279117343454
test_02364,0.9998537336983848
test_02365,0.9998291343867713
test_02366,2.3241488526766613e-05
test_02367,0.9991721452944725
test_02368,3.053358590218862e-05
test_02369,0.00010762595036657793
test_02370,0.9994914168602268
test_02371,0.9994407216581798
test_02372,1.6602193698816117e-07
test_02373,0.0008715633320616305
test_02374,0.9994123430319525
test_02375,0.9990502899767203
test_02376,0.938276854783113
test_02377,0.21918911589041015
test_02378,0.9812963567438762
test_02379,5.5477477530970195e-05
test_02380,0.995834081659035
test_02381,0.9997995037631364
test_02382,0.9996926614744001
test_02383,0.014665317527408595
test_02384,2.8252510461428398e-06
test_02385,0.5694619916388189
test_02386,2.1009331123340418e-06
test_02387,0.999974183677796
test_02388,0.001123477439769049
test_02389,1.501670532345651e-07
test_02390,0.9775148368543068
test_02391,0.00047093119015649765
test_02392,0.9995264071882288
test_02393,0.0002908268572919645
test_02394,4.942816548682247e-05
test_02395,0.9999922972580974
test_02396,0.00014144964134964278
test_02397,0.9872941306378408
test_02398,0.9998843115976433
test_02399,0.005561429227300817
test_02400,0.9999999944651052
test_02401,0.9996324440364541
test_02402,0.9999797444355134
test_02403,0.1387785767002739
test_02404,0.9990315367674546
test_02405,0.998202687759085
test_02406,0.18470533254726218
test_02407,0.999915947799941
test_02408,0.11981941399342423
test_02409,0.03886300906764752
test_02410,3.8374781898471305e-05
test_02411,0.8068088595508561
test_02412,0.9809532784702488
test_02413,0.9999905634125287
test_02414,0.9999609618155141
test_02415,0.999759380275489
test_02416,0.00027084738846544097
test_02417,0.8898782541091574
test_02418,0.18698398337220815
test_02419,0.019568709782786044
test_02420,2.5679635314265384e-06
test_02421,0.9994884720624791
test_02422,0.00038499973623791223
test_02423,0.9998114081636595
test_02424,0.0001571080914809938
test_02425,4.925019850572952e-05
test_02426,0.9999999425806216
test_02427,0.9990620577687581
test_02428,4.97699644363416e-08
test_02429,1.4676527317676066e-05
test_02430,0.9987030451094302
test_02431,0.038780027177829496
test_02432,0.5262713889603897
test_02433,0.9995298997084482
test_02434,0.9998851848023397
test_02435,0.8256513774159703
test_02436,0.008418951128586283
test_02437,0.718317833689246
test_02438,0.9796720275998628
test_02439,0.999981588596709
test_02440,0.9999975993583275
test_02441,0.9999572067361873
test_02442,0.0007635683124702267
test_02443,0.9998421498497675
test_02444,0.10766434507568541
test_02445,0.10405202385283657
test_02446,0.0008225988514082977
test_02447,0.998188781127393
test_02448,0.9999851398705144
test_02449,0.004053739355962227
test_02450,0.9999439582620326
test_02451,0.999983971432432
test_02452,0.0003803837588869705
test_02453,0.953491322119515
test_02454,0.9949157373483052
test_02455,0.0001559636383447802
test_02456,7.356931404552808e-05
test_02457,0.011589911729920237
test_02458,0.001393928965819822
test_02459,1.9305100411397424e-05
test_02460,0.9845861784755923
test_02461,0.9999982851977698
test_02462,0.9999904797471756
test_02463,0.0032409834661858146
test_02464,0.9991548890002027
test_02465,0.00046403587686797717
test_02466,0.007129548035470477
test_02467,3.2898270906000096e-05
test_02468,0.9998702382375277
test_02469,0.005110353192803574
test_02470,0.999918357248885
test_02471,0.9999781567430164
test_02472,1.675917705600607e-05
test_02473,0.9993803962541001
test_02474,0.00010745600632013574
test_02475,0.0002945124250643488
test_02476,0.00035505642175972385
test_02477,0.11128794197162967
test_02478,0.9999210872575361
test_02479,0.9999941212941962
test_02480,0.9999668027016922
test_02481,0.9998397134990423
test_02482,0.7919384426554159
test_02483,0.000285977181198446
test_02484,0.10220393307399056
test_02485,0.002230661543847378
test_02486,0.9949257323203914
test_02487,0.2578901553539218
test_02488,0.01004593397020412
test_02489,0.9999885403104164
test_02490,0.9999630659194313
test_02491,0.2299082646525109
test_02492,0.047620214884028476
test_02493,7.520095949843498e-07
test_02494,0.9999532674953667
test_02495,3.511745151636665e-07
test_02496,0.9992744499766752
test_02497,0.7708546608031874
test_02498,0.9992357374125286
test_02499,0.4438512921019923
test_02500,0.9999084500735981
test_02501,1.8356505403120483e-05
test_02502,0.005219738015647121
test_02503,0.993041444339612
test_02504,0.9999680155499971
test_02505,0.00016069947386299958
test_02506,0.004954290409207613
test_02507,0.999571970970393
test_02508,0.00024228770255791256
test_02509,0.9988062886465363
test_02510,0.00023524891132029646
test_02511,0.9267881756091156
test_02512,0.99951602098109
test_02513,0.9999999038816781
test_02514,0.0016724700150905273
test_02515,0.999999691604858
test_02516,0.9997603611649254
test_02517,0.02159977270134797
test_02518,1.6341068454765386e-07
test_02519,0.9926275528116398
test_02520,2.1968215017604715e-06
test_02521,0.02326629862508763
test_02522,0.9975961843760575
test_02523,8.442647422356715e-07
test_02524,0.9707610204589283
test_02525,0.9999492556936483
test_02526,0.10271618622705522
test_02527,0.16128089345011087
test_02528,0.9726357054094239
test_02529,0.7770849936654847
test_02530,0.9780309890853148
test_02531,0.9997289599449657
test_02532,0.0019906424627801414
test_02533,0.997724882976255
test_02534,0.00010520684757172238
test_02535,0.9944089714635674
test_02536,0.9999734396390487
test_02537,0.8390557631856099
test_02538,0.03258916136732092
test_02539,0.9999897594556751
test_02540,2.0398830340315742e-06
test_02541,0.01376049243197949
test_02542,0.997322810268542
test_02543,0.9929805592994733
test_02544,0.9934335967122055
test_02545,0.9389281315975093
test_02546,0.0008152918615547849
test_02547,0.9997253766974861
test_02548,0.40864188702391807
test_02549,0.9999949890481704
test_02550,0.9999999914735213
test_02551,0.0015181405248563705
test_02552,0.9871123648777282
test_02553,0.999975492598386
test_02554,0.8841570938933339
test_02555,0.1810681835406568
test_02556,0.7508512167797257
test_02557,0.9334209239392067
test_02558,0.9998890438927607
test_02559,0.00026018931845069683
test_02560,0.0010193374982391972
test_02561,0.999998034040546
test_02562,0.36053431933971525
test_02563,0.9995300891298432
test_02564,0.9687053046126237
test_02565,0.9640126940183851
test_02566,0.781831382010067
test_02567,0.13392606215802288
test_02568,0.00027045503843725713
test_02569,0.0008286697718501711
test_02570,0.9986378034667245
test_02571,0.00013393597926997895
test_02572,0.6031116331851955
test_02573,0.0008004751027856141
test_02574,0.47574492950758135
test_02575,0.14272994391979466
test_02576,0.9945702641607463
test_02577,0.6613854077234057
test_02578,0.999955875227648
test_02579,1.9808196721184046e-06
test_02580,0.10197999038688454
test_02581,0.7513753605060608
test_02582,0.024568848900735706
test_02583,0.9100741701125227
test_02584,0.9998854372050818
test_02585,4.765133395591133e-06
test_02586,0.7863348513501345
test_02587,0.17468319189082543
test_02588,0.001414366963083463
test_02589,0.005487242801529296
test_02590,0.9977769225722959
test_02591,0.9995895094510908
test_02592,0.9889894708528791
test_02593,0.9196281113609927
test_02594,0.9999999740824648
test_02595,0.9997670191189152
test_02596,0.0017813597657686576
test_02597,0.999953389934137
test_02598,0.9942444271945933
test_02599,0.16376116748273215
test_02600,0.9910390120659393
test_02601,4.869410936327283e-05
test_02602,0.058153184608374105
test_02603,1.4043383617393062e-06
test_02604,2.2269801180054343e-06
test_02605,0.00098940834334566
test_02606,0.9461126905436866
test_02607,0.9999539022574018
test_02608,0.9013009569566548
test_02609,0.9999999676816095
test_02610,6.418146366006161e-05
test_02611,0.9982652582095418
test_02612,0.02896722122525519
test_02613,0.0013118195495290907
test_02614,0.0024819783194168416
test_02615,1.3451308197628344e-06
test_02616,0.5520889905996273
test_02617,0.9995018353686338
test_02618,0.4253359803675511
test_02619,0.9995114762811748
test_02620,8.628940688459509e-07
test_02621,0.9992474984994255
test_02622,0.15479549922804337
test_02623,0.6662123498770932
test_02624,0.9999987182582883
test_02625,0.0011063995030554058
test_02626,0.9999802673016968
test_02627,0.9995390452290469
test_02628,9.183196076540134e-05
test_02629,0.000723784131554324
test_02630,0.9984993599475858
test_02631,2.022677166130484e-05
test_02632,0.028518866003575147
test_02633,0.9994955438665194
test_02634,0.0011847614132748953
test_02635,0.015649646866743097
test_02636,0.044391639693097854
test_02637,0.9999630256059908
test_02638,0.9997924818844227
test_02639,0.01991855878649741
test_02640,0.9998922639119013
test_02641,0.9999823305553132
test_02642,0.0018364454179106665
test_02643,0.9999134675472432
test_02644,9.353908860028468e-06
test_02645,0.06538921901212094
test_02646,0.00018213723583239319
test_02647,4.114824219759845e-05
test_02648,0.00033578079104350635
test_02649,0.9983229503841147
test_02650,0.010680561623205352
test_02651,0.9086502811060759
test_02652,0.05910000221706187
test_02653,0.9914550253297947
test_02654,0.904272730122411
test_02655,7.111866728198431e-05
test_02656,0.06371322242849305
test_02657,0.013172365704760512
test_02658,0.9845944318941178
test_02659,0.9972112287775616
test_02660,0.24493589655127965
test_02661,0.999999189038653
test_02662,0.9997528750484541
test_02663,1.1822901118260524e-05
test_02664,0.9999520164729437
test_02665,0.9976357556898803
test_02666,0.9976140507946255
test_02667,0.5150620394623565
test_02668,0.9999366428684472
test_02669,0.006615355120009175
test_02670,0.13499230857764768
test_02671,1.1633101582384928e-05
test_02672,0.9999513873241523
test_02673,0.9999999664571333
test_02674,0.8077656760365172
test_02675,0.6596297627739244
test_02676,0.9999682214001138
test_02677,0.025236041459434182
test_02678,0.9999809756918359
test_02679,0.998545564875022
test_02680,0.00433680828910695
test_02681,0.007590582565307864
test_02682,0.0060681625278749185
test_02683,0.9945783329375165
test_02684,0.007008844780565775
test_02685,0.08861613198159157
test_02686,0.9997620165616465
test_02687,0.6626307382538021
test_02688,0.9999839411801369
test_02689,0.997281949499457
test_02690,0.04067396841468651
test_02691,0.0450725553754261
test_02692,0.999998501429423
test_02693,0.9913636727876347
test_02694,0.9987425881252907
test_02695,0.9683289142644808
test_02696,0.29628911158845134
test_02697,0.00011453706521198703
test_02698,2.2779232364388044e-06
test_02699,0.999641536167921
test_02700,0.0021465879558968206
test_02701,5.62398467177953e-06
test_02702,0.51781167831219
test_02703,0.00025961694995289727
test_02704,0.0029523000792867795
test_02705,0.9992111953613824
test_02706,0.00028649875622133847
test_02707,0.9998796956734133
test_02708,0.9907757161272166
test_02709,0.9993427556667334
test_02710,0.9997653386404499
test_02711,0.00035804908660891355
test_02712,0.9998659264692226
test_02713,0.003893396900536568
test_02714,7.330586656986895e-06
test_02715,0.9980091407067215
test_02716,0.6692575246241622
test_02717,0.84303266711782
test_02718,0.0003133152328672784
test_02719,0.9570694708580825
test_02720,8.852579114223216e-07
test_02721,7.021480928611783e-07
test_02722,0.00015281707695412154
test_02723,0.9999998416882647
test_02724,0.08555448956189973
test_02725,0.24376480080044874
test_02726,0.959625068489997
test_02727,0.059976071780421816
test_02728,0.0008891368521685495
test_02729,0.01659171573535776
test_02730,0.9999926789129607
test_02731,0.03334459862786821
test_02732,0.9978290859401002
test_02733,0.9645239195270634
test_02734,1.9267448367889034e-05
test_02735,0.9999995766299938
test_02736,0.1794131696592249
test_02737,0.9999211282716589
test_02738,0.9875317789745908
test_02739,0.8553979977937768
test_02740,0.9999882977941711
test_02741,0.011814448693208626
test_02742,0.5294769818986701
test_02743,0.008057933334699894
test_02744,0.0014774748436122138
test_02745,0.9999095690074605
test_02746,0.05649390782623706
test_02747,0.002206880881933246
test_02748,6.325637277216316e-05
test_02749,0.9994145555707052
test_02750,0.9999472526716704
test_02751,0.8280284314649268
test_02752,0.9932452886098094
test_02753,0.9994814449076462
test_02754,6.807291485781599e-06
test_02755,0.9905887371146737
test_02756,0.9864250347067249
test_02757,0.0001527149339092736
test_02758,0.35561895458483916
test_02759,0.9201878509923362
test_02760,1.6022962381420805e-05
test_02761,0.9996384967490315
test_02762,0.0015159954205090274
test_02763,0.00187640531142611
test_02764,0.9917828489787528
test_02765,0.006201622754091006
test_02766,0.21298687380133857
test_02767,0.00017258186084941532
test_02768,0.6327374802172888
test_02769,7.116918174195544e-06
test_02770,0.016751677181214158
test_02771,0.9999449619660701
test_02772,0.971121390957786
test_02773,0.015219730096135567
test_02774,0.9985206875845696
test_02775,0.5151147190629282
test_02776,0.9994575124947683
test_02777,0.999968336464932
test_02778,0.05525019519577766
test_02779,0.0023736200555037066
test_02780,0.7655662410206354
test_02781,0.978964339745902
test_02782,0.5919996352797487
test_02783,2.4537629686490063e-05
test_02784,0.007610498045298566
test_02785,0.9998746489690699
test_02786,6.975121392057209e-07
test_02787,2.587558690092281e-05
test_02788,0.9945527948242663
test_02789,0.000591343023120712
test_02790,0.0020241634466563766
test_02791,0.002971295729182842
test_02792,0.009466840321725128
test_02793,0.026812177524007982
test_02794,0.0002494086265780631
test_02795,0.9958119290691984
test_02796,0.984490419697246
test_02797,0.0007413471936248958
test_02798,0.9999735726914312
test_02799,0.7283103539433676
test_02800,0.0010497334737303993
test_02801,0.0001327203376750798
test_02802,1.4652042661805256e-06
test_02803,0.001383876395436148
test_02804,0.007892297018276252
test_02805,0.0012425114011478363
test_02806,0.9999994876115131
test_02807,1.1375117542383355e-07
test_02808,0.00022238816359449606
test_02809,0.1367296215959383
test_02810,0.0009993461895761906
test_02811,3.4084971631469585e-05
test_02812,0.6688125589729517
test_02813,0.8148507240293075
test_02814,0.9999993183259647
test_02815,0.0014062198960419186
test_02816,0.2465692008554265
test_02817,0.00046417712985085324
test_02818,0.004219963744698798
test_02819,0.9957789686015582
test_02820,6.775014767413473e-06
test_02821,0.993588097547171
test_02822,0.9680833612234094
test_02823,0.9983961947501311
test_02824,3.135558642616189e-06
test_02825,0.9999733072229555
test_02826,0.9998603760586986
test_02827,0.9761221387379054
test_02828,0.9999974205645489
test_02829,0.9999811317867723
test_02830,0.9995046481396604
test_02831,0.999962431390411
test_02832,0.015616672305214246
test_02833,0.0022995587980062394
test_02834,0.9826809247033358
test_02835,2.720643338238561e-07
test_02836,0.9999936780820868
test_02837,0.999956911062063
test_02838,0.00010446445409975696
test_02839,0.9992038596510725
test_02840,0.9522549864304625
test_02841,0.9999915900177242
test_02842,0.9999766017334867
test_02843,0.0002656566747618676
test_02844,8.353896972988523e-05
test_02845,0.003072661621613016
test_02846,0.9998465103752959
test_02847,0.999820837836798
test_02848,0.00014802613259483544
test_02849,0.2741372283804883
test_02850,2.931123806604955e-06
test_02851,0.9999997548032793
test_02852,4.58381271539379e-06
test_02853,0.017957507234451307
test_02854,0.09172973410865312
test_02855,0.9999211574136443
test_02856,0.007077221370821846
test_02857,0.9999460568444035
test_02858,0.9970267111049751
test_02859,0.999966362650067
test_02860,0.6822252722011725
test_02861,0.9999987418810184
test_02862,0.02578810521233217
test_02863,0.14368336860492997
test_02864,0.39568494380288594
test_02865,0.9999607191507363
test_02866,0.9996973413403746
test_02867,0.9997659684290537
test_02868,0.00057613973506248
test_02869,0.9955561873023177
test_02870,0.859114790069373
test_02871,0.9992505650691349
test_02872,0.021359793837139637
test_02873,0.9999995929911134
test_02874,0.9964056072483618
test_02875,0.9991917778424312
test_02876,0.9999691429762764
test_02877,0.02003918657313175
test_02878,0.004208184905598862
test_02879,0.010077182343911348
test_02880,0.9999914829249145
test_02881,0.000618243323049624
test_02882,4.257635923623591e-05
test_02883,0.9999374908072077
test_02884,0.16904365565610588
test_02885,0.9428788009674237
test_02886,0.005979513346345655
test_02887,1.170720455936769e-05
test_02888,2.496480890865028e-06
test_02889,0.0057124854544257815
test_02890,0.00011276690211536422
test_02891,0.0002901833653928236
test_02892,0.045935091945365804
test_02893,0.00013971770349043293
test_02894,0.002067598071761797
test_02895,0.1658908349543847
test_02896,0.9260931684173205
test_02897,0.512366401489587
test_02898,0.9762199299496982
test_02899,0.8693790605420254
test_02900,0.9842422673759346
test_02901,0.9998330967679132
test_02902,4.898057505776875e-06
test_02903,6.64603834315963e-05
test_02904,0.020282999546206788
test_02905,0.999756041667238
test_02906,0.9994198721312224
test_02907,0.9726580073166856
test_02908,0.9940086396432404
test_02909,0.02332181265550873
test_02910,3.912541115538456e-06
test_02911,4.759287444758613e-05
test_02912,0.9999715641004481
test_02913,0.0007362830595154627
test_02914,0.9947430388182121
test_02915,0.9999476871098605
test_02916,0.9985582931553514
test_02917,0.0003598719835573056
test_02918,0.0017931571516919466
test_02919,7.808513324950635e-06
test_02920,7.383266565145416e-07
test_02921,0.1043578718774446
test_02922,0.9971256803582381
test_02923,0.00011256695374602881
test_02924,0.0012475199135950983
test_02925,0.0002055260633505365
test_02926,0.9947116461649173
test_02927,0.9384014322143907
test_02928,0.6648125876499332
test_02929,3.309161924550276e-06
test_02930,0.999994392702291
test_02931,0.9997845138214316
test_02932,0.9963223101297892
test_02933,0.002706916042883142
test_02934,0.6126818532671059
test_02935,0.9875756440996695
test_02936,0.9998115732330518
test_02937,0.0004658747615529759
test_02938,0.6752201624259108
test_02939,0.9998322743126427
test_02940,0.0617172200824124
test_02941,0.9663523974506185
test_02942,1.3812622720917054e-05
test_02943,0.9949547234992959
test_02944,6.759765433852483e-05
test_02945,0.9976971800736502
test_02946,4.5018686619080706e-05
test_02947,0.24654388091104174
test_02948,2.146926099808736e-06
test_02949,0.9979824911132178
test_02950,0.033416711031847596
test_02951,0.0021418249530822356
test_02952,0.9997627926663911
test_02953,0.9989187851464661
test_02954,0.9999830776369877
test_02955,0.006642359493584774
test_02956,6.425591146908699e-05
test_02957,6.358232031871283e-05
test_02958,0.9969586688527577
test_02959,0.0004652368307262949
test_02960,0.5964413065681066
test_02961,4.1980586933770616e-05
test_02962,0.9973730171322622
test_02963,0.011076663419398867
test_02964,0.7894645303334327
test_02965,0.0006771535520046652
test_02966,3.4354917174887847e-05
test_02967,7.345785418936124e-05
test_02968,0.9999989170577593
test_02969,0.9999903892797843
test_02970,0.8750118511448656
test_02971,0.9999606593421492
test_02972,0.9999999475214542
test_02973,0.0018131820273007385
test_02974,0.15831408749014683
test_02975,0.003628221698283753
test_02976,0.9876550702916342
test_02977,0.9034078663153788
test_02978,0.9999265843436583
test_02979,0.9996510186206653
test_02980,0.006347681666447399
test_02981,0.916635237308312
test_02982,0.9998615178255081
test_02983,0.9956686964569625
test_02984,0.9981535646310135
test_02985,0.00014418650327967553
test_02986,0.9054266455074406
test_02987,2.2591754390866742e-05
test_02988,0.039518499352942126
test_02989,0.7759172609211316
test_02990,0.9996299548511263
test_02991,0.9974049790838122
test_02992,4.216008726075908e-05
test_02993,0.00028868206095312407
test_02994,0.993055239476271
test_02995,2.7779979111567674e-07
test_02996,0.7267119910293038
test_02997,0.11957858423212148
test_02998,0.03320919974669862
test_02999,0.9998951310208917
test_03000,0.9999121501437043
test_03001,0.999973621614745
test_03002,0.9999861703486015
test_03003,0.999517866648011
test_03004,0.0024108288650749304
test_03005,0.046138613613509544
test_03006,0.9961265350712735
test_03007,0.03219887241049053
test_03008,0.0005521500481552684
test_03009,0.0016369348210375004
test_03010,0.9998393924916651
test_03011,0.9998727383669728
test_03012,9.937831786436482e-05
test_03013,0.9999997583578055
test_03014,0.999988041514824
test_03015,0.00026134486793140974
test_03016,2.1892800021147402e-05
test_03017,0.4760315343410455
test_03018,0.0001327257270485675
test_03019,0.00029456984010926737
test_03020,0.993324358956089
test_03021,7.021084478219993e-05
test_03022,0.9999987160817914
test_03023,0.005566681114457447
test_03024,0.9999720229110294
test_03025,0.4688415643353003
test_03026,4.6811219624119835e-07
test_03027,0.00023278788191042504
test_03028,0.000527794192102036
test_03029,7.147817349868079e-05
test_03030,0.6454921758051367
test_03031,0.009962963311317007
test_03032,0.0003786197846194063
test_03033,0.9971125219659627
test_03034,0.015707113669416906
test_03035,0.008125288798971892
test_03036,0.013444936070409717
test_03037,0.014912604569672713
test_03038,0.00031399633613542866
test_03039,0.00015802631491482948
test_03040,0.9999217114216602
test_03041,0.9999096336040078
test_03042,0.999987159352633
test_03043,0.999685117313611
test_03044,0.9996849045884774
test_03045,0.9525400628326741
test_03046,0.9775697559542096
test_03047,0.9910760371132171
test_03048,9.995028342409072e-05
test_03049,0.9961829933316552
test_03050,0.0007472356937003064
test_03051,8.879506684026572e-05
test_03052,0.0025683666935135997
test_03053,0.0006582481198106698
test_03054,0.022255884917096753
test_03055,0.999728480094236
test_03056,0.999069728855847
test_03057,8.551678225768744e-06
test_03058,0.007128391160476111
test_03059,0.9999610725393923
test_03060,0.9528355620912536
test_03061,0.9999999577905798
test_03062,0.9999884562041119
test_03063,0.000783005107444652
test_03064,0.9997683521370182
test_03065,0.0037537072701806667
test_03066,0.9989245443957971
test_03067,0.9419433356970536
test_03068,0.28821704606806947
test_03069,0.9999974487955695
test_03070,0.9263980217208246
test_03071,0.9999775450336834
test_03072,0.03954907870349276
test_03073,2.483899211170429e-05
test_03074,0.9988170736193444
test_03075,0.9994450240360238
test_03076,0.00043175601951156613
test_03077,0.6047749387884158
test_03078,0.00037984657694845216
test_03079,0.001484490204969658
test_03080,0.054319964744693486
test_03081,0.166887179278137
test_03082,0.9997681742791058
test_03083,0.9969518305961581
test_03084,0.23123985766353175
test_03085,0.6013754026578538
test_03086,0.020474632541912827
test_03087,0.27943253813067104
test_03088,0.9992731475296394
test_03089,0.0008149325627625034
test_03090,0.9998901734493296
test_03091,0.9875068304785284
test_03092,1.0211790500615468e-05
test_03093,0.9934002012850411
test_03094,0.9999339137312939
test_03095,0.9685543218141625
test_03096,0.9915589411274086
test_03097,0.0015748691527850789
test_03098,1.9661935664459615e-05
test_03099,0.46460036646910524
test_03100,0.9786446820348902
test_03101,0.21696628874711554
test_03102,0.9979768074411028
test_03103,2.5792110258259276e-05
test_03104,0.2744125861838712
test_03105,0.27959623331703365
test_03106,0.0039246187559836354
test_03107,4.127708830572891e-06
test_03108,0.00030430510325317456
test_03109,0.0002531941667354896
test_03110,0.4911258687340543
test_03111,3.075467347895336e-05
test_03112,1.8439470080687237e-05
test_03113,0.0020224662669377455
test_03114,0.007277000805665365
test_03115,0.0028417728029856634
test_03116,0.9998828739967976
test_03117,0.0001733544378963482
test_03118,0.006633862919363319
test_03119,0.9999902054807831
test_03120,0.0006169427377700396
test_03121,1.5059162890397506e-06
test_03122,0.7313722180949311
test_03123,0.9999994721614387
test_03124,0.9998219920247159
test_03125,0.2605780415075472
test_03126,0.9982742604998704
test_03127,0.8308435244198796
test_03128,1.3939161191835416e-05
test_03129,0.0480611822453309
test_03130,0.9999864760441824
test_03131,0.9541686837412325
test_03132,0.9952071156445012
test_03133,0.0027467474205148975
test_03134,0.6077876768067337
test_03135,0.9998264395486479
test_03136,0.016290498155316285
test_03137,0.16501117456680134
test_03138,1.3517376173989578e-05
test_03139,0.0005382942201036667
test_03140,0.0002884403226817248
test_03141,0.9986374299395402
test_03142,0.9999877931248379
test_03143,0.004937857411459779
test_03144,0.9997209142980515
test_03145,0.9999789030274692
test_03146,6.866602979673674e-05
test_03147,0.02455506772180375
test_03148,9.744389823991701e-05
test_03149,0.45247011632127565
test_03150,0.9974910494171016
test_03151,0.0004274833752020769
test_03152,0.9992234463872252
test_03153,2.807579929253584e-07
test_03154,0.9921782286654374
test_03155,8.271162174974953e-06
test_03156,0.9996638830020038
test_03157,4.478373589270706e-06
test_03158,0.9999016988597509
test_03159,0.9996934916028758
test_03160,0.005461827841205786
test_03161,2.1824584129894706e-07
test_03162,0.9998520394698917
test_03163,0.0015312858471334088
test_03164,0.999963564674634
test_03165,0.00018390330429997526
test_03166,0.0001396449489337278
test_03167,5.316612714088878e-05
test_03168,5.031714161948257e-06
test_03169,1.7114900108426703e-05
test_03170,3.629970247142624e-07
test_03171,0.988793288072951
test_03172,0.9870274320065017
test_03173,0.9977624036435994
test_03174,0.2437092505842422
test_03175,0.7944487925198924
test_03176,0.9997018210951945
test_03177,0.4762779861034697
test_03178,0.9995797731439797
test_03179,0.007733878354596368
test_03180,0.9999484168026932
test_03181,0.9999987691781026
test_03182,1.1485044940359615e-05
test_03183,0.9763479159179007
test_03184,0.9999889358127163
test_03185,0.9996016115261831
test_03186,5.163541034813982e-05
test_03187,0.9992577084479722
test_03188,0.005232588287960589
test_03189,0.9647418139578106
test_03190,0.005306175636739545
test_03191,0.0002735414775383582
test_03192,0.9555694617652694
test_03193,0.04518600426244897
test_03194,0.997545121413599
test_03195,0.15971719861786882
test_03196,0.9999986697613558
test_03197,0.0008932621989362711
test_03198,1.2575777408129464e-05
test_03199,0.1697539116543633
test_03200,0.00040151579898570786
test_03201,0.12484933181294372
test_03202,0.0019975865041982174
test_03203,0.0001807014770804576
test_03204,0.9997933987434597
test_03205,0.9660220498377353
test_03206,1.2908031094523018e-06
test_03207,0.9996310170615512
test_03208,0.0019125483157198552
test_03209,0.11978521150337051
test_03210,0.8604153167365409
test_03211,4.558998703071638e-07
test_03212,0.9999436135585423
test_03213,0.9998971937311407
test_03214,2.8745225714198237e-05
test_03215,0.9999827886633876
test_03216,0.027761331305020773
test_03217,1.4816203423564809e-05
test_03218,1.316293254183443e-05
test_03219,0.9985083242210281
test_03220,0.9997793696843402
test_03221,0.9517916374967468
test_03222,0.028218996812231657
test_03223,0.0017840857847975075
test_03224,0.9999978364115818
test_03225,0.9996040325987391
test_03226,9.212799907576474e-06
test_03227,0.9984344353597239
test_03228,0.9994608426121013
test_03229,0.000277951632698402
test_03230,0.9879606739159829
test_03231,0.9999992547732988
test_03232,0.998554216800007
test_03233,6.032657754586599e-05
test_03234,0.009469426735639313
test_03235,0.42676738761626537
test_03236,1.0064443527149049e-06
test_03237,0.9970808416150586
test_03238,0.039380830521905705
test_03239,0.0005333217648759096
test_03240,1.510679327317681e-06
test_03241,0.49063654872584045
test_03242,0.0005936362678683389
test_03243,2.595627435381399e-05
test_03244,0.8365493898852695
test_03245,0.9927383497686855
test_03246,0.9780313885904363
test_03247,0.9997914159273508
test_03248,0.003386635884374674
test_03249,0.9999891618509835
test_03250,0.0010994403901394864
test_03251,0.002381038465001486
test_03252,0.9999999280308639
test_03253,0.9998942417613642
test_03254,1.4049265991221469e-05
test_03255,0.002167856968605144
test_03256,0.9955138701991828
test_03257,0.9955344016227128
test_03258,0.32672637177643854
test_03259,0.9986309677898882
test_03260,0.0001007525269098576
test_03261,3.4468676982303084e-05
test_03262,0.9974781277306837
test_03263,0.023486573688042165
test_03264,0.02646871643624655
test_03265,0.00058068181343217
test_03266,0.9999995266497061
test_03267,0.9999988948337787
test_03268,0.04413392756916946
test_03269,0.9999970106556035
test_03270,6.623862054685946e-05
test_03271,0.40391774267728914
test_03272,0.9997957161258645
test_03273,1.2880487185630553e-06
test_03274,0.0006874558367882165
test_03275,0.012708641825330685
test_03276,0.0009512370184888563
test_03277,0.007172396654492768
test_03278,0.9847838265804281
test_03279,0.9871082398193114
test_03280,0.9951894413073218
test_03281,0.9993016610935661
test_03282,0.9752282293679345
test_03283,0.016843821263228434
test_03284,1.389207897342253e-05
test_03285,0.9997846771979266
test_03286,0.9872721856650726
test_03287,0.9999998265032045
test_03288,0.3099889002551885
test_03289,0.9924569373912716
test_03290,0.09249487994791386
test_03291,0.9848647776926824
test_03292,0.13448801225750012
test_03293,0.9898054948876194
test_03294,0.9983242981050667
test_03295,1.0036184619665076e-05
test_03296,0.0002163374335280662
test_03297,0.9999871812818704
test_03298,9.130622631031958e-06
test_03299,0.9993065276266144
test_03300,0.9999826160969421
test_03301,0.0049294674954529156
test_03302,0.9999969417199907
test_03303,0.0005162624980821119
test_03304,6.816478920612151e-07
test_03305,0.9994590794091514
test_03306,0.9958896934963039
test_03307,0.9985057439648859
test_03308,0.9999981832794766
test_03309,0.0010579141945064798
test_03310,0.9999411739296036
test_03311,0.0088738835092205
test_03312,0.9919523021494956
test_03313,0.00013231577667953287
test_03314,0.0003101658550708923
test_03315,0.855901998814875
test_03316,0.999305823390441
test_03317,0.9836210958231576
test_03318,0.9978472238083097
test_03319,0.00011825333447231011
test_03320,0.9999882538572052
test_03321,0.9996273952001332
test_03322,0.9999951656927015
test_03323,0.9999197856221803
test_03324,0.0029026630820952627
test_03325,0.007726246186026315
test_03326,0.03960754916543742
test_03327,0.9999891309577692
test_03328,0.6040273503579008
test_03329,0.009319766913794315
test_03330,0.9994345122723778
test_03331,0.0010115856054282992
test_03332,0.9990240301028506
test_03333,0.0015961027361118055
test_03334,0.9991991738567702
test_03335,0.9975237447960154
test_03336,3.500516592027974e-05
test_03337,0.00019219446849608353
test_03338,0.5476978968334485
test_03339,0.9974614816927455
test_03340,0.9945376034390087
test_03341,5.8552268018445265e-05
test_03342,0.13227826126766046
test_03343,0.007595431790284953
test_03344,0.9855292353162372
test_03345,8.913289752933534e-05
test_03346,0.00016004383915490367
test_03347,0.19908880368497434
test_03348,8.928282477692841e-06
test_03349,0.9999997071097763
test_03350,0.7962886792877322
test_03351,0.12898848453047546
test_03352,0.9997929706343013
test_03353,0.01618675142488247
test_03354,1.039825870136093e-05
test_03355,0.9936613500856867
test_03356,0.0026462271856623892
test_03357,0.9998682437776284
test_03358,0.00029592333375820013
test_03359,0.999949753604065
test_03360,0.7662868406527906
test_03361,0.00010555688423007804
test_03362,0.9945414899841168
test_03363,0.9960202176598387
test_03364,0.9390845203025705
test_03365,0.8890879774617053
test_03366,0.21978891608554213
test_03367,0.6263531429458598
test_03368,0.9346601880882143
test_03369,0.00039058528711099865
test_03370,0.9945487068827562
test_03371,0.9999875023045344
test_03372,0.08677748366155041
test_03373,0.2104130660512054
test_03374,0.8744904680177077
test_03375,0.00014026424258704485
test_03376,0.9998148818766921
test_03377,0.036587696347546515
test_03378,0.0003102280440416991
test_03379,0.9988106887167013
test_03380,0.9999898026960733
test_03381,0.9999454354613218
test_03382,0.9961702575212844
test_03383,0.0001622629787716387
test_03384,0.992529563658849
test_03385,0.9998952355235124
test_03386,0.38888253703631576
test_03387,0.9999906785595174
test_03388,0.24925288264094697
test_03389,0.9995283728042862
test_03390,0.9820407600589733
test_03391,0.9999815404480493
test_03392,0.816489452635946
test_03393,0.00037223896940897735
test_03394,0.2946187098969878
test_03395,0.3934773832515429
test_03396,0.00035195883642766235
test_03397,0.00045720486603863036
test_03398,0.9999980540937585
test_03399,0.9999015472904013
test_03400,0.000538978206232748
test_03401,0.056536276617189005
test_03402,0.9798711022846499
test_03403,3.152334100468491e-05
test_03404,0.0005321418598661286
test_03405,0.9999976973543132
test_03406,5.835566219315495e-05
test_03407,0.0003691219508485415
test_03408,0.42619157195677154
test_03409,0.0010782625962483937
test_03410,0.08929612232512743
test_03411,0.9943684459109762
test_03412,0.9998675157977488
test_03413,0.0003260234586146511
test_03414,0.00033878593665603765
test_03415,0.9988898051864565
test_03416,0.35803960453869355
test_03417,0.0016207998327560302
test_03418,0.018545848015764036
test_03419,6.913772724775021e-07
test_03420,0.9899404657843422
test_03421,2.0521066560437445e-05
test_03422,0.9999845680803562
test_03423,0.0005089361182095621
test_03424,0.00010687717963810733
test_03425,6.524784916634252e-05
test_03426,0.9854958379722524
test_03427,0.9999719004417656
test_03428,3.8512812085551853e-05
test_03429,0.9335736443418349
test_03430,0.9997442026205301
test_03431,0.9990149022165009
test_03432,0.11508973348539672
test_03433,0.9972752633650048
test_03434,6.6065477983661174e-06
test_03435,0.9975101694553762
test_03436,0.027699859689878342
test_03437,0.007502198290328722
test_03438,8.140387907700316e-07
test_03439,0.9999924417288373
test_03440,0.8582160473824232
test_03441,0.9996074902037917
test_03442,0.9856842054852479
test_03443,0.9635725352415744
test_03444,0.16266903075836742
test_03445,0.10739419415179076
test_03446,0.9978473526615103
test_03447,0.9998705971128145
test_03448,0.9404339920504808
test_03449,0.9999860693670584
test_03450,0.6600394027726065
test_03451,0.8054630703800952
test_03452,6.938243295349366e-06
test_03453,1.730954030675308e-05
test_03454,0.010781559430349258
test_03455,0.0002971085055518052
test_03456,2.1393455008922043e-05
test_03457,0.2635574237911547
test_03458,0.9995298930243408
test_03459,4.0747849238717036e-05
test_03460,0.00024907519504501624
test_03461,0.578970868871874
test_03462,0.9997475268446656
test_03463,3.659393049890626e-05
test_03464,0.999958717400629
test_03465,0.09106999182578071
test_03466,0.01003202112971791
test_03467,0.9969059193823682
test_03468,1.4790027444867148e-06
test_03469,0.09944822229893396
test_03470,2.2499724562956815e-06
test_03471,0.6033915332104347
test_03472,0.9995222881023086
test_03473,0.9963787982641762
test_03474,0.999758854059934
test_03475,0.2945974066415499
test_03476,0.042483432560876215
test_03477,0.007595320685890879
test_03478,1.6682268853822676e-05
test_03479,0.004396925794485119
test_03480,0.99773435921991
test_03481,0.985758631516924
test_03482,0.9993959626673846
test_03483,0.9884363675942902
test_03484,0.9862620770659554
test_03485,0.005038019767843191
test_03486,0.9770474602075163
test_03487,0.9999665509094987
test_03488,0.9997791763845761
test_03489,0.006369989316217215
test_03490,0.9982749770920448
test_03491,0.9982513506587
test_03492,0.9999807168734178
test_03493,0.9998841529500229
test_03494,0.03856430706603672
test_03495,0.0010614094268077887
test_03496,0.0012912998439710418
test_03497,0.9999823960079502
test_03498,0.9999363151998532
test_03499,0.9998907861064825
test_03500,0.6743725950438338
test_03501,8.669993847298054e-07
test_03502,0.00013739498536518096
test_03503,0.06920176837426578
test_03504,0.015423664903218223
test_03505,5.19322012104131e-07
test_03506,0.2764776821740099
test_03507,9.6086234639032e-05
test_03508,0.021945915747533542
test_03509,0.07804476112985265
test_03510,0.9928142815196588
test_03511,9.7445120314853e-05
test_03512,0.9980823751358562
test_03513,0.02235122555222654
test_03514,0.9984824392071677
test_03515,0.8793471505388577
test_03516,0.0020973196662331345
test_03517,0.9998606535675059
test_03518,2.918352794432579e-05
test_03519,0.9553624160079511
test_03520,0.9756985575536345
test_03521,0.9972809950194208
test_03522,0.9263963327236369
test_03523,0.9999988399734286
test_03524,0.005570079607091003
test_03525,0.9965890569507146
test_03526,0.9999998030044059
test_03527,0.9160380001065997
test_03528,0.008025608049326127
test_03529,0.001656920334230371
test_03530,1.4284973912672323e-05
test_03531,0.0006481244072497967
test_03532,0.9999671735630481
test_03533,0.00040248636486167345
test_03534,0.9994418400774746
test_03535,0.00016948240611925575
test_03536,0.998288488520164
test_03537,0.004339953072337374
test_03538,0.0001549854461915882
test_03539,0.016572170340169622
test_03540,0.18187035742783333
test_03541,0.019960654863378374
test_03542,0.021548128461318098
test_03543,0.9967761276937886
test_03544,3.546167447658118e-05
test_03545,9.885267642484944e-06
test_03546,0.9888602871642732
test_03547,0.9999843947918465
test_03548,0.9999959466178263
test_03549,0.0067444119496755245
test_03550,0.9997715040963314
test_03551,0.999987668452427
test_03552,0.8726046344910696
test_03553,0.8982469068812188
test_03554,0.838402584697994
test_03555,0.0019192668072838541
test_03556,0.008657451672105273
test_03557,0.999994634892309
test_03558,0.9737708850339967
test_03559,5.3547839092144936e-05
test_03560,0.9961741789823675
test_03561,0.9999943744095127
test_03562,0.9999995731775334
test_03563,0.9844575000677143
test_03564,0.999987589027971
test_03565,0.9999999088105739
test_03566,8.04802427710339e-05
test_03567,0.6261027305241551
test_03568,0.037364908857390536
test_03569,0.0006889516327112634
test_03570,0.999912454302093
test_03571,2.4213744605109955e-05
test_03572,0.7768415019166728
test_03573,0.9906049662227038
test_03574,0.8941275896899625
test_03575,0.9997327274322468
test_03576,0.9997061375645018
test_03577,0.3471029209368425
test_03578,7.505002456567839e-06
test_03579,9.691753140807295e-06
test_03580,0.9601889767525146
test_03581,0.00010002492340480014
test_03582,0.9683569547558961
test_03583,0.9999965764403158
test_03584,8.427218579823306e-06
test_03585,0.999088070678913
test_03586,0.002039913937379907
test_03587,0.06101694713297024
test_03588,9.553552558370917e-07
test_03589,0.11384062297213524
test_03590,0.0002639234240821374
test_03591,0.0004709115155038525
test_03592,0.9997730843562305
test_03593,0.9939173904830069
test_03594,3.429832759742788e-06
test_03595,0.999969931294523
test_03596,0.997557931879704
test_03597,0.11530486786974185
test_03598,0.5166773979627219
test_03599,0.9995852159435652
test_03600,0.04620020553114919
test_03601,0.9998709410781587
test_03602,7.813633644828053e-05
test_03603,0.9998936075111541
test_03604,0.9999930959208544
test_03605,0.9936332934480282
test_03606,0.003947585617576014
test_03607,1.874037151599314e-05
test_03608,0.9999999553399503
test_03609,0.00015657644122273097
test_03610,0.00524735634966901
test_03611,0.9719014965996957
test_03612,0.999742203268109
test_03613,0.9790802662151703
test_03614,5.6493330793157846e-06
test_03615,0.9915781483584614
test_03616,1.8636711321787824e-05
test_03617,1.1012069117015386e-06
test_03618,0.999993734258833
test_03619,8.466016902666816e-05
test_03620,0.0044181018637364025
test_03621,0.00017547300210454805
test_03622,8.371091390464881e-06
test_03623,1.059490143052342e-05
test_03624,0.02566205877763643
test_03625,0.9999993832501259
test_03626,0.5629193740938364
test_03627,0.044249408507315145
test_03628,0.0018263990037479894
test_03629,0.99450628407432
test_03630,0.9145156086357218
test_03631,0.001812542842519157
test_03632,0.9986746532294947
test_03633,2.7080020865991984e-05
test_03634,0.0023011705405683288
test_03635,0.9996754403448184
test_03636,0.16685939117616447
test_03637,9.724035797026705e-06
test_03638,0.9994142692816472
test_03639,2.620226076420869e-06
test_03640,0.0008404280877697979
test_03641,0.9882530330828326
test_03642,0.3481942193647717
test_03643,0.9951113717198726
test_03644,7.498369985757773e-06
test_03645,0.9999268065486019
test_03646,0.9989525935637006
test_03647,0.9099247600610398
test_03648,0.7354533166174518
test_03649,0.9999916628554321
test_03650,0.9999997966090947
test_03651,0.009808113353861204
test_03652,9.734118392191623e-07
test_03653,0.9995852701718773
test_03654,0.9999108015798812
test_03655,0.9953697154391081
test_03656,0.8128195684159457
test_03657,0.017993339840094928
test_03658,0.9758550003579298
test_03659,0.9999721455495305
test_03660,0.9999604113213921
test_03661,0.00010477570958143193
test_03662,0.9999893335295265
test_03663,0.9998000266317743
test_03664,0.9999991360858455
test_03665,0.9999519283817018
test_03666,0.4465725056817927
test_03667,0.0008380485327443665
test_03668,0.9999702093957963
test_03669,0.9999978713085659
test_03670,0.013059571338634947
test_03671,1.5617066914841032e-05
test_03672,0.9370056549997192
test_03673,0.9973560602356116
test_03674,0.006649985475741376
test_03675,0.9992815011321415
test_03676,0.9989666034154912
test_03677,0.9683172931952366
test_03678,0.9938915234282687
test_03679,0.001004255055078206
test_03680,0.9823182307372835
test_03681,2.7499666323440396e-05
test_03682,0.9964676972706571
test_03683,0.9999997566575104
test_03684,0.9999881051589435
test_03685,0.999857968746709
test_03686,0.9997091013563494
test_03687,0.30293191866940405
test_03688,0.9999859388665748
test_03689,1.4973896399427629e-05
test_03690,0.4849763766996584
test_03691,0.9999469417740209
test_03692,4.1308752791802105e-05
test_03693,0.9993106278979088
test_03694,0.9995144059060325
test_03695,0.00033418985892907276
test_03696,0.00026996311185359287
test_03697,0.8763261619493259
test_03698,0.999998307029309
test_03699,0.9998297410847791
test_03700,0.9999772361482478
test_03701,0.011728653288091013
test_03702,0.9999927818369939
test_03703,0.999981276562352
test_03704,0.001766259370529045
test_03705,1.9673541952806603e-05
test_03706,1.1570103443926593e-05
test_03707,0.9997467999386769
test_03708,0.003120754331125209
test_03709,0.9999987152451216
test_03710,0.835609883374603
test_03711,0.07429965610056573
test_03712,0.980881811161047
test_03713,0.00040527137698475365
test_03714,0.00573427322848281
test_03715,0.9999947248680913
test_03716,0.9980743109326913
test_03717,1.3400149398502217e-05
test_03718,0.0008991492679077387
test_03719,0.9998550897603173
test_03720,0.031181996284088482
test_03721,0.0037056499245813617
test_03722,1.1060123413461948e-05
test_03723,2.1826196010497076e-05
test_03724,0.9961808450919746
test_03725,1.296998621492733e-06
test_03726,0.9999938825386784
test_03727,4.8620757789910397e-05
test_03728,0.671246630376095
test_03729,0.0007731162545775188
test_03730,0.5615925929015015
test_03731,0.0169816724362244
test_03732,0.9416921891285213
test_03733,0.9949507290523235
test_03734,0.9995064965856493
test_03735,0.013584088413687696
test_03736,0.0008688831024854343
test_03737,0.9997756148109224
test_03738,0.10506010623178601
test_03739,0.9999345769829137
test_03740,0.00010803789116735421
test_03741,0.0006491662022450171
test_03742,0.16036655748572812
test_03743,0.9997445826877134
test_03744,0.9915232535961722
test_03745,0.9993070627326999
test_03746,0.003052684384668335
test_03747,0.26972480734947185
test_03748,5.7492649030197924e-08
test_03749,0.9988559204527248
test_03750,0.9801153709258459
test_03751,0.9615552109910117
test_03752,0.9532158694779885
test_03753,0.8548915163841404
test_03754,0.9999638558061988
test_03755,0.9997725186780476
test_03756,0.9999784257854902
test_03757,0.00011489837516552626
test_03758,0.9999939857622242
test_03759,0.00011398590378612964
test_03760,0.06295645783450515
test_03761,0.3005520540076914
test_03762,0.9999516808916852
test_03763,0.10063606843048929
test_03764,0.984928114776181
test_03765,4.037364061231781e-05
test_03766,0.9992735910499849
test_03767,0.8727134206642578
test_03768,1.7138200901271433e-05
test_03769,0.18891303466270506
test_03770,0.9955683703842547
test_03771,0.8903421032229261
test_03772,0.999834266921199
test_03773,0.00013580790845230337
test_03774,0.2476255085045021
test_03775,0.9933002685586013
test_03776,7.048732811576125e-07
test_03777,1.6259757766786078e-05
test_03778,0.9998834356613234
test_03779,0.00022938854882812305
test_03780,2.2898362211921362e-05
test_03781,0.0043358095959284484
test_03782,0.006417457554464471
test_03783,0.00012901025608305397
test_03784,3.9157654207961104e-05
test_03785,0.9999847681238679
test_03786,0.038753513636788174
test_03787,0.0001226428749583625
test_03788,9.418620009068009e-06
test_03789,0.015789235259234372
test_03790,0.6777912929829071
test_03791,0.5277667086612162
test_03792,0.9999928184430439
test_03793,6.41402591677397e-05
test_03794,0.9994008082289079
test_03795,0.998985514604325
test_03796,0.9861911535585017
test_03797,0.00043987976910491046
test_03798,0.9989902364441982
test_03799,0.0059229875650652465
test_03800,0.9998626328613023
test_03801,1.7490325352503432e-06
test_03802,0.0057306907569511355
test_03803,0.009769542040202904
test_03804,0.0003007504321271568
test_03805,0.7611926403079153
test_03806,0.001838684603220868
test_03807,0.09530931528653748
test_03808,0.988461744651041
test_03809,0.13201706595743934
test_03810,2.3340549979543153e-05
test_03811,0.0018151596019509019
test_03812,0.0003178203600510103
test_03813,0.9999985350888739
test_03814,0.00027697316443985704
test_03815,0.9948496779192455
test_03816,0.0006630932918995546
test_03817,0.8731691905825747
test_03818,1.2656750546049864e-06
test_03819,0.0849621269464096
test_03820,0.9947981110913419
test_03821,0.9990543967682489
test_03822,0.997933215891205
test_03823,0.0017646859164669596
test_03824,0.998836242707374
test_03825,0.950757834441429
test_03826,0.9999873623250536
test_03827,0.8118263422837846
test_03828,0.9998946808256194
test_03829,0.031168311509652557
test_03830,0.8096574871517537
test_03831,1.6738221703858957e-05
test_03832,0.000694869029449236
test_03833,0.0006682600767934229
test_03834,0.9999509386407014
test_03835,0.9086976203022006
test_03836,2.3970925114206517e-06
test_03837,0.0008689092999782085
test_03838,6.634385903617135e-06
test_03839,0.054676502464679304
test_03840,0.999956784167713
test_03841,0.999996331656797
test_03842,0.09484013265689435
test_03843,0.9832447567142762
test_03844,2.056129543548398e-05
test_03845,0.9998349272167366
test_03846,0.9996646615398688
test_03847,4.654322763659588e-05
test_03848,0.9998918590377955
test_03849,0.9998551526105349
test_03850,0.00281351581362345
test_03851,0.10519367135436734
test_03852,0.04786284901175418
test_03853,0.9999941309553236
test_03854,0.9999956784893285
test_03855,0.0058874383002360964
test_03856,0.14379577096734725
test_03857,1.2396616683315088e-05
test_03858,0.00017705851291485402
test_03859,2.594516782004522e-06
test_03860,8.517166687890192e-06
test_03861,0.14563613962451577
test_03862,0.9937732186809083
test_03863,0.9753677595633741
test_03864,0.9998096075405504
test_03865,0.031508681929367656
test_03866,0.9999662986531771
test_03867,0.00010331644031065629
test_03868,0.00012749002197422725
test_03869,0.9996797970878053
test_03870,0.8849137292890594
test_03871,0.00043009334484321897
test_03872,7.156588396933044e-05
test_03873,0.004160533787832065
test_03874,6.801085260862362e-05
test_03875,0.06465192617981254
test_03876,0.9999913288670621
test_03877,0.04733928093610522
test_03878,0.9862825250269841
test_03879,0.9999981154120331
test_03880,0.9996521006699957
test_03881,0.0017058770731285336
test_03882,0.9999811150923466
test_03883,0.00804167387359214
test_03884,0.9999395914923547
test_03885,4.607131689172523e-05
test_03886,0.01888082308332331
test_03887,0.0014547362095467995
test_03888,0.9999802639173201
test_03889,1.3636471073013604e-06
test_03890,0.9798735513070068
test_03891,0.024031730880311276
test_03892,0.008270048333584806
test_03893,0.0039196771464012166
test_03894,0.9411901230968289
test_03895,0.020494267505884473
test_03896,0.9990784940929777
test_03897,0.9999877619027733
test_03898,0.0007735337134459846
test_03899,0.9942270308905564
test_03900,0.11548524319530404
test_03901,1.5897726929913298e-05
test_03902,0.0008291574604683342
test_03903,0.9602495931540849
test_03904,0.0005412180992614912
test_03905,0.9938134205419074
test_03906,0.0009961327164166557
test_03907,0.9999819511088546
test_03908,0.9723336495813457
test_03909,0.999956439631163
test_03910,5.037093126617875e-05
test_03911,0.9551215411269158
test_03912,0.999974362674386
test_03913,0.011548923347558901
test_03914,0.5873959177105712
test_03915,0.0010560186872382814
test_03916,0.9577036596546286
test_03917,0.9975727859570742
test_03918,0.9872109321820454
test_03919,0.9921257041505657
test_03920,0.7104977389401849
test_03921,0.02290877013411909
test_03922,0.0006571959843982866
test_03923,0.9946035699277551
test_03924,0.7509332082816224
test_03925,3.104167363274976e-05
test_03926,0.9999960640101508
test_03927,0.001604332307795863
test_03928,0.00011419690764889088
test_03929,0.9967722413304536
test_03930,0.9956126549192807
test_03931,0.9961640141414153
test_03932,9.413822817866695e-08
test_03933,0.00037858835795154976
test_03934,0.9999719487170895
test_03935,0.001097114913063676
test_03936,0.16246772580895188
test_03937,0.0006892009875437556
test_03938,0.6079840402103937
test_03939,1.6788387220238063e-06
test_03940,0.0008341251256054948
test_03941,0.08334175903073149
test_03942,0.0071229868602826684
test_03943,0.014568197784153027
test_03944,0.9995491800785652
test_03945,0.9971301878739891
test_03946,0.9079357217540376
test_03947,0.9792929701684341
test_03948,0.9988880892663355
test_03949,0.080200578780065
test_03950,0.999595661980228
test_03951,0.0032549556306427584
test_03952,0.7129034073849899
test_03953,0.9989005486337107
test_03954,0.9997773518642592
test_03955,0.0006706194112252897
test_03956,8.742940973850776e-05
test_03957,0.6149014019715453
test_03958,0.9999971054854353
test_03959,0.1866721658625267
test_03960,0.013002404849557055
test_03961,0.9942197215906162
test_03962,0.9999997422297389
test_03963,1.2334877229720167e-05
test_03964,0.9062737825851075
test_03965,1.011699131502708e-07
test_03966,0.0001774632993102008
test_03967,1.0672505303896905e-06
test_03968,0.9995903208943067
test_03969,0.9979878126673437
test_03970,0.9998993248176479
test_03971,0.00990895716853832
test_03972,0.001670698235516687
test_03973,0.9990706606715518
test_03974,0.1023007544225529
test_03975,0.9999343466228161
test_03976,0.9999940911928608
test_03977,0.991545803174271
test_03978,0.022166740380331628
test_03979,0.999911837484406
test_03980,0.9961796617116996
test_03981,0.9960611537561044
test_03982,0.9979168052613323
test_03983,0.9984637106632105
test_03984,0.9686856924292522
test_03985,0.025245038424059514
test_03986,1.2155000613562347e-05
test_03987,0.019221742452964905
test_03988,0.9975077000229186
test_03989,0.002874684701623479
test_03990,3.052698005587417e-05
test_03991,1.83640045065467e-05
test_03992,0.9982141895068805
test_03993,0.0008592784707525901
test_03994,1.2509831739521473e-05
test_03995,0.007264864308568762
test_03996,0.9999999370795021
test_03997,0.8649022513310174
test_03998,0.9991606893808038
test_03999,0.9999995212830819
test_04000,0.9986058567541743
test_04001,0.3421105938966564
test_04002,0.9999853152477737
test_04003,0.9997267680555543
test_04004,0.9780950982775701
test_04005,3.946015363136775e-05
test_04006,0.1458166426538447
test_04007,3.6848907480250057e-06
test_04008,0.004136300963981118
test_04009,0.00019551566006173688
test_04010,0.0007667693113874781
test_04011,0.001522631330042496
test_04012,1.7448061335322522e-07
test_04013,0.059748315970109815
test_04014,0.9990694081958481
test_04015,0.9996090381736783
test_04016,0.6268657897484113
test_04017,0.036890761902267095
test_04018,0.9999962694405771
test_04019,0.8931571836158102
test_04020,0.9999921026635651
test_04021,0.008053930451112284
test_04022,0.0005295254285398349
test_04023,0.5019591509724497
test_04024,0.08422579985293312
test_04025,0.00028785309445019714
test_04026,0.9999921590008785
test_04027,0.0024486814072056137
test_04028,0.011553792815083003
test_04029,0.5703747143378991
test_04030,0.9999960675053187
test_04031,4.739008018727258e-06
test_04032,0.017077024985597468
test_04033,0.9523995457514374
test_04034,0.9999783112173286
test_04035,0.9995134122302324
test_04036,0.9987721260064364
test_04037,0.9998043189883133
test_04038,0.0021156066406021715
test_04039,0.001302693686387533
test_04040,0.9999995480917693
test_04041,0.9999669133631278
test_04042,0.9992208993912354
test_04043,0.0007773421527838775
test_04044,6.777636341782943e-06
test_04045,0.0015147285535804733
test_04046,0.013509985027260496
test_04047,0.9988221505297252
test_04048,0.9994774813257996
test_04049,0.9963766948009887
test_04050,0.00013799360437639004
test_04051,0.9999991779234828
test_04052,0.9887281442295869
test_04053,0.43225499693056635
test_04054,2.4518950043535166e-05
test_04055,0.9979642352934845
test_04056,0.998338224023827
test_04057,0.9979036911207942
test_04058,0.997756267502876
test_04059,0.8595871918123807
test_04060,0.9999969892313822
test_04061,0.16223095040037488
test_04062,5.416037518242079e-05
test_04063,0.0024177684754822094
test_04064,0.9988601796188311
test_04065,0.9987684346950269
test_04066,0.9999095112328831
test_04067,0.667924536236305
test_04068,0.0005408582863167535
test_04069,5.293406974384865e-06
test_04070,0.0008561780393980278
test_04071,0.9738482028100931
test_04072,0.26196531755302793
test_04073,6.646059813234848e-06
test_04074,0.007127844029996532
test_04075,0.9991039358034175
test_04076,0.9992110595158608
test_04077,0.9870143764480515
test_04078,0.9999978915527674
test_04079,0.0012995790454852542
test_04080,0.0020739718414979
test_04081,0.9970301866261035
test_04082,5.166013355819196e-07
test_04083,0.724361349369996
test_04084,0.8905633963970259
test_04085,9.311741356559046e-07
test_04086,0.9915921862544133
test_04087,0.9989974990069548
test_04088,0.9996250550921485
test_04089,0.018786732277188637
test_04090,0.9999096207074915
test_04091,0.9969306283662883
test_04092,0.9999532940586172
test_04093,0.9999959454731193
test_04094,0.0008751607281934199
test_04095,0.2093272003477988
test_04096,0.00014056462949912463
test_04097,0.9821302700437435
test_04098,8.265160083127203e-05
test_04099,0.9999924506700126
test_04100,0.9999992339832938
test_04101,7.789872552002883e-07
test_04102,0.0001607810223765597
test_04103,7.852810455792111e-06
test_04104,0.9940062771460235
test_04105,0.0005049925197958341
test_04106,3.515032900001537e-07
test_04107,0.030654699681408607
test_04108,0.991185846819194
test_04109,0.9880271550871178
test_04110,0.6866453224998169
test_04111,0.9986969933418968
test_04112,0.2982919360507297
test_04113,0.9962601226642205
test_04114,0.7992622302623544
test_04115,0.8822121345284244
test_04116,0.9999733259401915
test_04117,0.9999747624414946
test_04118,0.01911945816026748
test_04119,4.501750935830142e-05
test_04120,0.965495462420035
test_04121,0.4256645025165476
test_04122,0.000312862741367943
test_04123,0.9998934640401991
test_04124,0.8025297231999469
test_04125,9.823230362154232e-06
test_04126,1.5918746842731077e-05
test_04127,5.209318192698672e-06
test_04128,0.9991622780562919
test_04129,0.9898080138995656
test_04130,5.360869676368235e-05
test_04131,1.9564530206685577e-06
test_04132,0.005385524707212029
test_04133,9.8035145004232e-06
test_04134,0.9992437537971104
test_04135,0.9998446030801545
test_04136,0.8810167396597668
test_04137,0.09355749718194609
test_04138,0.20917058625193105
test_04139,0.971241745624104
test_04140,0.9999887085682923
test_04141,0.017920544816127065
test_04142,0.8634052481532241
test_04143,0.8930525019899493
test_04144,0.9984152063808935
test_04145,0.9900121103955144
test_04146,0.0002698392077556071
test_04147,7.528357529935085e-06
test_04148,0.9787667933920582
test_04149,0.9887037038225168
test_04150,0.0002683995606432793
test_04151,0.937892760888991
test_04152,0.6263962923362204
test_04153,0.9750839980037587
test_04154,0.00201492586858377
test_04155,0.0002638463520844983
test_04156,0.3190208960711435
test_04157,0.9999974767159
test_04158,0.999168201411959
test_04159,0.004195356670590758
test_04160,0.9994630965595471
test_04161,0.00036725481402590063
test_04162,0.9955509710934859
test_04163,0.0020182624389114465
test_04164,0.999953456672027
test_04165,0.9999948164022596
test_04166,0.00034034759299848323
test_04167,0.011260174735368477
test_04168,0.0014751014819943853
test_04169,0.9963444401997659
test_04170,0.9999996771002199
test_04171,0.998730107129457
test_04172,0.00013919755576869463
test_04173,0.997730107112102
test_04174,8.936616364797379e-05
test_04175,0.9652319526809902
test_04176,0.9642766322564426
test_04177,7.150325810734821e-05
test_04178,0.9988085042295003
test_04179,0.016499537994419878
test_04180,1.9102280465131027e-06
test_04181,0.999368823214321
test_04182,0.9993016659205751
test_04183,0.029323897552683883
test_04184,0.9946980788397943
test_04185,0.8922040269175442
test_04186,0.7966456137145205
test_04187,0.9998341919767889
test_04188,0.0006079157954133206
test_04189,0.0001980378458287541
test_04190,0.9998744051186255
test_04191,0.9998674099618343
test_04192,4.699957098846319e-05
test_04193,0.004234414468763432
test_04194,0.0347279820945796
test_04195,1.13097873582327e-05
test_04196,0.9912186237316654
test_04197,0.00372183517916837
test_04198,0.9999798963337169
test_04199,0.020101297275858306
test_04200,0.0028952705986023818
test_04201,0.06369039438476723
test_04202,0.9993304454812137
test_04203,0.9936353052857094
test_04204,0.207580251146152
test_04205,1.2228862517721874e-06
test_04206,8.728363848197158e-05
test_04207,0.9994393523800449
test_04208,0.008790504949446632
test_04209,0.010582126694879141
test_04210,0.9975020907433517
test_04211,0.9988403038840501
test_04212,0.9942703887066761
test_04213,1.8728489983299957e-05
test_04214,0.9993684937629708
test_04215,0.010319956464955234
test_04216,0.0006039870149488085
test_04217,0.9999595107671801
test_04218,0.00011719069345137832
test_04219,0.9882794056780955
test_04220,0.0007588315555544486
test_04221,0.9875714356596572
test_04222,0.999993030986582
test_04223,0.9999978813213153
test_04224,0.9999863257955186
test_04225,0.2807014562175819
test_04226,0.9984434456201441
test_04227,0.9998489137724262
test_04228,0.9999998752825128
test_04229,0.8967142119409549
test_04230,0.0016624378228753478
test_04231,0.8446735512040819
test_04232,0.9999961347154205
test_04233,0.9999285612539989
test_04234,0.9996619508333493
test_04235,0.9981315513990876
test_04236,1.3607284235187916e-06
test_04237,0.021572317775848636
test_04238,7.295002073569547e-07
test_04239,0.996582960938728
test_04240,0.594309824237112
test_04241,0.9999075675325584
test_04242,0.9918325719065342
test_04243,1.0811661128807516e-05
test_04244,0.9995132473899572
test_04245,0.9999896474184585
test_04246,0.9998489353064026
test_04247,0.9999308950122489
test_04248,0.9999766488424059
test_04249,0.999995157393888
test_04250,0.9556132076176815
test_04251,0.999879422393133
test_04252,0.0002585502803200496
test_04253,2.747936989024289e-05
test_04254,0.00022745244191787805
test_04255,0.7349444166175044
test_04256,0.9999997198440268
test_04257,0.34840878789731144
test_04258,0.004843195273774795
test_04259,0.9995628538152664
test_04260,0.8439479717928259
test_04261,0.9873776130599813
test_04262,0.2949834139727798
test_04263,0.10369057346571488
test_04264,0.9999337806818508
test_04265,0.9997978964440033
test_04266,0.08692127404237043
test_04267,0.013065672423059437
test_04268,0.9944664211665998
test_04269,0.9987966697515714
test_04270,0.0016500763398290324
test_04271,0.011757420459474375
test_04272,0.012190375783209069
test_04273,0.9987017683240618
test_04274,0.0001308463874217089
test_04275,0.0005608257794169499
test_04276,0.9910814192447978
test_04277,0.3521971872171803
test_04278,0.9554969883672833
test_04279,6.292653824538325e-05
test_04280,0.00020250356111500072
test_04281,0.9999980732888621
test_04282,0.37874156677508464
test_04283,7.01797706815718e-05
test_04284,4.42938311186852e-05
test_04285,0.5133318257646604
test_04286,1.5234197373510634e-07
test_04287,0.9999964421443911
test_04288,0.00032518791734123233
test_04289,0.9999996984539751
test_04290,0.2998850234302266
test_04291,0.011492974226480856
test_04292,0.006170417154937858
test_04293,0.9979340138423897
test_04294,0.7783365857127841
test_04295,3.8566953192962314e-07
test_04296,0.39912973596354023
test_04297,0.9964386965715574
test_04298,0.999369822277786
test_04299,1.1992767461039663e-06
test_04300,0.0019379833107704796
test_04301,0.9995337004637707
test_04302,0.014279547207535426
test_04303,0.990822585833962
test_04304,0.9981441235849275
test_04305,0.9804290337465638
test_04306,0.0011116572426642809
test_04307,0.9887698705685347
test_04308,0.00023228888795121398
test_04309,0.995979206156103
test_04310,0.999999353507684
test_04311,0.9999785011771495
test_04312,0.31326079763752734
test_04313,0.0008819921403305194
test_04314,0.9973657686678322
test_04315,0.99999613916645
test_04316,0.002334139734545482
test_04317,0.00011948142019806907
test_04318,0.019333284415061092
test_04319,2.4308652767213192e-05
test_04320,0.005612084335914639
test_04321,0.9961165917172413
test_04322,0.8663131907636415
test_04323,0.001828471551690937
test_04324,0.9961299849978946
test_04325,0.9999678673217222
test_04326,0.9992200588740899
test_04327,0.44915723630947074
test_04328,0.0040225405405924595
test_04329,0.999848216095941
test_04330,0.9988867358921132
test_04331,0.9999233535159296
test_04332,0.004942948227956643
test_04333,5.607578779683861e-05
test_04334,0.976534645063699
test_04335,7.919053036588528e-06
test_04336,2.4443028287884914e-07
test_04337,0.9959112102237866
test_04338,0.9999987324193953
test_04339,0.9982636174341912
test_04340,0.010162617621719128
test_04341,0.9988483214464283
test_04342,0.0003783500262052677
test_04343,0.9950653149606995
test_04344,0.02034195170625958
test_04345,0.9768835518374728
test_04346,0.0001336446669703369
test_04347,0.03523608310993343
test_04348,0.9986635657360832
test_04349,0.9965751178931443
test_04350,0.9973567812484054
test_04351,0.0011162895337942789
test_04352,0.024485379590876943
test_04353,0.35088337604491804
test_04354,0.00014467491364477961
test_04355,0.9987228981720153
test_04356,0.004661442940262622
test_04357,0.7909615879790215
test_04358,5.230955967100527e-06
test_04359,0.010370559924585786
test_04360,0.3712859924611593
test_04361,0.5871498831373297
test_04362,0.0014963548544494878
test_04363,0.9990792352202007
test_04364,0.976619267474553
test_04365,0.0633204840351552
test_04366,0.006653736632674518
test_04367,0.07437759048381269
test_04368,0.011067909710686524
test_04369,0.822839999251354
test_04370,7.667985708649542e-06
test_04371,0.9999988974762445
test_04372,0.4951111546542988
test_04373,0.024522788795017153
test_04374,0.007363121157687817
test_04375,0.9999986382187859
test_04376,0.02514754803993193
test_04377,0.004405831680011172
test_04378,0.999988878674789
test_04379,5.19609274371545e-06
test_04380,0.0010992041321136244
test_04381,0.999994040774073
test_04382,0.00029217857158690273
test_04383,0.04417050774592659
test_04384,0.9993284324461553
test_04385,0.7100370057576397
test_04386,1.6779188600927858e-06
test_04387,6.531702617469193e-07
test_04388,0.00017074827867547438
test_04389,0.0004072537575786736
test_04390,0.9897970473504725
test_04391,0.9989002712316051
test_04392,0.9999196336297899
test_04393,0.996586892914985
test_04394,0.999999160664565
test_04395,0.0007130218878894299
test_04396,0.0002424470760836288
test_04397,0.8377162096655165
test_04398,6.237481754139649e-05
test_04399,0.0006216173106087514
test_04400,0.0002187124906329031
test_04401,2.4980349957933165e-05
test_04402,0.9929994163863742
test_04403,0.8670524945679176
test_04404,0.0022785158266839904
test_04405,0.9977370222913459
test_04406,0.9999211801247662
test_04407,5.052608200410492e-05
test_04408,0.9999990894429351
test_04409,0.9995750305930078
test_04410,0.9902532756633622
test_04411,0.9998939524430321
test_04412,0.9986730129100677
test_04413,0.9999969146637644
test_04414,0.9999993260888861
test_04415,3.877091033306397e-06
test_04416,0.46619257130659997
test_04417,0.059894442677874166
test_04418,1.768269244722235e-05
test_04419,3.354604900246022e-05
test_04420,5.7612906866430343e-08
test_04421,0.9990958624850153
test_04422,1.9165364869024775e-05
test_04423,0.028018569631072406
test_04424,0.029757601787191713
test_04425,0.9998850591008606
test_04426,0.10710257227885876
test_04427,0.9989776630109111
test_04428,2.1350735527050007e-05
test_04429,0.9999999978702032
test_04430,0.8099472279290185
test_04431,0.999879631572371
test_04432,3.0446928854240796e-05
test_04433,0.037155098673616965
test_04434,0.9993973131222053
test_04435,0.10930544566608731
test_04436,5.673343166826071e-05
test_04437,0.9999924152576202
test_04438,0.9196324646876377
test_04439,5.275311318663642e-05
test_04440,0.9995073167149295
test_04441,0.9999987897011844
test_04442,0.9350558256788309
test_04443,0.00018414580568337058
test_04444,0.7389005332991427
test_04445,0.9999909039956429
test_04446,0.0002449069180502157
test_04447,0.9999550664135318
test_04448,4.6281122248081435e-05
test_04449,0.9400292537539275
test_04450,0.9999855656030631
test_04451,0.0001343838737807588
test_04452,5.996128712121592e-06
test_04453,0.9997303001591806
test_04454,0.003921341050806765
test_04455,0.8762315888342352
test_04456,0.00037595705120934997
test_04457,0.1343635370107053
test_04458,0.9999965868842833
test_04459,0.020728707236186913
test_04460,7.516021027252002e-06
test_04461,0.9999904831364332
test_04462,0.0030099614489662086
test_04463,0.9960021680428285
test_04464,0.9999805890568411
test_04465,0.04477944474956784
test_04466,0.0002763523788129709
test_04467,0.9997417318528109
test_04468,0.005416609264324557
test_04469,0.00024546663256837286
test_04470,0.2860163012314106
test_04471,0.581373448338758
test_04472,0.9906968975149859
test_04473,1.226235742540503e-05
test_04474,0.0008364321113897267
test_04475,0.0002966038081827641
test_04476,0.0010080933143823169
test_04477,0.03122294139951124
test_04478,0.9998686569036628
test_04479,0.4619602879790963
test_04480,0.9984287327483506
test_04481,0.9915409555923951
test_04482,0.0003523926049530338
test_04483,0.99999393956773
test_04484,0.9677735936030407
test_04485,0.9915459158563248
test_04486,0.9982208478030713
test_04487,3.5905866940525555e-05
test_04488,0.9934705662234389
test_04489,4.549663712326095e-06
test_04490,0.9941120566207313
test_04491,0.33113039483432266
test_04492,0.0033289921886267434
test_04493,0.0021839723759680845
test_04494,0.056122008998104704
test_04495,0.9958443351009092
test_04496,4.441472762352172e-06
test_04497,0.00010660878743722086
test_04498,0.0010993621841863077
test_04499,6.396992552126151e-05
test_04500,0.9999264754203173
test_04501,1.2286512952108891e-08
test_04502,0.9995013542803668
test_04503,0.0004052845067202025
test_04504,0.017711480515270096
test_04505,0.0027797290420041357
test_04506,0.9999722108322874
test_04507,2.3661850774153732e-05
test_04508,3.828321630705569e-05
test_04509,9.821052568458131e-05
test_04510,2.707113790389984e-05
test_04511,5.700694869713047e-05
test_04512,0.9997818453238045
test_04513,0.00379164181101064
test_04514,0.9999238826081243
test_04515,0.0003259498098462149
test_04516,0.9083207380577681
test_04517,0.9954470169010917
test_04518,1.8965962075176518e-06
test_04519,0.05695551851415974
test_04520,0.13323792990399003
test_04521,0.9999993898621894
test_04522,0.9999474963091338
test_04523,0.0006792294018853713
test_04524,0.999744500335705
test_04525,0.0014307471867924186
test_04526,0.9999988841378246
test_04527,0.85825914473085
test_04528,0.9457204775200442
test_04529,0.0004405711376233788
test_04530,5.062760965431683e-06
test_04531,0.025167052142543053
test_04532,0.8668704881888627
test_04533,4.2018371611699105e-05
test_04534,0.0015456952960961653
test_04535,0.994861440453649
test_04536,3.67652784457989e-06
test_04537,0.0023810411341045135
test_04538,0.9246805916443154
test_04539,0.9999975464087292
test_04540,0.9997205809342367
test_04541,0.9999999707573639
test_04542,0.24440105026136316
test_04543,2.565867440027902e-06
test_04544,0.001335289160874548
test_04545,0.9999771117138452
test_04546,0.9998587441821222
test_04547,0.9909070057487777
test_04548,0.9998593212903395
test_04549,2.4097689800214514e-06
test_04550,0.9246472758779375
test_04551,0.999916091473537
test_04552,0.11949560122818982
test_04553,0.001964183468147134
test_04554,0.24273056194361786
test_04555,0.012783372254318992
test_04556,0.9471518553987613
test_04557,0.00010497118942725854
test_04558,0.0009535893919999192
test_04559,9.827794769033391e-08
test_04560,0.15079390848867993
test_04561,0.014950649843775445
test_04562,0.0012093996665796867
test_04563,0.999934866878849
test_04564,7.321337313789587e-10
test_04565,0.9987582557553348
test_04566,0.00010311637618733183
test_04567,0.9989999783979742
test_04568,0.6683466318845565
test_04569,0.9992789954549088
test_04570,0.0044090721224139505
test_04571,1.061890285345309e-05
test_04572,0.9999874521554576
test_04573,0.96772095708381
test_04574,5.355803343817874e-05
test_04575,0.9931618233345185
test_04576,0.9995909647725644
test_04577,0.997566990521903
test_04578,0.999934676643777
test_04579,0.0027770744178129006
test_04580,0.00044593423991664725
test_04581,0.0005939827313398389
test_04582,1.9173078743174695e-05
test_04583,0.9997892001104105
test_04584,0.9988286869552045
test_04585,0.9601352888043005
test_04586,6.832861831186174e-05
test_04587,0.9973123156068712
test_04588,0.9388104007701563
test_04589,0.9997603489535138
test_04590,0.9997569677414413
test_04591,0.9997868834921261
test_04592,5.425084189123278e-06
test_04593,0.9643303401137544
test_04594,0.0031114647599387543
test_04595,0.9846044412380321
test_04596,0.0006919475496308631
test_04597,0.0014606837039312696
test_04598,4.918702901060079e-05
test_04599,0.988232708153373
test_04600,0.0006484915859163216
test_04601,0.0005123760572933986
test_04602,0.2721684704228589
test_04603,0.9999655883303321
test_04604,0.005822088426393962
test_04605,0.9998224852656112
test_04606,0.995464401353725
test_04607,0.0011844453294467022
test_04608,0.0015320711191170258
test_04609,0.8278718282285306
test_04610,0.0002367309339143159
test_04611,0.9999672929246
test_04612,0.99999673062373
test_04613,0.999140688399705
test_04614,0.9999998263924067
test_04615,0.9999804422085641
test_04616,0.999977376008963
test_04617,0.015309881018637912
test_04618,0.9999753329926372
test_04619,0.9085354643706526
test_04620,0.00010087572351020615
test_04621,0.9998014080387239
test_04622,0.9710736490832166
test_04623,0.9995479538104297
test_04624,0.5586871274339074
test_04625,0.9995989614198401
test_04626,3.8100550855385745e-05
test_04627,0.00370832652424567
test_04628,0.9898696645893331
test_04629,0.9987332547169033
test_04630,0.9829632688916791
test_04631,0.9998772031701272
test_04632,0.0003123099209628209
test_04633,0.0025626407074026943
test_04634,0.9998132826069752
test_04635,0.9999966919621025
test_04636,0.9999966804174412
test_04637,0.9997428692004938
test_04638,0.9226258862723264
test_04639,0.9999854908061018
test_04640,0.9999767596473149
test_04641,0.9944010152997445
test_04642,0.06368696063387373
test_04643,0.9889436779108597
test_04644,0.9973196572237739
test_04645,0.9915781225155935
test_04646,0.7596346980044302
test_04647,0.9999716832256881
test_04648,0.7045114429035307
test_04649,0.9892700986170937
test_04650,0.0036320081570760136
test_04651,0.9996930425811709
test_04652,3.5855460309651188e-06
test_04653,0.9999948677723206
test_04654,0.0009004669694538808
test_04655,0.7432658643377444
test_04656,9.552763358500491e-06
test_04657,0.9998092284797726
test_04658,0.9997877847278573
test_04659,0.990535273751957
test_04660,0.285275064306375
test_04661,0.0019381035884964068
test_04662,0.007084314405091214
test_04663,0.0005719677066873989
test_04664,0.001718841839573037
test_04665,0.9999105119206718
test_04666,2.1453103180905158e-05
test_04667,0.9999044327755918
test_04668,0.000772842162377508
test_04669,0.9959232827417756
test_04670,0.999468806154445
test_04671,0.004494922622901135
test_04672,0.018277762199851798
test_04673,0.0025090336951474894
test_04674,3.499236327008117e-05
test_04675,0.004264941988974261
test_04676,0.004227264184536762
test_04677,0.9998026780576496
test_04678,0.9986065874334287
test_04679,0.0039964181605918
test_04680,0.9736609351721163
test_04681,0.9999224024899906
test_04682,4.6744873297945337e-05
test_04683,1.555669817505319e-05
test_04684,8.669568192150349e-05
test_04685,0.9913904964924463
test_04686,0.9999956812665225
test_04687,0.9998682729468688
test_04688,0.2495162422010014
test_04689,0.9590036287519065
test_04690,0.9985505655748906
test_04691,0.00685688935426872
test_04692,0.00010141042742484677
test_04693,0.999828427259831
test_04694,0.9546542406985483
test_04695,0.011827278145589658
test_04696,0.9999844327946679
test_04697,0.0003262232145767437
test_04698,9.472296026538262e-05
test_04699,0.0029459351579543074
test_04700,0.9999996022994245
test_04701,0.01573251650870689
test_04702,0.02214170422235616
test_04703,0.9997403853521952
test_04704,0.014304978519143396
test_04705,0.1487719954544464
test_04706,1.0942968404645292e-06
test_04707,0.8521994290592664
test_04708,0.00013029532861726691
test_04709,0.009653675584776932
test_04710,0.9981840269517387
test_04711,0.9985057280737746
test_04712,0.9999922732969556
test_04713,0.8878889665357744
test_04714,0.0010170631602294301
test_04715,0.9999973942643527
test_04716,1.1808327578346604e-05
test_04717,0.0003128818241258728
test_04718,0.00770527167172121
test_04719,0.0016919126693987969
test_04720,0.9999532179504091
test_04721,0.9997878816981571
test_04722,0.9998267204591427
test_04723,0.9996115463778541
test_04724,0.9997691332886363
test_04725,0.9883803784174299
test_04726,0.4823300591172493
test_04727,0.9998545819600814
test_04728,0.9974658966359448
test_04729,0.0009753519690042608
test_04730,1.8798366519857656e-06
test_04731,2.8832728633527064e-05
test_04732,0.9958811918515723
test_04733,0.018916783662842628
test_04734,0.9998894627858228
test_04735,0.9999993888574261
test_04736,0.0005468890486853933
test_04737,0.05295669200194417
test_04738,0.00014714939801630487
test_04739,0.0007864044675648432
test_04740,0.9998378809455544
test_04741,0.966420715857636
test_04742,0.9987730116222095
test_04743,0.8823344047787327
test_04744,0.9985172165255831
test_04745,0.9752304569240342
test_04746,0.00043284127752416077
test_04747,0.0012291702796964324
test_04748,0.48474339152188733
test_04749,0.9935408438908085
test_04750,0.94196820268223
test_04751,0.9999969631201377
test_04752,0.0004631452385331377
test_04753,0.998785251498896
test_04754,0.0001539331203735942
test_04755,0.020388042542645743
test_04756,5.040047681148233e-05
test_04757,0.00041346458405880316
test_04758,3.442152362433033e-07
test_04759,0.9926196357589108
test_04760,0.9911101938286797
test_04761,0.8964912388732826
test_04762,0.00011840531337625914
test_04763,0.21727119234791545
test_04764,0.9932446059674523
test_04765,0.9998773768993101
test_04766,0.0008295750980285403
test_04767,0.9999694576465884
test_04768,0.011994845837887966
test_04769,0.9998662096303463
test_04770,0.9998934079918733
test_04771,8.33978385840667e-06
test_04772,0.8549825999551145
test_04773,0.9999917807429851
test_04774,5.2233383339940086e-05
test_04775,0.9574330466601964
test_04776,0.9967490457090427
test_04777,0.002717175532546674
test_04778,0.5578193408276098
test_04779,0.20214258542869729
test_04780,0.9965830494959315
test_04781,0.2452253707300572
test_04782,1.2226308856121542e-05
test_04783,0.9958170791661624
test_04784,4.8272599409456716e-05
test_04785,0.9965382187902264
test_04786,0.0002483606564382633
test_04787,0.9993872417244262
test_04788,0.0004742455867272996
test_04789,1.1333951998791427e-05
test_04790,0.9996299715757244
test_04791,1.9065239596228806e-06
test_04792,0.9993849418110778
test_04793,0.999998230845389
test_04794,0.0013589284551103731
test_04795,8.919303536800492e-07
test_04796,0.10730593328591495
test_04797,0.9999908246365513
test_04798,0.9998734865251098
test_04799,0.2934332399907518
test_04800,0.9999982364615193
test_04801,0.19593229749937435
test_04802,0.022744290192002272
test_04803,0.9999840574100687
test_04804,0.9808844248572569
test_04805,3.6165924588797746e-05
test_04806,0.9218117981752382
test_04807,0.08885743749840853
test_04808,0.23650672862394728
test_04809,0.99997349040003
test_04810,0.21018434820074894
test_04811,4.802809618483722e-06
test_04812,0.9996873330830492
test_04813,0.9999926106543949
test_04814,0.00012409447585115145
test_04815,0.9461822293403337
test_04816,0.6382311185308972
test_04817,0.0005283026258242692
test_04818,0.00798981774276645
test_04819,0.004388571310606025
test_04820,0.002676364375283476
test_04821,0.9999065322610114
test_04822,0.7042709477800488
test_04823,0.999998340055308
test_04824,0.00019842596706626635
test_04825,0.0045011080134743945
test_04826,0.8715920945659755
test_04827,8.829328798357758e-05
test_04828,0.9985446237199403
test_04829,0.9999991291512643
test_04830,0.0012598782010581424
test_04831,0.5628361373346941
test_04832,0.9942106051675691
test_04833,0.01029505684723388
test_04834,0.00047940277956983016
test_04835,0.9999998300140305
test_04836,0.0009385242374515727
test_04837,0.584466984679776
test_04838,0.007473768885172892
test_04839,2.1613937350935468e-05
test_04840,2.602405914971619e-06
test_04841,0.00025508945241734654
test_04842,0.9683890969030313
test_04843,0.00019709489406124906
test_04844,2.431404874079773e-07
test_04845,0.9999999559745677
test_04846,0.00043358087768367127
test_04847,0.9878821654195791
test_04848,0.6622511468718093
test_04849,0.9145513607528011
test_04850,0.99984165081749
test_04851,0.9988752649584154
test_04852,0.9993301373683722
test_04853,0.004783478882218453
test_04854,0.000663910933426446
test_04855,0.9999969643368096
test_04856,0.053063319251273826
test_04857,0.00023712144410292595
test_04858,0.999838128062123
test_04859,0.038270505416667724
test_04860,0.006825822174046533
test_04861,0.9995474090340168
test_04862,0.0006705872685563508
test_04863,0.005482624023668973
test_04864,0.712512262289205
test_04865,0.00012303252853695677
test_04866,0.0005800464085822122
test_04867,0.0052149298996026746
test_04868,5.228772908308846e-05
test_04869,0.4778420679762055
test_04870,0.9994839999221274
test_04871,0.9999976462700626
test_04872,0.9989034603258201
test_04873,0.9864226229882158
test_04874,0.0006781363955168163
test_04875,0.9940100657490257
test_04876,0.0015974101397941633
test_04877,0.9863381803302285
test_04878,0.04089385759106812
test_04879,0.99422358669932
test_04880,0.0019211745282483312
test_04881,1.3159399581647586e-05
test_04882,0.9735989671487516
test_04883,0.9992080023642277
test_04884,0.0016872039155774652
test_04885,2.609954949636411e-06
test_04886,0.9999554776232527
test_04887,0.018373211205440818
test_04888,0.0006730219032737961
test_04889,0.9978137710301804
test_04890,0.01519422268399788
test_04891,0.9995692629968033
test_04892,0.010306876424194023
test_04893,0.48042341264773913
test_04894,0.0031637447071465323
test_04895,8.71787149719175e-06
test_04896,6.674375908260746e-05
test_04897,0.0008171829109010115
test_04898,7.62116464376966e-05
test_04899,6.686844451830138e-05
test_04900,0.9992072089117413
test_04901,0.9059684976439275
test_04902,0.0001860215717141432
test_04903,0.9997901076511035
test_04904,0.999558989967857
test_04905,0.009296228449758102
test_04906,0.9994167124394817
test_04907,0.998306922284428
test_04908,0.010248891521845396
test_04909,0.9992889035581919
test_04910,0.9986933089808535
test_04911,0.966297843568667
test_04912,0.9999941338007785
test_04913,0.9975947072027767
test_04914,4.466601088866441e-05
test_04915,0.9998933536995637
test_04916,0.0007128505451881429
test_04917,0.9999288282172626
test_04918,0.9939588703558145
test_04919,0.1938352589955419
test_04920,0.2404095651768232
test_04921,0.9999665823875935
test_04922,3.3887177792307145e-06
test_04923,0.00820066706067158
test_04924,0.0024041054960285083
test_04925,0.999499982623424
test_04926,0.9999994050319361
test_04927,1.7428717987844336e-05
test_04928,3.168052406007274e-06
test_04929,0.9999997977223253
test_04930,0.04840581747458461
test_04931,0.9841642264114288
test_04932,0.9998236313155149
test_04933,0.9996468176711073
test_04934,0.02285349539039811
test_04935,3.0870772078044226e-05
test_04936,0.999989121977193
test_04937,6.146216211890921e-06
test_04938,0.00029983628954779025
test_04939,0.9982866036446838
test_04940,0.9902703385005257
test_04941,0.9960121643812025
test_04942,0.00711030364293322
test_04943,0.9995438833698853
test_04944,0.9847142482507806
test_04945,0.00028440537855854746
test_04946,9.732885119366318e-05
test_04947,0.9890654782552086
test_04948,0.9999998006991149
test_04949,0.9986278543232442
test_04950,0.025381687981082163
test_04951,0.016831853045225192
test_04952,0.9997422758499479
test_04953,0.00012996650904550792
test_04954,0.9981067222159533
test_04955,0.999999146609077
test_04956,0.9946360513538376
test_04957,0.9893114672251729
test_04958,2.015795504563787e-05
test_04959,0.0002017603850096824
test_04960,0.5498641849113114
test_04961,0.4253296531434911
test_04962,0.9985378571918813
test_04963,0.00013217538313574392
test_04964,0.8661767758958091
test_04965,0.9999965753698135
test_04966,0.9999995887054558
test_04967,0.10152430553725622
test_04968,0.0439626435246754
test_04969,0.9559985695269774
test_04970,0.9998914075335913
test_04971,0.9999888906883123
test_04972,2.866741949146588e-08
test_04973,0.999794980553116
test_04974,0.997765966057036
test_04975,2.440921736710643e-05
test_04976,0.006635499390301288
test_04977,2.385032674865705e-06
test_04978,0.0028073127477587245
test_04979,0.0034662719768745187
test_04980,0.994178258137539
test_04981,0.9999993597056688
test_04982,0.9995742558099904
test_04983,0.0008408144270541343
test_04984,0.9282890385064813
test_04985,0.9977223373999491
test_04986,0.0011270437345550026
test_04987,0.9999797756556781
test_04988,7.93104144045248e-05
test_04989,3.0424096779939387e-06
test_04990,0.9999921797898141
test_04991,4.435676405618947e-06
test_04992,1.4071219713983479e-05
test_04993,0.9999759808931443
test_04994,7.091072212494042e-05
test_04995,0.9973437184304497
test_04996,0.7467842099313833
test_04997,0.00011121794958985552
test_04998,0.0018183820376044583
test_04999,1.139250095550174e-05
test_05000,0.9831536644491841
test_05001,0.9999935826921719
test_05002,0.1320251586587308
test_05003,0.9940563325148263
test_05004,0.26470994201194326
test_05005,0.9906341636933951
test_05006,0.000893147852614413
test_05007,0.517470560437369
test_05008,0.9999995541391088
test_05009,0.9944361800975324
test_05010,2.4285661742015966e-05
test_05011,0.27359990075382606
test_05012,0.9989964170462153
test_05013,0.9999212897627067
test_05014,0.9999671721723536
test_05015,0.9999861208684826
test_05016,0.6135565485027552
test_05017,0.9995488957431539
test_05018,0.07742555069731165
test_05019,0.0008524698954333361
test_05020,0.997509952979856
test_05021,0.02088100306242088
test_05022,0.9999994971799825
test_05023,0.9985834355447585
test_05024,0.998216132173249
test_05025,0.007916784226388458
test_05026,0.9544656925416897
test_05027,0.9122352294427655
test_05028,0.99999699158755
test_05029,0.9958927647624282
test_05030,0.9943792107600916
test_05031,0.006727580478602361
test_05032,0.9842621110798261
test_05033,0.9999768035708082
test_05034,0.39677272447640205
test_05035,0.2024865849144826
test_05036,0.9992397046216157
test_05037,0.9989974057638413
test_05038,0.003262830731581886
test_05039,0.997393032332251
test_05040,0.9620646933677532
test_05041,0.9999923768718583
test_05042,0.9978569317755446
test_05043,0.999058844086004
test_05044,0.9835322649141787
test_05045,0.9940471516734968
test_05046,0.003381974535679809
test_05047,0.9999897372481307
test_05048,0.011614222097548067
test_05049,0.9998354963505782
test_05050,0.5370588175896012
test_05051,0.11433395231661678
test_05052,0.9965567232966781
test_05053,0.9999996954117638
test_05054,3.827308941479421e-05
test_05055,0.005764413220204935
test_05056,0.9417183705908326
test_05057,0.9999999422166144
test_05058,0.9946529969239833
test_05059,5.424445485008944e-05
test_05060,0.9998314646801595
test_05061,0.9999388450057675
test_05062,0.0009461607227390561
test_05063,0.999999295619234
test_05064,0.9908281648414828
test_05065,0.005418191727408248
test_05066,0.0022657566981230766
test_05067,0.9998977600124145
test_05068,0.9978657921608647
test_05069,0.934284040844312
test_05070,0.02786389335167756
test_05071,0.005680629928854116
test_05072,0.15171548011801092
test_05073,0.00299975725320459
test_05074,0.0008225579896705695
test_05075,0.9998997930465056
test_05076,0.9984654775822086
test_05077,2.5557190689600483e-07
test_05078,0.9999638001282947
test_05079,0.001117431072655516
test_05080,0.9999998221466021
test_05081,0.012117061045586469
test_05082,2.4473742997518258e-05
test_05083,0.9948756206594891
test_05084,0.9988056113053052
test_05085,0.9999999086394208
test_05086,0.9260080703434289
test_05087,0.31359175246353194
test_05088,0.9771860033505964
test_05089,0.01744578031088056
test_05090,0.009922081950781987
test_05091,0.9998898593278015
test_05092,3.952226127043338e-06
test_05093,0.00022818217034499216
test_05094,0.9645838525907793
test_05095,0.9999101771449876
test_05096,3.5646352906236315e-05
test_05097,0.9999772384964518
test_05098,0.0005859392798297496
test_05099,0.9999120687295516
test_05100,0.00020679356369427508
test_05101,0.08677052954998996
test_05102,6.281017487456413e-07
test_05103,0.9999963450302856
test_05104,2.1841302791058458e-05
test_05105,0.995476784834801
test_05106,0.9954905226392979
test_05107,2.0957328667319844e-05
test_05108,0.0030221732751064246
test_05109,1.0859433717946712e-06
test_05110,0.9985382262208026
test_05111,0.9831172951923267
test_05112,0.9235126177560415
test_05113,0.4922894841104727
test_05114,0.3152359291414362
test_05115,1.5096846937516158e-05
test_05116,0.019262044599561115
test_05117,0.996911624237191
test_05118,0.0011323978512345202
test_05119,0.9998105515864306
test_05120,0.9998483870338158
test_05121,0.00021780236349865545
test_05122,0.003830698675889779
test_05123,0.0029275431614997215
test_05124,0.00019322730560035315
test_05125,0.9894236725363462
test_05126,0.99793579901256
test_05127,0.9998423584347974
test_05128,0.13132133516309988
test_05129,0.988251213872811
test_05130,0.004899494366824958
test_05131,0.0013884393421789386
test_05132,0.039535448697896824
test_05133,0.0028820358145813067
test_05134,0.776280400203966
test_05135,0.0018504205321549583
test_05136,0.417011637924507
test_05137,0.9999693567420486
test_05138,0.9672637715527517
test_05139,0.9961116334700374
test_05140,0.9997944110401984
test_05141,0.38132733458229456
test_05142,0.9688337456465241
test_05143,0.1801039083118419
test_05144,0.5010474681077843
test_05145,0.9999962517890287
test_05146,0.9997314054264519
test_05147,0.701912496510559
test_05148,0.021724942340364005
test_05149,0.00581210631834484
test_05150,6.3283129784883885e-06
test_05151,0.999985606442939
test_05152,0.9999638864702008
test_05153,0.04793841530600944
test_05154,0.004489572256723458
test_05155,0.2327874863370445
test_05156,0.9921326432571848
test_05157,0.014606392706224264
test_05158,0.995890653822889
test_05159,0.00028601336921783415
test_05160,0.8742780463290817
test_05161,0.9848231768029176
test_05162,9.913987763801653e-06
test_05163,3.663497626474095e-05
test_05164,0.027306648740670132
test_05165,9.706119046914184e-05
test_05166,0.9993628545193272
test_05167,0.8113787727029973
test_05168,0.9511777021302261
test_05169,0.9739896707013505
test_05170,1.2686540927134126e-05
test_05171,0.9999652282304686
test_05172,0.9938683241823413
test_05173,0.015048986611743682
test_05174,0.9825279071696412
test_05175,0.0009537744314382984
test_05176,1.91708524674348e-05
test_05177,0.9909490925999788
test_05178,0.934118844128848
test_05179,4.608671426194395e-06
test_05180,0.006069854807274525
test_05181,0.05432308004985642
test_05182,3.755410951727177e-05
test_05183,0.007346643660259172
test_05184,0.9999994305812239
test_05185,0.9999871892968605
test_05186,0.9999000771731644
test_05187,0.9971590762292616
test_05188,0.9999923164202207
test_05189,0.970198607055246
test_05190,0.9222169629528605
test_05191,0.9994447113850762
test_05192,0.00035291770979848985
test_05193,1.3481142908758018e-06
test_05194,0.9527395577491914
test_05195,0.058559684410611365
test_05196,0.0004520713228380611
test_05197,1.4701069459686948e-05
test_05198,0.9999596195082673
test_05199,0.9017292733736718
test_05200,0.9999935136775587
test_05201,0.9999861270941995
test_05202,0.996067322368709
test_05203,0.99955167312859
test_05204,2.487958292463746e-06
test_05205,0.0025607090159248786
test_05206,0.9986157697009683
test_05207,0.00019085954457882277
test_05208,0.9930294369352374
test_05209,0.14550690090574359
test_05210,0.9948558300826239
test_05211,0.9550064263146901
test_05212,0.9999999780301088
test_05213,0.0006855968762127799
test_05214,0.0018271287988233997
test_05215,0.9938676571315804
test_05216,0.998385133736512
test_05217,0.9915959749534756
test_05218,0.9999771420500176
test_05219,0.34074225023854116
test_05220,0.999984456628436
test_05221,1.7568662869789337e-05
test_05222,0.037683675609351874
test_05223,0.9999995780509205
test_05224,0.0013436905508465641
test_05225,0.9999967774846804
test_05226,1.020876334461354e-06
test_05227,0.9994063454882081
test_05228,0.8784684354887212
test_05229,0.0025892485865328025
test_05230,0.001018376305944213
test_05231,0.0017092403756413144
test_05232,0.0008320207018519489
test_05233,0.7429160559185105
test_05234,0.00033373607909885177
test_05235,0.9994718454211764
test_05236,0.9378615073255874
test_05237,0.9999521556197816
test_05238,1.975065613895811e-07
test_05239,0.851336420827542
test_05240,0.9999971935455133
test_05241,8.234416480945929e-05
test_05242,0.6693979405081754
test_05243,0.9999993450736534
test_05244,0.7813273879803481
test_05245,1.8752301639897208e-06
test_05246,0.7018051553354372
test_05247,0.013241613998849674
test_05248,0.0002769096956385726
test_05249,0.8752987304908892
test_05250,0.9621245765837648
test_05251,0.999968679424038
test_05252,3.627678138039162e-05
test_05253,0.0004482875839672673
test_05254,0.9938901249381752
test_05255,0.9084701760223524
test_05256,0.0034755708133129455
test_05257,0.9812390890664966
test_05258,0.38628248091447975
test_05259,5.892115072112683e-05
test_05260,0.998313994974324
test_05261,0.9999943044998159
test_05262,0.7912042951558627
test_05263,0.99999483554916
test_05264,0.9984827918806863
test_05265,5.985123446571441e-05
test_05266,0.9999190040825596
test_05267,0.9999440763923626
test_05268,0.9415764450995232
test_05269,0.989768295108463
test_05270,0.9971538274274216
test_05271,0.9924533557072538
test_05272,0.9999983105296572
test_05273,3.447609659420251e-05
test_05274,0.002102440250728708
test_05275,0.0022533510492197726
test_05276,0.9953731293804361
test_05277,0.49940824559070257
test_05278,0.9912746420542984
test_05279,3.655446645658582e-05
test_05280,0.01883232858519661
test_05281,0.9997512436312966
test_05282,0.003393156060827498
test_05283,0.999603604035406
test_05284,0.9603396672053587
test_05285,0.0007361371807720636
test_05286,0.9996541101415386
test_05287,6.078999115440252e-07
test_05288,0.9989737936831837
test_05289,0.9999791475943675
test_05290,0.9999401748426326
test_05291,7.008485700929648e-08
test_05292,0.9997271066529003
test_05293,0.00021691600665535692
test_05294,0.2911947003977567
test_05295,0.9999391960298093
test_05296,0.001973335763823863
test_05297,0.00010934692359843857
test_05298,0.9999334322104934
test_05299,0.9978530709099129
test_05300,0.0023933533172686887
test_05301,1.2898461212726881e-06
test_05302,5.6293799443420735e-05
test_05303,0.9999967442599639
test_05304,0.022245330604666224
test_05305,0.9999811508125592
test_05306,0.10455155957698746
test_05307,0.9764217116612375
test_05308,0.9999984326607015
test_05309,3.8831661129135865e-07
test_05310,0.0006822191527144174
test_05311,0.9995754310458933
test_05312,0.9999991615627721
test_05313,0.9999638650546416
test_05314,0.9883385814855604
test_05315,1.4200436159528152e-06
test_05316,0.9974837081349075
test_05317,0.9999991587276215
test_05318,0.1143494113677959
test_05319,0.9999866661771305
test_05320,0.9998732011006206
test_05321,0.9999960236231932
test_05322,0.6043358335879939
test_05323,0.9854862209711877
test_05324,0.999995810225717
test_05325,0.9973101990307583
test_05326,0.9999999538343879
test_05327,0.9949184777701225
test_05328,0.0009389052328507861
test_05329,0.9999973102870682
test_05330,0.0015451770700923649
test_05331,0.0036189251495110874
test_05332,0.0016922134849381657
test_05333,0.4312992691918876
test_05334,0.01940651154129548
test_05335,0.021722080223928922
test_05336,0.9933738299957939
test_05337,0.9998879816204166
test_05338,0.9999599911429479
test_05339,0.0004763214276731292
test_05340,0.9995121291757668
test_05341,0.10051486731616012
test_05342,0.0004956829152765708
test_05343,0.9939860932650485
test_05344,5.2790635447422925e-08
test_05345,0.001294506104632298
test_05346,0.9996093819136619
test_05347,0.02949474587918145
test_05348,0.9408775249379654
test_05349,0.88010911899466
test_05350,0.06654525679514739
test_05351,0.9997271248942768
test_05352,0.00042481079557118556
test_05353,0.0006476302524409192
test_05354,2.3967520836826073e-05
test_05355,0.00032052287669475234
test_05356,0.004043116083404474
test_05357,0.9924925153335393
test_05358,0.04697528896796603
test_05359,1.659280156115052e-07
test_05360,0.0005764879859248422
test_05361,0.9939074747976423
test_05362,0.9987845431449531
test_05363,0.0002474144729517537
test_05364,0.9999973302311997
test_05365,0.15392370319075943
test_05366,0.023709257488375268
test_05367,5.6622805262807086e-05
test_05368,0.03005564722868641
test_05369,1.527488283226481e-05
test_05370,0.999874652491187
test_05371,0.0029994537262157846
test_05372,0.6792527255458769
test_05373,0.9998398592934713
test_05374,0.02473920837562344
test_05375,1.317218089807208e-05
test_05376,0.005442313729343144
test_05377,0.9605838890170302
test_05378,0.9999998965662142
test_05379,0.999994418451594
test_05380,0.004798728019674414
test_05381,0.9991137718479642
test_05382,0.5570614590550198
test_05383,0.9995728101109965
test_05384,0.30200022214798944
test_05385,0.9975154997598834
test_05386,0.6155975660597178
test_05387,0.9998951043491341
test_05388,0.9999834660898639
test_05389,2.7382124809801038e-06
test_05390,0.9998044320189271
test_05391,0.9999921912187545
test_05392,0.32808616538117824
test_05393,0.986630736161676
test_05394,0.9973959325201103
test_05395,0.9972554886243266
test_05396,0.053309317251738125
test_05397,0.0025953230791797037
test_05398,0.9994408174501223
test_05399,0.9897161564862539
test_05400,0.9502167828327133
test_05401,0.6563330688332684
test_05402,0.994404604720106
test_05403,0.9996382242549785
test_05404,0.9920303720897373
test_05405,0.0003865515498801243
test_05406,0.9999989712060094
test_05407,0.8647125914972343
test_05408,0.9986578845022388
test_05409,0.0003902457358996008
test_05410,0.9997510802506687
test_05411,0.9999757713342396
test_05412,0.9989816747758219
test_05413,0.0030266253636558813
test_05414,0.0018285084032800055
test_05415,0.0761851085235482
test_05416,0.9539773715580847
test_05417,0.00011159365873250965
test_05418,0.999992272427465
test_05419,0.9999725223794637
test_05420,0.0029572757761683914
test_05421,0.9928997713008818
test_05422,0.9848242337483203
test_05423,0.1941241164406591
test_05424,2.5778468561520943e-05
test_05425,0.28389961446872464
test_05426,0.002259287376603381
test_05427,2.322890072053641e-08
test_05428,0.9999998891035028
test_05429,0.9885522858849028
test_05430,0.9997399323425079
test_05431,0.00018909844433749753
test_05432,0.9999967165291347
test_05433,0.9997913782071647
test_05434,0.9999999114948012
test_05435,0.9999779146795685
test_05436,0.0006000083299717963
test_05437,0.8906576672864511
test_05438,0.16132700309763545
test_05439,0.0008696548588162346
test_05440,2.8511758657749334e-06
test_05441,0.999985351898896
test_05442,0.9996588737484281
test_05443,5.110149686306752e-05
test_05444,0.999987193884848
test_05445,0.005851351072398827
test_05446,4.8833581490933255e-06
test_05447,0.8806153473855036
test_05448,0.9997591399639267
test_05449,0.00022147599949885998
test_05450,0.9997630441343369
test_05451,0.05019503374020946
test_05452,0.999998510237757
test_05453,0.9999757520524586
test_05454,0.036662073339247224
test_05455,0.0002654213333343178
test_05456,5.705593789481594e-07
test_05457,5.738054303634168e-05
test_05458,0.006729144909408861
test_05459,8.985249237840187e-07
test_05460,0.9998211029688561
test_05461,0.00011059092285244687
test_05462,0.9913482330796173
test_05463,0.9999981407685836
test_05464,0.9999946044667561
test_05465,0.05571244346555998
test_05466,0.9997280624705039
test_05467,0.03105982102676228
test_05468,0.9950227730037902
test_05469,0.9963575901004221
test_05470,0.001460223036261593
test_05471,0.017508547315988273
test_05472,0.9989878835993604
test_05473,0.8282388148354207
test_05474,7.159829540911667e-05
test_05475,0.0007919737585399824
test_05476,6.453398724458033e-06
test_05477,0.5565666359789602
test_05478,0.9311023941571004
test_05479,0.9752472356590023
test_05480,9.052817855179792e-06
test_05481,0.9975147122371213
test_05482,5.6878128621378996e-05
test_05483,0.9885537033251885
test_05484,0.0006079681996131732
test_05485,4.535975316553607e-06
test_05486,0.8406720761918113
test_05487,0.5550088243864534
test_05488,0.9999970581347482
test_05489,0.0016496996443337146
test_05490,0.0005017475574213826
test_05491,0.7511330667637905
test_05492,3.203662617249684e-05
test_05493,0.006252094742300651
test_05494,0.9957276904538536
test_05495,0.9999944331753867
test_05496,0.9972960077334004
test_05497,0.001078856869455227
test_05498,9.452076180055417e-05
test_05499,0.00018272919960834902
test_05500,0.998452762734189
test_05501,0.9990793296804897
test_05502,3.365873003994441e-08
test_05503,0.00043539666486173343
test_05504,0.9999179814613612
test_05505,0.9924437176919332
test_05506,0.01944078452311135
test_05507,5.779497626341752e-05
test_05508,0.9999670371435507
test_05509,8.946270475217375e-06
test_05510,0.9999908775472139
test_05511,0.9742733935329999
test_05512,0.0005728184057237637
test_05513,0.002316503414972958
test_05514,0.0005026284109112476
test_05515,0.00039902900883332027
test_05516,0.0001834173285124947
test_05517,0.00014015614628441427
test_05518,7.332901359375937e-05
test_05519,0.11528584034672217
test_05520,0.9812697126964665
test_05521,0.9986099253674917
test_05522,3.693421317003029e-05
test_05523,0.99998712550172
test_05524,0.9869061217204155
test_05525,0.00025979099526885776
test_05526,0.004437178442177595
test_05527,0.9539135884871541
test_05528,0.00018284334199424631
test_05529,0.9999215587388846
test_05530,3.451434385783794e-05
test_05531,4.406650990040081e-06
test_05532,0.9959333219880676
test_05533,0.9900869596108564
test_05534,0.999862621017637
test_05535,0.9995241103328253
test_05536,0.9918505155756654
test_05537,0.999688714150053
test_05538,0.8904094378885521
test_05539,0.9991729100848048
test_05540,0.7062852752252633
test_05541,0.11689081297674493
test_05542,0.015452606961267525
test_05543,0.00012577933098073597
test_05544,0.9999936981142039
test_05545,0.0013900593159468383
test_05546,0.013798881593360356
test_05547,8.85013892654512e-05
test_05548,0.9995883883605049
test_05549,0.28082998237988327
test_05550,5.2908095329890306e-05
test_05551,0.9904317793105544
test_05552,0.0850154726545693
test_05553,0.9993606215452276
test_05554,0.9985950440678981
test_05555,0.9999841182730081
test_05556,0.999999813587176
test_05557,0.9990203651324098
test_05558,0.09736731635471244
test_05559,2.2668160756769987e-06
test_05560,0.9999924997738966
test_05561,0.001024749106651767
test_05562,0.9999776463492104
test_05563,0.8949217327203873
test_05564,0.998172522230755
test_05565,0.9987331903212812
test_05566,0.0013737165276455875
test_05567,0.999987840318543
test_05568,0.9994661941023579
test_05569,0.8375609927182532
test_05570,0.0004439906921338711
test_05571,0.9998316475988519
test_05572,0.999942764282314
test_05573,0.999983319329041
test_05574,0.08392659881607815
test_05575,0.9945091380597965
test_05576,0.06481938149055011
test_05577,0.9998076812940125
test_05578,0.9982714983014046
test_05579,0.00010841837345019811
test_05580,0.026386641818569482
test_05581,0.014961754428521972
test_05582,0.9999830694801322
test_05583,0.0008658869991589151
test_05584,0.9999488086216225
test_05585,0.00014965452033522067
test_05586,0.03501709362341018
test_05587,0.00016782014277100916
test_05588,0.9999114292117113
test_05589,1.2998893399089388e-07
test_05590,0.9385709790688033
test_05591,0.005436303579492491
test_05592,0.004216405412576678
test_05593,0.9999978142421224
test_05594,0.9998245330774707
test_05595,0.9999449864542307
test_05596,0.9996554841843054
test_05597,0.00025754183196850095
test_05598,0.8986432325933152
test_05599,0.0012610789047019979
test_05600,0.9997988965398888
test_05601,0.9999928212576542
test_05602,0.25323397982754187
test_05603,0.6100159340210584
test_05604,0.9993074106658149
test_05605,0.9905996080355364
test_05606,0.0001872803793322151
test_05607,0.04332809984016817
test_05608,0.0063625439879837825
test_05609,0.00010424521383362015
test_05610,0.9999906749583013
test_05611,0.009593542583573972
test_05612,0.9985539357662849
test_05613,0.27933435879806323
test_05614,0.052631440784444816
test_05615,0.9955703347849509
test_05616,0.0034429905816207368
test_05617,0.0006839507684887473
test_05618,3.249195812751194e-06
test_05619,0.0007315850866254435
test_05620,0.007994268684538503
test_05621,0.011546045302160773
test_05622,0.9989115516312045
test_05623,5.608118684651797e-05
test_05624,0.9859368601960763
test_05625,0.00026765884362815094
test_05626,0.9998558572134583
test_05627,9.761992006473545e-06
test_05628,0.1812030723338551
test_05629,0.00010451791029190456
test_05630,2.511596945196505e-05
test_05631,1.094958027635717e-05
test_05632,0.9999261680869505
test_05633,0.9999998392706991
test_05634,0.9998196379501766
test_05635,0.00012225151590423291
test_05636,0.9999914856280832
test_05637,0.9967297511700048
test_05638,0.05634061173478652
test_05639,0.9990527431931192
test_05640,0.999938731198237
test_05641,0.006859961721476138
test_05642,0.9999998902983387
test_05643,0.5436264146852882
test_05644,0.13833774813475025
test_05645,0.9999384711704454
test_05646,0.15731602524560673
test_05647,0.00016233034807689792
test_05648,1.056651910219292e-06
test_05649,0.001128853673656461
test_05650,0.9998964816714931
test_05651,0.007547963183193326
test_05652,0.9993561938384299
test_05653,0.001622394290303593
test_05654,0.9175951608921846
test_05655,0.9994658543880605
test_05656,0.35262972505652795
test_05657,0.0006004252246708797
test_05658,3.066439245165181e-06
test_05659,0.9998922212660379
test_05660,0.999994528308962
test_05661,0.007405772570473421
test_05662,0.99997779785666
test_05663,0.9995986893165101
test_05664,0.9993425776161753
test_05665,0.028554454126902593
test_05666,1.892032283481027e-05
test_05667,0.0010543171624864923
test_05668,0.007999526235405896
test_05669,0.9999814158970757
test_05670,0.02677912368016512
test_05671,0.10033087864480575
test_05672,0.9996551895377737
test_05673,0.00026362840401689033
test_05674,0.002252970780597887
test_05675,0.3899105697431182
test_05676,0.00011679864667575788
test_05677,0.016956104377128273
test_05678,1.5372078445136588e-05
test_05679,0.9975126473087916
test_05680,1.919706501531727e-05
test_05681,0.0003185166094572715
test_05682,0.998407090790633
test_05683,0.0005730832379586714
test_05684,0.038771324431772995
test_05685,0.05244158345558518
test_05686,0.9998793450616588
test_05687,0.0010133866591132276
test_05688,0.340829352162817
test_05689,0.9999945545531442
test_05690,0.0015218941535875589
test_05691,0.9999520977941148
test_05692,0.47928511108004196
test_05693,0.9724730370103937
test_05694,0.9474730285729418
test_05695,1.970771041802116e-06
test_05696,0.9999520577047841
test_05697,0.6242177610696821
test_05698,8.446369572694136e-05
test_05699,0.9976354952692303
test_05700,0.9999994307476227
test_05701,0.9999665089718579
test_05702,0.017261536893384933
test_05703,0.9999986798012225
test_05704,0.9999897392527679
test_05705,0.01861247308088411
test_05706,0.00018139556451323484
test_05707,0.9998654051783175
test_05708,0.022197552750875194
test_05709,0.5498390791163037
test_05710,0.9765091799223491
test_05711,0.001977640877000643
test_05712,0.9525665750800176
test_05713,0.0219155892412223
test_05714,0.9998856834252835
test_05715,0.11735872213141688
test_05716,0.9999028300271878
test_05717,0.858762709218684
test_05718,0.9998783132890846
test_05719,6.122147734055107e-05
test_05720,0.0020187424450769267
test_05721,0.9999548195020797
test_05722,0.9970197246952657
test_05723,0.0009612098528810248
test_05724,0.997458573992663
test_05725,0.006548760612431128
test_05726,9.900494083279159e-05
test_05727,0.9998578956071547
test_05728,0.9999706902143429
test_05729,7.009773862700997e-05
test_05730,0.9999998254828932
test_05731,0.9999913921238891
test_05732,0.0001514405091200027
test_05733,0.9997430451607637
test_05734,0.9859750366783862
test_05735,0.03927084318839969
test_05736,0.11570091352344039
test_05737,0.004696308290925341
test_05738,0.8222869162765449
test_05739,0.02031774504673098
test_05740,0.5684599187525504
test_05741,0.005684783430514158
test_05742,0.0011073553460648926
test_05743,0.0017649498601349715
test_05744,0.15447113577117072
test_05745,0.9748015715120909
test_05746,0.0036870418879415313
test_05747,0.9062593395236267
test_05748,0.03364545159862373
test_05749,0.9999566344023735
test_05750,0.034860325955334025
test_05751,9.624323300257198e-05
test_05752,6.561748814258567e-05
test_05753,0.0003785518683095043
test_05754,0.9999916637084129
test_05755,0.9968996635308165
test_05756,0.1999384355109676
test_05757,0.6629298463694874
test_05758,0.013894399329995876
test_05759,0.27775190969850566
test_05760,0.9971850354256783
test_05761,0.19671827127048028
test_05762,0.0015706591613841683
test_05763,0.9999776663766384
test_05764,0.9997647766479408
test_05765,0.999914095813784
test_05766,0.0010707001363526576
test_05767,0.014065469412625847
test_05768,0.0004842872847593016
test_05769,0.022151611519981265
test_05770,0.9999979846307435
test_05771,0.7459853949766636
test_05772,0.5493429220396198
test_05773,0.9999396012492185
test_05774,0.9957493053878896
test_05775,0.8236976332749048
test_05776,9.598335774843096e-06
test_05777,0.9825162724796322
test_05778,0.9930138054660274
test_05779,0.14498417270150743
test_05780,0.8682238589119767
test_05781,0.9041957563566335
test_05782,0.9992812490574936
test_05783,0.9999111387105925
test_05784,0.9593727485058554
test_05785,0.9959235092012946
test_05786,0.5214783753198071
test_05787,0.06569115451668588
test_05788,0.9996398497775802
test_05789,0.9912383629599164
test_05790,0.8147858241165647
test_05791,0.0006953589857151776
test_05792,0.059351437773590116
test_05793,0.9997896555864688
test_05794,0.9994107527994593
test_05795,0.9946586426030883
test_05796,0.9999999144372678
test_05797,0.9999785008183943
test_05798,0.9998143019670781
test_05799,0.9997170529457966
test_05800,0.9960420050446684
test_05801,0.01452814866735707
test_05802,4.492273094282841e-05
test_05803,0.9951882022729117
test_05804,0.9996247881365806
test_05805,0.9989266922487571
test_05806,0.00021612632317794924
test_05807,7.206469811633023e-05
test_05808,0.8741857316931146
test_05809,0.9494088256866733
test_05810,0.9999860608324204
test_05811,0.001342740985361297
test_05812,0.9999386034051704
test_05813,0.9986669307704151
test_05814,0.9996337350848932
test_05815,0.8612309459293411
test_05816,0.0019257025484082095
test_05817,0.998732286470285
test_05818,0.9999895390088281
test_05819,0.9969353175359471
test_05820,1.4333496086404777e-05
test_05821,0.9753242631132516
test_05822,0.0019301464221752153
test_05823,0.35068786341353897
test_05824,0.00011795051756198744
test_05825,4.9483129959403326e-05
test_05826,0.37142162800603584
test_05827,2.3945992465069716e-06
test_05828,0.007165039208906251
test_05829,0.0014293832113689514
test_05830,4.396099462158426e-06
test_05831,0.0011021109649838481
test_05832,0.9940568673865346
test_05833,0.7505571275851979
test_05834,0.0009927627870107314
test_05835,0.9999987026189737
test_05836,0.9999345077212077
test_05837,4.7457664847088505e-05
test_05838,4.5730991257955546e-07
test_05839,0.999857824592834
test_05840,0.9999601844491997
test_05841,0.00033788341408910684
test_05842,4.861263400592554e-07
test_05843,0.9951231481681224
test_05844,5.517496715696922e-05
test_05845,4.573415212474317e-05
test_05846,0.49157036046843194
test_05847,0.9997697496711087
test_05848,0.0046208598442484755
test_05849,1.5853012073509305e-06
test_05850,0.02057820926227864
test_05851,0.056080324362768615
test_05852,0.999896732846691
test_05853,0.9805006644252031
test_05854,0.3183573225864045
test_05855,0.9926900908041008
test_05856,0.9982001319538966
test_05857,0.9998930334187762
test_05858,0.0004034440925031827
test_05859,0.031140391014925693
test_05860,2.4459140583047032e-05
test_05861,2.1175637759407426e-06
test_05862,0.012877595043258583
test_05863,0.0005134716207211765
test_05864,0.07244295306382693
test_05865,2.4165684299589974e-05
test_05866,0.4275492331926734
test_05867,0.9998945945922965
test_05868,0.9776093717638525
test_05869,0.9998008935035483
test_05870,0.000623799150831281
test_05871,0.9989476101807466
test_05872,0.999922850310006
test_05873,0.004785761639729599
test_05874,0.009773685029077018
test_05875,1.4211336503969058e-05
test_05876,0.0015762846138212094
test_05877,0.9996361168678297
test_05878,0.9997759658603087
test_05879,0.9999923534781455
test_05880,0.9999463876326435
test_05881,0.9999460189689341
test_05882,0.9991130838421262
test_05883,0.999992521140803
test_05884,0.9999992262849655
test_05885,0.0034762188578685137
test_05886,0.02623194402123318
test_05887,0.006913396908231819
test_05888,9.174482070734537e-05
test_05889,0.000803020179334386
test_05890,1.5379857233154703e-05
test_05891,0.00010555536524531712
test_05892,0.9996682988168584
test_05893,0.0001032521162904522
test_05894,0.9560548827094602
test_05895,1.2550263844712434e-05
test_05896,0.9983035128311442
test_05897,0.9119737661000811
test_05898,3.0922678384446016e-05
test_05899,0.9999962117486011
test_05900,0.9750219979063066
test_05901,0.9969143610423089
test_05902,0.9999290957665099
test_05903,0.5062575786707256
test_05904,0.0004229764617480732
test_05905,0.3815321981611558
test_05906,0.006106233089995168
test_05907,0.5943386762470476
test_05908,0.0008062889567919051
test_05909,0.0022647583169527977
test_05910,0.9989795910900623
test_05911,1.8342540671594194e-05
test_05912,0.000637802017629372
test_05913,0.0003659194973374656
test_05914,0.002938403343291381
test_05915,0.35125503152068455
test_05916,0.018494933077551106
test_05917,0.00303626391527296
test_05918,0.728536112239746
test_05919,0.9673605785527558
test_05920,0.004149951367735791
test_05921,0.9999528911467636
test_05922,0.9999968387105418
test_05923,0.9999833863152735
test_05924,3.2822186029293395e-05
test_05925,1.2338361278433087e-07
test_05926,0.006985672519616645
test_05927,0.0006894595381360134
test_05928,0.9999944400588013
test_05929,3.7688639771864665e-05
test_05930,0.0026407984373986197
test_05931,0.9999112174555188
test_05932,0.0001985665648708068
test_05933,5.388049629665524e-05
test_05934,1.3902414737154636e-06
test_05935,0.0015396372048077512
test_05936,0.9629019650581616
test_05937,0.06839818755475217
test_05938,0.9999945978099221
test_05939,2.0989682724915957e-06
test_05940,0.24566783133498576
test_05941,0.9999995865139424
test_05942,7.206255023287375e-07
test_05943,0.9999995659176736
test_05944,0.9998760961076977
test_05945,1.629162835116359e-05
test_05946,0.0015595589115371346
test_05947,0.9998414017455948
test_05948,0.9457932055813467
test_05949,0.9999610831021831
test_05950,0.0032914586208114636
test_05951,0.028859865882266383
test_05952,8.151777938721424e-05
test_05953,0.9999954560985044
test_05954,0.0001075556009267133
test_05955,0.9759393599810762
test_05956,0.028347484898512843
test_05957,2.2624916394493535e-05
test_05958,3.4235025360968144e-06
test_05959,0.9992576007266986
test_05960,6.0861667897696285e-06
test_05961,0.9951280965688145
test_05962,0.9999442401479556
test_05963,0.9998495371725219
test_05964,0.6601905325090167
test_05965,6.097007889375522e-08
test_05966,0.0005166519046144458
test_05967,0.8817175130240491
test_05968,0.9999776604309953
test_05969,8.716591980070998e-07
test_05970,0.9972140960651666
test_05971,9.517141835302991e-05
test_05972,0.9980513031051413
test_05973,0.00023061456085949372
test_05974,0.00031851411231112583
test_05975,0.9815696974425546
test_05976,0.29985762265659655
test_05977,0.9999163200224499
test_05978,0.9993823003831253
test_05979,0.0006832702197731163
test_05980,5.8231513772305514e-05
test_05981,0.9578391056184445
test_05982,0.9998665828022241
test_05983,1.425866679530472e-06
test_05984,0.002593081897350589
test_05985,0.0713458416730798
test_05986,0.9798071015089934
test_05987,0.9991997735528537
test_05988,0.9999383091712265
test_05989,0.9999719135153105
test_05990,0.9998560961572404
test_05991,0.9989136111330535
test_05992,0.985797910510267
test_05993,0.9996433548374928
test_05994,0.005668822549413178
test_05995,0.014265013071031984
test_05996,0.41585726665545203
test_05997,0.9998897023861927
test_05998,0.7229614955011334
test_05999,0.004451763978294955
test_06000,0.999919183600292
test_06001,0.999989356335402
test_06002,0.9996988916591043
test_06003,0.9999624813006361
test_06004,2.571549920442564e-06
test_06005,0.999315844569815
test_06006,0.9999900794297384
test_06007,3.543168543043039e-05
test_06008,4.5517594726472405e-06
test_06009,0.0004109114701393555
test_06010,0.9852169782854746
test_06011,0.6386790612454849
test_06012,0.9992551836251559
test_06013,0.8934471332120578
test_06014,0.05872061445815516
test_06015,0.0002438765514480964
test_06016,0.007013099879848832
test_06017,0.000478327457727766
test_06018,0.06470132358185456
test_06019,0.9996636450855111
test_06020,0.5361237386327125
test_06021,0.00582723300866821
test_06022,5.406526209012136e-05
test_06023,0.033479526452517144
test_06024,0.9963173914332747
test_06025,0.9892064801791692
test_06026,0.008690818812946036
test_06027,0.999952992861355
test_06028,0.0004097513138642652
test_06029,0.05291857791345394
test_06030,0.9999697536508443
test_06031,0.03252874055255305
test_06032,0.00012173394027855877
test_06033,0.015765846825787886
test_06034,0.9932978575088373
test_06035,0.0005343195189883906
test_06036,0.9999459181015992
test_06037,0.000934608538955038
test_06038,0.999408604334693
test_06039,7.002695021458976e-05
test_06040,0.13944502415044602
test_06041,0.057544662373913584
test_06042,0.9960061291942728
test_06043,0.0008818660953797326
test_06044,0.9999892838605712
test_06045,0.613081916045843
test_06046,0.00014513268564617302
test_06047,1.4779152704967086e-06
test_06048,0.9554698421730233
test_06049,0.01094256270198601
test_06050,0.00484429964139181
test_06051,0.00013141147152931972
test_06052,0.999914397546388
test_06053,0.0005633969146835085
test_06054,0.004367741167661272
test_06055,5.033935677641922e-05
test_06056,0.9999697869532791
test_06057,0.9999804988355111
test_06058,0.9999999400434667
test_06059,0.9997256706297822
test_06060,0.9999267086091057
test_06061,8.817417446274316e-07
test_06062,0.9443484456619823
test_06063,0.9999870737558212
test_06064,0.9997977981560084
test_06065,0.0002668022765759905
test_06066,0.0011536040868536186
test_06067,0.7394649441511184
test_06068,0.999993834522291
test_06069,0.9786189841689087
test_06070,2.356776559999931e-05
test_06071,0.001717140369900133
test_06072,0.9995871860130358
test_06073,0.9993821241971536
test_06074,0.006236575765370259
test_06075,6.269997900471237e-06
test_06076,0.9999091402147794
test_06077,0.9454117548681032
test_06078,0.023082126331192727
test_06079,0.999544681034215
test_06080,0.9941594785398324
test_06081,0.9941652799535795
test_06082,0.9878317414206316
test_06083,0.0001237057882526692
test_06084,0.000321933380725924
test_06085,0.999516702663108
test_06086,1.8385013666055678e-05
test_06087,0.5421119468605718
test_06088,0.0018752742478730699
test_06089,0.9618008775489143
test_06090,0.9975646791766759
test_06091,0.9991505920552097
test_06092,5.824959696928124e-05
test_06093,0.03435325637596007
test_06094,0.9999908011794033
test_06095,0.9559711119219908
test_06096,0.99998802445473
test_06097,0.0004211700879915162
test_06098,4.6041764813122056e-05
test_06099,0.00021842779706069592
test_06100,6.587319648187776e-07
test_06101,0.00011019646486367127
test_06102,0.9999657705728356
test_06103,0.9999995853516933
test_06104,0.999959981829484
test_06105,0.9999712592191282
test_06106,0.999989880039673
test_06107,0.888983368977951
test_06108,0.2954456445456744
test_06109,0.005293298717027606
test_06110,0.6803490391126716
test_06111,3.3607652022185225e-05
test_06112,0.9848105362785958
test_06113,0.002118024021127464
test_06114,0.001269119935321186
test_06115,0.9999886222003371
test_06116,0.9999969710698813
test_06117,6.483894557019456e-05
test_06118,0.0001793350476638985
test_06119,0.9999539652321139
test_06120,0.6393269049312822
test_06121,0.9980319980494574
test_06122,0.0018744946332556456
test_06123,0.000998249162585544
test_06124,0.2981215537858976
test_06125,0.9998970473061252
test_06126,0.1985260092942303
test_06127,0.00019493974650675725
test_06128,0.9902042114760375
test_06129,0.5735817446336551
test_06130,0.24218947917640912
test_06131,0.0013851946357580779
test_06132,0.9999910305151208
test_06133,0.17778811820711968
test_06134,2.049282739532426e-05
test_06135,8.165830018753753e-06
test_06136,0.9999979956831083
test_06137,0.9999639703978834
test_06138,0.9707313962480956
test_06139,0.9999872689760678
test_06140,0.9834546627490517
test_06141,0.9865821627515506
test_06142,0.9962821040643891
test_06143,2.0099918487346638e-06
test_06144,0.992605671838263
test_06145,0.002128165798080778
test_06146,1.0787248075243023e-05
test_06147,0.9992163969511826
test_06148,8.203854874957654e-06
test_06149,4.333632371335963e-05
test_06150,0.009330722853715993
test_06151,0.39323860395097426
test_06152,1.532176538130414e-05
test_06153,0.99985409480505
test_06154,0.0010548779747509038
test_06155,0.9998647193921827
test_06156,0.0002066848011556475
test_06157,0.0019156538898114901
test_06158,0.0011910852284494247
test_06159,0.527527794724236
test_06160,0.9999617558677663
test_06161,0.00891786765361161
test_06162,0.8856267972949096
test_06163,0.998394300212712
test_06164,0.9983653016741718
test_06165,5.082835461800129e-05
test_06166,0.02347411037045029
test_06167,0.13517968765299976
test_06168,0.2971767999655471
test_06169,0.999967667006257
test_06170,0.9745639933685223
test_06171,2.7675179794390408e-06
test_06172,0.9982780075850485
test_06173,0.9999475983948661
test_06174,1.9831633925429863e-05
test_06175,2.4135811517844266e-07
test_06176,0.9439805335194572
test_06177,0.9999972567689099
test_06178,0.9999913955293983
test_06179,0.944919361464501
test_06180,0.9993594794582286
test_06181,4.674286932454276e-06
test_06182,7.757922879545167e-05
test_06183,0.9999995790071683
test_06184,0.913289409110158
test_06185,0.42803162461406774
test_06186,0.9999529704815214
test_06187,0.0028295718915332274
test_06188,0.8652838886608386
test_06189,0.0021340187765581313
test_06190,0.953945096566102
test_06191,2.9773971593683433e-06
test_06192,0.0003308445449522164
test_06193,0.9088332767899323
test_06194,0.9905734657162872
test_06195,0.0157290025311136
test_06196,3.670566604972855e-05
test_06197,0.9997881592567845
test_06198,0.0001867386718848308
test_06199,0.9999863145950889
test_06200,0.999985665013764
test_06201,0.9999857222139796
test_06202,0.06473961489466236
test_06203,0.03091640340054676
test_06204,0.09746036741181692
test_06205,0.41999588999465765
test_06206,0.001754124914310204
test_06207,0.9228815839192924
test_06208,0.00013341781220097893
test_06209,0.0003916428449314868
test_06210,0.9999984809615432
test_06211,0.834994021223062
test_06212,0.9999987550591263
test_06213,0.00012062954334433793
test_06214,0.1016412849825844
test_06215,0.9980621261554591
test_06216,0.8658419133455935
test_06217,0.9999820493816052
test_06218,0.9989786784237068
test_06219,0.37102084126746393
test_06220,1.0484876978205049e-06
test_06221,0.00017864415876375208
test_06222,1.2211872244799961e-05
test_06223,0.0017562128298759358
test_06224,0.9962534305800611
test_06225,0.9999743668109441
test_06226,0.9984521246933771
test_06227,0.00011575446228362832
test_06228,0.9988155557886342
test_06229,7.320794501809662e-09
test_06230,0.0447895266816122
test_06231,0.0007241409366647881
test_06232,0.0032227849565557715
test_06233,1.9492375350984127e-06
test_06234,0.9998853521265753
test_06235,0.00038597314825466366
test_06236,8.084700586833038e-05
test_06237,0.9967273204474356
test_06238,0.00861885081048921
test_06239,0.9999619784527759
test_06240,0.9420187694148472
test_06241,0.8619226997993373
test_06242,0.8583653268834386
test_06243,0.999979806390099
test_06244,0.6024466077194524
test_06245,0.975797512435096
test_06246,0.999979784324627
test_06247,0.9982794243078532
test_06248,0.9999999794507017
test_06249,0.9941205207364766
test_06250,0.9999989337445634
test_06251,0.004648178385386367
test_06252,0.867651388131764
test_06253,0.06287244852640614
test_06254,0.9988827714031066
test_06255,3.262357446600443e-05
test_06256,0.9994289653789973
test_06257,0.9999904441120098
test_06258,0.9999793314336072
test_06259,0.9930351406950506
test_06260,0.9999933125914189
test_06261,0.0009114606274429428
test_06262,0.554143921734691
test_06263,0.9919139856745195
test_06264,0.9793590519975436
test_06265,0.9962305480564552
test_06266,0.9935334405380151
test_06267,0.9999270832663656
test_06268,0.9999999931075185
test_06269,0.23041758737377177
test_06270,0.5264059737258867
test_06271,0.9990412457332609
test_06272,0.9999814855753986
test_06273,0.8897466191076472
test_06274,0.9969325259546186
test_06275,0.9995713774955681
test_06276,0.006468430028651137
test_06277,0.9997660632110348
test_06278,0.0037526655440566
test_06279,0.00014437035866303685
test_06280,0.03224813157371473
test_06281,0.9982137389558163
test_06282,0.9994568558770116
test_06283,0.004750061018679099
test_06284,0.4637012645921679
test_06285,0.03164840626037891
test_06286,0.9998679992988837
test_06287,0.0012548174353283817
test_06288,0.9896363239711554
test_06289,0.04713320647912968
test_06290,0.0012117893930926572
test_06291,0.00037980410018906903
test_06292,1.9876810452331274e-06
test_06293,1.6307158874551313e-05
test_06294,0.09061696823467141
test_06295,5.1432279194052776e-05
test_06296,0.00018636926772269116
test_06297,0.9896872474981409
test_06298,0.9999999368689019
test_06299,0.9989943997432519
test_06300,0.9994995869815116
test_06301,0.009001022755247333
test_06302,0.6937249660159105
test_06303,0.0016584585673805952
test_06304,0.9997114120068484
test_06305,0.06023667963473914
test_06306,0.0012536689880144503
test_06307,0.3766509853680177
test_06308,0.5905917271892609
test_06309,0.9991366634232958
test_06310,1.8719035434009363e-05
test_06311,7.283558312238529e-05
test_06312,0.32165289228569083
test_06313,0.2255519356065652
test_06314,1.7719685597293873e-05
test_06315,0.014285786477166744
test_06316,0.030596428770785937
test_06317,0.990582650590702
test_06318,0.9999556861131662
test_06319,0.08009754062546767
test_06320,0.9999993823806728
test_06321,0.9993106528247049
test_06322,0.9999998885505328
test_06323,0.39476924453613244
test_06324,1.671630094249151e-06
test_06325,0.9999921373770552
test_06326,0.9802864881545115
test_06327,1.0197945345851366e-05
test_06328,0.9969581238689305
test_06329,0.456835192390084
test_06330,2.7639371882423655e-06
test_06331,0.0006648105433290838
test_06332,0.02742101718330907
test_06333,0.9994153719119704
test_06334,6.966804969264334e-05
test_06335,0.8810267323323359
test_06336,0.022654158386105277
test_06337,0.00464771904395982
test_06338,0.9974121527603996
test_06339,0.9984776409493008
test_06340,0.9999986954079434
test_06341,0.00018964381232820232
test_06342,0.9991713925799109
test_06343,0.010452272208102475
test_06344,0.00030836384086493164
test_06345,0.0769982638043491
test_06346,0.9998842838765752
test_06347,0.0006125879788441333
test_06348,0.999948230323988
test_06349,0.06852824365676809
test_06350,0.00014470951921871764
test_06351,0.9999101591574847
test_06352,0.5019030253254005
test_06353,1.2730307023118815e-06
test_06354,0.7825888889878011
test_06355,0.5216297148381964
test_06356,0.9997768679934042
test_06357,0.00011833103281211747
test_06358,0.9832465942593388
test_06359,0.9999985079829193
test_06360,0.999957743213188
test_06361,0.1293765003050759
test_06362,7.45602965445924e-05
test_06363,0.1423001915903611
test_06364,0.7914244280285028
test_06365,0.002274438592405469
test_06366,0.9722850407023941
test_06367,0.9923830466176875
test_06368,0.9998357489335261
test_06369,0.9995590020971472
test_06370,0.9999958366530276
test_06371,2.577744521295472e-05
test_06372,0.9819576675250797
test_06373,0.9999998160563833
test_06374,0.9999176438523258
test_06375,0.0028819325372390235
test_06376,0.00044081719256593973
test_06377,0.9821037548065241
test_06378,0.9874736500511427
test_06379,1.1412701515105449e-06
test_06380,0.06210221071176156
test_06381,1.587820077057227e-06
test_06382,0.9997021751057653
test_06383,0.08578376717801571
test_06384,0.9984457817239392
test_06385,0.4559460522338004
test_06386,0.9999928831840865
test_06387,0.999973662724965
test_06388,0.9968502362340572
test_06389,0.022785667943856378
test_06390,0.7541678082512534
test_06391,0.0007470857535973642
test_06392,0.02620883197088669
test_06393,0.0012278619941436654
test_06394,0.9999997223439188
test_06395,0.06882202585289202
test_06396,0.3994755405990138
test_06397,0.001542518069971074
test_06398,0.9549593952039274
test_06399,0.0006285899062964701
test_06400,2.161395452415216e-06
test_06401,0.8520602453009093
test_06402,0.9953677464757352
test_06403,0.012403827121009096
test_06404,0.18304717718927527
test_06405,1.2557266827412865e-05
test_06406,3.3613136945229532e-09
test_06407,0.0014999261168793653
test_06408,0.0001307914057157621
test_06409,0.9961887950462627
test_06410,0.9999071948987827
test_06411,0.5946196391045401
test_06412,0.5354075281228521
test_06413,0.00026982611120295724
test_06414,0.8909272726479911
test_06415,0.0031527989390955132
test_06416,0.9941841421038311
test_06417,0.9162015174424906
test_06418,0.0036704451876026995
test_06419,0.9964874866617579
test_06420,4.84840542717419e-05
test_06421,0.9995308689310459
test_06422,0.9999777391902827
test_06423,0.9994503997982934
test_06424,0.999653193336001
test_06425,0.10208849589563404
test_06426,0.0003325057398376584
test_06427,0.2147340436291714
test_06428,0.9987445908774314
test_06429,1.753921142274035e-05
test_06430,0.13068572360501993
test_06431,0.9996553925402286
test_06432,1.932658354118929e-05
test_06433,0.7712708495297523
test_06434,0.9999211264775862
test_06435,0.9996637284869274
test_06436,0.001012623031923187
test_06437,0.3884083279453223
test_06438,0.010683136610236461
test_06439,0.9999994801260288
test_06440,0.013988438876292404
test_06441,0.8643309386933496
test_06442,0.00047224956614454324
test_06443,0.011879607455841728
test_06444,4.4764980729502213e-08
test_06445,0.001044064405845371
test_06446,0.9856883069385651
test_06447,0.9964114668497263
test_06448,0.9993276817954786
test_06449,2.4567071767451757e-05
test_06450,0.9983866807091448
test_06451,0.9997060453725497
test_06452,0.9969516416143086
test_06453,0.0009121016563861826
test_06454,0.9999258518775163
test_06455,0.9999077882438143
test_06456,4.196979144678238e-07
test_06457,0.9925408416105
test_06458,0.021018275542979428
test_06459,0.999923903150712
test_06460,1.2502036256931466e-05
test_06461,0.00011063823464704881
test_06462,0.9999963627999889
test_06463,0.9974572109874494
test_06464,9.341901926358688e-05
test_06465,0.02016798728823052
test_06466,0.01342981792357338
test_06467,0.8072861286755004
test_06468,0.00015932532618453016
test_06469,0.9997468530114694
test_06470,0.9994981981892306
test_06471,0.003582441181761934
test_06472,0.0035667694224094087
test_06473,0.9999800915724901
test_06474,2.228646291047428e-05
test_06475,0.9998755373588913
test_06476,3.166216567359453e-06
test_06477,0.00035157166460686787
test_06478,0.9998342362736534
test_06479,0.9998617062731848
test_06480,0.9995509428389716
test_06481,0.0003766636991576744
test_06482,0.9975994036416928
test_06483,0.01969462701481555
test_06484,2.8230848930768104e-08
test_06485,0.9988115236465681
test_06486,0.9998031277559588
test_06487,2.87477707522664e-05
test_06488,0.9997347897944094
test_06489,1.9630678942004577e-07
test_06490,0.9999718193575462
test_06491,0.0007956151362898483
test_06492,0.9936303591332091
test_06493,1.569384678096682e-05
test_06494,0.997330746855164
test_06495,1.9216725444500384e-06
test_06496,0.035372970627099105
test_06497,0.9996768899968289
test_06498,0.9994622154003583
test_06499,6.26751298085938e-05
test_06500,0.2146417680791147
test_06501,0.0016123210171603772
test_06502,0.999979571079339
test_06503,0.002619513338485962
test_06504,0.0022075519088694184
test_06505,1.552686688724767e-05
test_06506,0.8932226484643984
test_06507,0.9997373229260849
test_06508,0.9999997570047567
test_06509,0.0026817622028317304
test_06510,0.9448421664644014
test_06511,0.9013837567616052
test_06512,0.9874396045823342
test_06513,0.9981119018647719
test_06514,0.0006543157572713555
test_06515,0.9999708977196682
test_06516,0.9999999838959965
test_06517,0.7766065028969188
test_06518,0.6385599322907465
test_06519,0.00034255906135245197
test_06520,0.013082432907804692
test_06521,0.9998489626695476
test_06522,0.9999928384453333
test_06523,0.9999993016311989
test_06524,0.00039672181507515705
test_06525,6.932302777751653e-05
test_06526,0.999467504885337
test_06527,0.0005480141752813053
test_06528,0.9974802185173033
test_06529,0.002933532801097181
test_06530,0.34780574024201877
test_06531,0.9995133162598099
test_06532,0.949436273254419
test_06533,0.9998721527243098
test_06534,0.9996676945799245
test_06535,0.991361713131477
test_06536,0.2718323699670908
test_06537,1.2111461172068334e-06
test_06538,0.9951408020861217
test_06539,0.0020376509051550948
test_06540,0.00025680159292997223
test_06541,0.7341823413201993
test_06542,3.0237049909064087e-05
test_06543,0.0015403499753918596
test_06544,0.9996298676580527
test_06545,0.9982944447461501
test_06546,0.0024534906292068173
test_06547,0.9991834031836165
test_06548,0.999959360468732
test_06549,0.0016815737284650945
test_06550,0.9998646105735671
test_06551,0.002581400164538976
test_06552,0.9705602917309718
test_06553,0.9999810750068543
test_06554,0.8646208102174098
test_06555,0.0023104146849282155
test_06556,0.9999974230760281
test_06557,0.001559825549680997
test_06558,0.9609664421422164
test_06559,0.001924623622421396
test_06560,0.47286563968239054
test_06561,0.27298476361691704
test_06562,3.314150295752231e-05
test_06563,0.007854452179433317
test_06564,0.9256610064619603
test_06565,0.9903502544364585
test_06566,0.9896327757795257
test_06567,0.6304325705151544
test_06568,0.010114789882146402
test_06569,0.008452961938325492
test_06570,0.0006211725691273885
test_06571,3.34373443788117e-05
test_06572,0.0010921315023859545
test_06573,0.002477841312963448
test_06574,0.09839394534415416
test_06575,4.911062527314556e-05
test_06576,0.03329448522051596
test_06577,2.148646820495603e-06
test_06578,0.9993920264407079
test_06579,0.015202489446311238
test_06580,0.7352393225341771
test_06581,3.34213029118477e-05
test_06582,0.9997052831909944
test_06583,0.5306698467234183
test_06584,0.970941359828111
test_06585,0.0033733508917503257
test_06586,0.19786174317031413
test_06587,0.9994413347604347
test_06588,0.00643838716351419
test_06589,0.9989642776678067
test_06590,0.0028428750118148424
test_06591,3.482349424069221e-05
test_06592,0.999812099917748
test_06593,0.9996735426206549
test_06594,0.9999731146991401
test_06595,0.08866459359105486
test_06596,0.5344255969933783
test_06597,0.22334611818416178
test_06598,4.284136854627436e-05
test_06599,2.4199616083213365e-06
test_06600,0.0015180292767233241
test_06601,1.9206403163892534e-07
test_06602,0.0011729207570333135
test_06603,5.2013057779931e-05
test_06604,0.1758928324599757
test_06605,0.0009144266737061604
test_06606,0.9974847751996422
test_06607,6.15406189532651e-08
test_06608,0.9999620991762213
test_06609,0.9820019977094488
test_06610,0.00014025738686435546
test_06611,0.4746122261567269
test_06612,0.0020585092406598185
test_06613,2.1648220138115827e-07
test_06614,0.00203607487765951
test_06615,0.16416764447501617
test_06616,0.9422916363399724
test_06617,0.9996543804589434
test_06618,0.00020778289757348504
test_06619,0.00021418581165036425
test_06620,0.7041969301181549
test_06621,8.51493266394909e-07
test_06622,0.031177339227811452
test_06623,0.11803649426228818
test_06624,0.9999905280735246
test_06625,0.9995773147811386
test_06626,1.4232404222823818e-05
test_06627,2.9668100755173485e-07
test_06628,0.9312219126392756
test_06629,1.1755372783641612e-05
test_06630,0.0012870135727790963
test_06631,3.793697624221172e-05
test_06632,1.4888621293409403e-05
test_06633,0.0001406037843006416
test_06634,0.9954142593429317
test_06635,0.009564486704365561
test_06636,0.00010893034296953682
test_06637,5.161199194718088e-05
test_06638,0.008842362606361535
test_06639,0.977317240484453
test_06640,0.999870514798243
test_06641,0.04069700830285571
test_06642,0.9991976058478216
test_06643,0.999989220530509
test_06644,0.9999816668973555
test_06645,0.9999827489213908
test_06646,0.9999256251075334
test_06647,0.9228555647782618
test_06648,0.0012816589660911515
test_06649,0.1978405781192779
test_06650,0.0031270631837679607
test_06651,0.8940222221876674
test_06652,3.824157049026283e-05
test_06653,0.9998996577184638
test_06654,0.719007518912325
test_06655,0.00010436629687696478
test_06656,0.9939723782713993
test_06657,0.9999631464991886
test_06658,1.7262395913871566e-06
test_06659,0.9498868976954364
test_06660,0.8864269884494159
test_06661,0.01613208499767272
test_06662,0.006046707421063453
test_06663,0.00015997060419434918
test_06664,0.00021345163523367594
test_06665,0.00011120531553625946
test_06666,0.0011449382452193668
test_06667,0.9999822870595744
test_06668,0.6092730793055183
test_06669,1.346528102168729e-05
test_06670,0.14139040411765216
test_06671,0.9999791317519072
test_06672,0.006847775705087615
test_06673,0.00036570070977675717
test_06674,0.9999999088491868
test_06675,0.005758487001281864
test_06676,0.9531554248492542
test_06677,0.9999495070672223
test_06678,0.9995065553882377
test_06679,0.00018562066938816054
test_06680,7.940249678972542e-05
test_06681,0.988114617984714
test_06682,4.922670711457505e-06
test_06683,0.9636593001999259
test_06684,0.0015310172862536477
test_06685,0.9996937954974974
test_06686,0.9930540967277135
test_06687,0.004111994196838508
test_06688,0.48285773770229495
test_06689,0.9870386766871532
test_06690,0.9537600224330395
test_06691,9.6545307961953e-06
test_06692,0.9982183376509643
test_06693,0.9977679795208949
test_06694,0.9981907371273856
test_06695,0.0019183244534930397
test_06696,0.9992456347131656
test_06697,0.9999959043022193
test_06698,4.20587695641221e-06
test_06699,0.7522961764060245
test_06700,0.9999987834176597
test_06701,0.9975084938670299
test_06702,0.9980974727066618
test_06703,0.0005061680209652795
test_06704,0.9995387785402073
test_06705,0.9999841158784109
test_06706,0.46885393308175227
test_06707,0.0005288916843553919
test_06708,0.9561075506761723
test_06709,0.8528691167049504
test_06710,0.99995061503938
test_06711,0.9999983700889953
test_06712,0.004799939931275856
test_06713,0.9999980367515845
test_06714,0.6494880674428813
test_06715,0.0016971105034409653
test_06716,0.9999288646036453
test_06717,0.9997244817347025
test_06718,0.9939329837227274
test_06719,0.8996645528996468
test_06720,0.9994141889093254
test_06721,0.01547564486887184
test_06722,0.9998630001515226
test_06723,0.9999223590737795
test_06724,0.0005104027945084183
test_06725,0.3641601040829842
test_06726,0.9915691961568062
test_06727,0.06073253013919007
test_06728,0.0013107307942649543
test_06729,6.269672854655817e-07
test_06730,0.00047693211077598334
test_06731,0.9610568707319568
test_06732,0.1551357048183271
test_06733,0.9974017737134943
test_06734,0.0013482475914445653
test_06735,0.999810407943366
test_06736,0.9999190101795118
test_06737,0.9999838639424252
test_06738,0.9999939664434414
test_06739,0.9993440891347872
test_06740,0.9805008133725922
test_06741,0.9998617772990536
test_06742,0.9999243406161005
test_06743,0.9999857440467227
test_06744,0.007170152843829136
test_06745,4.395372855585668e-06
test_06746,0.9990115921188563
test_06747,0.999915665572973
test_06748,0.013795128196553397
test_06749,0.9999649028845777
test_06750,0.924573415463837
test_06751,0.001734653431001627
test_06752,0.0007270049901415513
test_06753,0.0008322622460881791
test_06754,1.5061114972529019e-05
test_06755,0.9815157008246439
test_06756,0.0018096967776403637
test_06757,0.9999836797627302
test_06758,5.648745154508848e-05
test_06759,0.011996544005035255
test_06760,7.614165616152758e-05
test_06761,0.9988803989467773
test_06762,0.9949111046888194
test_06763,0.9996572142783219
test_06764,0.9849881773955351
test_06765,0.9999823508473403
test_06766,5.5999214948352e-05
test_06767,2.8615605823207486e-07
test_06768,0.999994593965832
test_06769,1.7603243165299631e-06
test_06770,0.05367755154536917
test_06771,0.9800895781678114
test_06772,9.798833394108943e-05
test_06773,0.9996325846654097
test_06774,0.045661435717001056
test_06775,7.918164988257852e-06
test_06776,0.9999940767530737
test_06777,0.9994505813268291
test_06778,0.00031020919667904207
test_06779,0.8759890556178062
test_06780,0.999999272936987
test_06781,0.9995259851672385
test_06782,0.9547544269403125
test_06783,0.8464418419968452
test_06784,0.0001012552605158803
test_06785,0.9996386800313779
test_06786,0.9981658227030709
test_06787,1.4468867923691122e-05
test_06788,1.7119337642818137e-05
test_06789,0.12407059172966874
test_06790,0.9864337598468087
test_06791,0.8157239934437303
test_06792,0.9999775423307299
test_06793,0.0015287896598133429
test_06794,0.995855638242841
test_06795,2.138721629412743e-05
test_06796,0.9988441065046323
test_06797,0.09030930542445749
test_06798,0.9999978068885873
test_06799,0.00010469257182464245
test_06800,0.0001740914675669252
test_06801,0.9771866156540816
test_06802,0.010296725303753083
test_06803,0.0062207780815897624
test_06804,0.8613113014149902
test_06805,0.003229310584933909
test_06806,0.9997541594218289
test_06807,0.9997840914655315
test_06808,0.9999984358272623
test_06809,0.9983263175129213
test_06810,0.7315190364417812
test_06811,0.9999937087927863
test_06812,0.001857556191069872
test_06813,0.9978757377867641
test_06814,0.9999997891821633
test_06815,0.9999936571413538
test_06816,0.9999824042401128
test_06817,0.0001109717249387198
test_06818,0.9999014389874518
test_06819,0.9970851613099436
test_06820,0.0005032287724842833
test_06821,0.9408614923359808
test_06822,0.0002016191822342507
test_06823,0.016016581127203007
test_06824,0.9938118852695231
test_06825,0.0011151480504666671
test_06826,0.0010770732047595643
test_06827,0.0014029099730014307
test_06828,0.9999351021039475
test_06829,0.9995752277955359
test_06830,0.0003998785819759416
test_06831,0.4094197216999339
test_06832,5.0382045123067026e-05
test_06833,0.0012319278499664781
test_06834,0.008547953545428378
test_06835,2.0860107812728058e-05
test_06836,0.007719733406919155
test_06837,0.000855054184859304
test_06838,0.0004329065030958648
test_06839,0.026516775120592473
test_06840,0.9999862820218355
test_06841,0.0069744482442069215
test_06842,0.9987306277466279
test_06843,0.002143195293841593
test_06844,4.292692013303118e-08
test_06845,1.5146832591891986e-06
test_06846,0.9999970809312846
test_06847,0.9997546772446216
test_06848,0.00033738304859628646
test_06849,0.9562589047231672
test_06850,0.0016927286087331903
test_06851,0.0008348112795294198
test_06852,0.012231680280371289
test_06853,0.007523019456651941
test_06854,0.8215926737362964
test_06855,2.8127136633728195e-08
test_06856,0.0021914009119249006
test_06857,0.09366414469800974
test_06858,0.0001013552511721447
test_06859,0.9070589254536751
test_06860,0.9964172854009218
test_06861,1.2698251605739033e-06
test_06862,0.9996521010951545
test_06863,0.916331886292276
test_06864,0.9516974648209122
test_06865,0.007918305299022297
test_06866,0.0008878893634610895
test_06867,0.010828492240322887
test_06868,0.9885476828946933
test_06869,0.0011720720661307033
test_06870,0.9999951238428355
test_06871,0.9958556158555579
test_06872,0.02149076394941822
test_06873,0.018378694109031094
test_06874,0.9994223011161678
test_06875,0.1700594405662841
test_06876,2.4357013958976676e-06
test_06877,0.9999995558304323
test_06878,0.004604225164135871
test_06879,0.9829431392490394
test_06880,0.0026068410398111005
test_06881,0.9923401737073937
test_06882,0.0015356587271172775
test_06883,0.8489458360012768
test_06884,1.2342891787301057e-05
test_06885,0.5593000719874449
test_06886,0.002261306403792969
test_06887,0.9926786626222043
test_06888,0.035879924304017353
test_06889,0.9998566159695507
test_06890,0.016403011036679935
test_06891,4.233080399325451e-08
test_06892,1.473825387508914e-06
test_06893,0.11957798552437629
test_06894,0.0001832787387449966
test_06895,0.00027998813700355976
test_06896,0.9997563066449392
test_06897,0.3114936750574663
test_06898,0.08493479794524451
test_06899,0.022327332340238912
test_06900,1.855154151055171e-05
test_06901,0.9964618260717476
test_06902,0.020984555493977326
test_06903,0.9995883655269627
test_06904,0.9999790987030256
test_06905,0.9999761281744586
test_06906,0.005814068890711882
test_06907,0.9994578636966212
test_06908,0.9999832100382701
test_06909,6.91008021661559e-07
test_06910,0.999999276486602
test_06911,0.9999917093960308
test_06912,1.5320110775454157e-05
test_06913,0.0016106529330730992
test_06914,0.9996151950705064
test_06915,0.05469048863601376
test_06916,0.9999987541348817
test_06917,3.114416816224339e-05
test_06918,0.9667341820288023
test_06919,0.9994556253533499
test_06920,0.16898291421864226
test_06921,0.9994161707439754
test_06922,0.9999150967194691
test_06923,0.9641630394020758
test_06924,0.6350594899891929
test_06925,0.0011845383975296736
test_06926,0.0006195883581813627
test_06927,0.000802193282995068
test_06928,2.4047808898717846e-07
test_06929,0.2663303700869724
test_06930,8.547053562212835e-05
test_06931,0.00020933575021082397
test_06932,0.9999652745250873
test_06933,0.9987269763654988
test_06934,6.58204212704532e-05
test_06935,9.657423176328229e-06
test_06936,0.9996688067213262
test_06937,0.6940157720530464
test_06938,0.01090591001003294
test_06939,0.007670722155639006
test_06940,0.9993249099852508
test_06941,0.4344596203856649
test_06942,0.0001944609521137705
test_06943,0.06741181304143604
test_06944,0.10648426134856072
test_06945,0.0003934061377446483
test_06946,0.0037628483198398647
test_06947,0.9952857334710644
test_06948,0.971078733589684
test_06949,0.9998477536335603
test_06950,0.08998219619460986
test_06951,4.765681992016749e-05
test_06952,0.9619451922067921
test_06953,0.002515717882584228
test_06954,0.9083470853933459
test_06955,0.9992489794746868
test_06956,0.9425542170297417
test_06957,0.9973051820767028
test_06958,0.9964473949118037
test_06959,2.2974473196276197e-05
test_06960,0.00012642284283922132
test_06961,0.9943212430454395
test_06962,0.00043925649615846415
test_06963,0.06422827137716557
test_06964,0.9999972472964286
test_06965,0.05828055120884213
test_06966,0.0016658099621701021
test_06967,0.00963410403396224
test_06968,8.977829267506982e-06
test_06969,3.260082184052178e-06
test_06970,0.9999999344793894
test_06971,0.9998281891119672
test_06972,7.777608961268626e-05
test_06973,0.853870059887751
test_06974,0.00031995544966188755
test_06975,0.8786869300680467
test_06976,0.9996680176063424
test_06977,0.986564594823695
test_06978,9.319682353543456e-07
test_06979,0.8746723807446951
test_06980,0.9974687393682199
test_06981,0.9999277410732205
test_06982,0.9971004900137168
test_06983,0.0001941986589038881
test_06984,0.008598342897400487
test_06985,0.00023840842062321937
test_06986,0.4596938404775733
test_06987,2.7922194421730693e-05
test_06988,5.077394525966331e-05
test_06989,0.004655608563960726
test_06990,0.9999878711514203
test_06991,0.9971696449015254
test_06992,0.14443766120218837
test_06993,0.0006417301288024252
test_06994,0.00011310821392189794
test_06995,1.5828635355185362e-05
test_06996,0.005837876493508771
test_06997,0.9266131265553501
test_06998,9.036189511723873e-08
test_06999,0.9888749953480845
test_07000,0.006499143282678037
test_07001,0.9990784759923845
test_07002,0.9999298297638025
test_07003,0.024920791658726345
test_07004,0.6606065583745235
test_07005,0.9896034479822269
test_07006,0.8610515968838433
test_07007,0.00022402927355051562
test_07008,0.007692725857708691
test_07009,0.9999551293353082
test_07010,0.9890951579286923
test_07011,0.9999936414379414
test_07012,0.9931895152295388
test_07013,0.5717182125157634
test_07014,0.9999817137734522
test_07015,0.9992259687897874
test_07016,0.9999518207916842
test_07017,1.867474323241523e-05
test_07018,0.9963285703763484
test_07019,0.9964062419077993
test_07020,0.004994334714773198
test_07021,0.9988933543139377
test_07022,0.003664367027073464
test_07023,0.9978546028213771
test_07024,0.045709191834517895
test_07025,0.9999997680985282
test_07026,0.9999944611578361
test_07027,0.00015874904834816642
test_07028,0.9736674010155335
test_07029,0.9556991314734232
test_07030,0.5773345016509502
test_07031,1.1856672622482973e-05
test_07032,0.9980371129874399
test_07033,0.9999984945866717
test_07034,0.0011499883267292238
test_07035,0.0001740756571071022
test_07036,1.875921341527614e-06
test_07037,0.0791682971266021
test_07038,0.9999277145160198
test_07039,0.019587348360996376
test_07040,0.07701786915810227
test_07041,0.9997432721076095
test_07042,0.9999407744308006
test_07043,0.014494291019261198
test_07044,0.9999371677231964
test_07045,0.0010309898910574116
test_07046,0.9993876467381988
test_07047,0.9999556168971954
test_07048,0.00011775478013571545
test_07049,0.00033295671871385343
test_07050,0.008511499681759972
test_07051,3.1369185572173536e-06
test_07052,0.974274089912528
test_07053,2.6958023982543357e-06
test_07054,0.9996442474393638
test_07055,0.99993475375984
test_07056,0.9956386630033124
test_07057,0.00024343982794677575
test_07058,0.7471367060061105
test_07059,0.8118565563655427
test_07060,0.9999990453397084
test_07061,0.9989022136498223
test_07062,0.0004991118004794468
test_07063,0.03732831615512111
test_07064,4.213932799360488e-06
test_07065,0.005784784228552932
test_07066,0.2113183626357874
test_07067,0.9999997312295766
test_07068,0.9753388349186991
test_07069,0.9674512933704091
test_07070,8.35807092387045e-06
test_07071,0.0007184024022768174
test_07072,0.9999802927243268
test_07073,0.9967603690286901
test_07074,0.9999811822187968
test_07075,0.9995043284814186
test_07076,0.9999489016945665
test_07077,0.008658665026481115
test_07078,0.999983603477217
test_07079,0.9999968268312167
test_07080,0.02086326276726431
test_07081,0.006255330916804726
test_07082,0.9993118024791879
test_07083,0.0002063625826628836
test_07084,0.0033819216396359132
test_07085,0.007594218576338484
test_07086,0.9999579421661514
test_07087,9.97031693345643e-05
test_07088,0.9902425948971944
test_07089,0.00026413357274216343
test_07090,0.3439238407018878
test_07091,4.5992258010563424e-05
test_07092,0.9999591220793119
test_07093,0.9754470715612096
test_07094,0.9999060734126741
test_07095,0.003950649486072015
test_07096,0.9984608423590382
test_07097,0.0036091039016726933
test_07098,0.00012237410265843944
test_07099,0.004756647348718365
test_07100,0.5531793601707201
test_07101,0.999261881631613
test_07102,0.8674305046131228
test_07103,0.9999941223481079
test_07104,0.9995801210417593
test_07105,2.2580853298412114e-05
test_07106,0.862200078861143
test_07107,0.0020474314852728854
test_07108,0.6034016789717348
test_07109,0.21929741048953266
test_07110,0.8758221812747986
test_07111,0.002473840025716106
test_07112,0.9621839255097229
test_07113,2.4954114077739234e-05
test_07114,0.9977318439899814
test_07115,0.9846801889246488
test_07116,0.5018447279845049
test_07117,0.00021458786628074424
test_07118,0.010292289783054088
test_07119,0.00250848666268811
test_07120,0.0016212305877477435
test_07121,0.0052746187701016726
test_07122,0.9953990211082625
test_07123,0.61058078527645
test_07124,0.9990464442179271
test_07125,0.9999803251731848
test_07126,0.9849362660067091
test_07127,0.9997914346503662
test_07128,3.6515968516103897e-06
test_07129,2.529304311917225e-05
test_07130,0.9934173876272089
test_07131,0.9998938680919118
test_07132,1.0561751919667852e-06
test_07133,0.0013881426818107513
test_07134,0.648996950981343
test_07135,6.794855236933616e-05
test_07136,0.999990356364359
test_07137,0.99320384898295
test_07138,0.00010776057109037957
test_07139,0.0005251646747739477
test_07140,0.00391538080528067
test_07141,0.0008868148044464987
test_07142,0.00020823736260057842
test_07143,0.0014046724070334376
test_07144,0.0003000976882037336
test_07145,0.02547129564372599
test_07146,0.9999972706303154
test_07147,0.6194934660988192
test_07148,0.9977565877256288
test_07149,2.433083379392883e-05
test_07150,0.40155625237142606
test_07151,0.057962020477374525
test_07152,0.9998017436730915
test_07153,0.9944976303254434
test_07154,0.9911164024254168
test_07155,0.007250779583576527
test_07156,0.0019168635687309126
test_07157,0.9999415921323378
test_07158,0.9987381212591943
test_07159,0.006840901099050512
test_07160,0.0010034518689211855
test_07161,0.00010622953877314735
test_07162,0.9989456891100139
test_07163,0.9996911747486146
test_07164,0.7181962517845407
test_07165,0.9193977784360043
test_07166,0.9999922736569683
test_07167,7.082111967196062e-05
test_07168,0.9986598016290952
test_07169,3.4373300160969496e-05
test_07170,0.998963774917451
test_07171,0.918058067452745
test_07172,0.9997558052931412
test_07173,0.9978854036302631
test_07174,0.9891675887874444
test_07175,0.9963469614094032
test_07176,0.0010496230103233728
test_07177,2.4614308115984663e-05
test_07178,0.9689202674174731
test_07179,0.006261907511458925
test_07180,0.0012550041430965013
test_07181,0.253670459876882
test_07182,0.00030357206766612173
test_07183,0.003235751437646721
test_07184,7.287554081439674e-06
test_07185,0.9999982351689127
test_07186,0.9897867112314687
test_07187,7.787912673494187e-05
test_07188,0.9843148260657527
test_07189,0.00018090527561349853
test_07190,0.9494390374991964
test_07191,0.00038910821923313044
test_07192,2.189576047499597e-07
test_07193,0.00024103107001245656
test_07194,0.9799387436079425
test_07195,0.9635329098987129
test_07196,0.9992369060012225
test_07197,0.03174611233693005
test_07198,2.899607130792444e-05
test_07199,0.00010498924223648548
test_07200,0.9999947806534462
test_07201,0.09058322950281487
test_07202,8.287594426430632e-05
test_07203,0.9999148414447936
test_07204,0.7631929492562433
test_07205,1.827250384122994e-07
test_07206,0.3631854148579183
test_07207,0.9989696711518574
test_07208,0.0006428806185402643
test_07209,0.45015296624681833
test_07210,0.0013647104250734767
test_07211,0.010046763255001326
test_07212,0.4886174454758832
test_07213,0.21873449720637866
test_07214,0.9996869619530656
test_07215,0.89890141101306
test_07216,0.00582101620330654
test_07217,1.2356370029055802e-05
test_07218,0.0005723091440938368
test_07219,0.9999992989834405
test_07220,7.478988019543088e-05
test_07221,0.9958547416250092
test_07222,0.0030684675460375017
test_07223,0.006524469091672598
test_07224,0.9961805025639479
test_07225,0.21401861180281287
test_07226,0.9194279928744562
test_07227,0.9999980335107435
test_07228,3.029356942270856e-05
test_07229,8.404846722962535e-06
test_07230,0.0271005115978479
test_07231,9.496219016083049e-05
test_07232,0.07020628960169287
test_07233,0.9998917860055307
test_07234,0.9996683040493015
test_07235,0.9956229649966987
test_07236,0.0021290592582361633
test_07237,0.9999977373364362
test_07238,1.939098115721226e-06
test_07239,0.9734366096718076
test_07240,0.04701653401442578
test_07241,3.326260826007948e-05
test_07242,0.9643430468332644
test_07243,0.00010294781833697491
test_07244,0.9999997068501438
test_07245,0.33311660650292146
test_07246,0.5548721317743802
test_07247,0.9949854410950048
test_07248,0.9995500001084627
test_07249,3.0099920379644694e-05
test_07250,0.003031061506430484
test_07251,8.3480930286533e-05
test_07252,0.9992510059569716
test_07253,0.0008449794035728773
test_07254,0.011740481766089125
test_07255,0.9843358972692454
test_07256,0.11500151822553306
test_07257,0.9941059659194927
test_07258,0.012812453243854908
test_07259,0.4595425978362411
test_07260,0.999791903053446
test_07261,0.00010349485028093845
test_07262,2.0337431368153254e-06
test_07263,0.999999983839855
test_07264,0.00014694919578160822
test_07265,0.9974762485436808
test_07266,1.1045042004861712e-05
test_07267,0.4933409189199236
test_07268,0.9956218037821524
test_07269,0.9865443986153359
test_07270,0.954565061170874
test_07271,0.9999793505004388
test_07272,0.05269686424391239
test_07273,0.9723137405919803
test_07274,0.7476490886489251
test_07275,0.0073184265797659204
test_07276,0.0003195523674786104
test_07277,0.9999966713759774
test_07278,0.977782517366039
test_07279,0.0013149527485813624
test_07280,6.434239158136792e-07
test_07281,1.676429487870352e-06
test_07282,0.09344911807382293
test_07283,0.00020916411912287635
test_07284,0.5454765888937032
test_07285,0.999759810074067
test_07286,0.01750567285001011
test_07287,0.9775316486137601
test_07288,0.0005518397960876793
test_07289,0.155580850843823
test_07290,2.1427369126481677e-06
test_07291,0.999123404129617
test_07292,0.0054101547621826845
test_07293,1.0912979861829737e-06
test_07294,0.9999236562354452
test_07295,0.4676854373383142
test_07296,0.5364727179616398
test_07297,0.9998013882777117
test_07298,0.001980890136177213
test_07299,0.7395391685887155
test_07300,0.0017207000359284429
test_07301,0.999536608966007
test_07302,2.180305072869151e-05
test_07303,0.9996229146611892
test_07304,0.0001121057214108808
test_07305,0.028416103068837933
test_07306,0.06505425600853953
test_07307,7.054419422826251e-05
test_07308,1.600960810473986e-05
test_07309,0.00017650548369623002
test_07310,0.003378288073768083
test_07311,0.0003135683753561201
test_07312,0.9976561906597002
test_07313,0.005007969986938276
test_07314,0.996524643207224
test_07315,0.3381561408730724
test_07316,0.7988228699783838
test_07317,0.9995578391022298
test_07318,0.00024239379608639354
test_07319,0.9890381539599392
test_07320,0.9997210786694942
test_07321,0.21694256851003746
test_07322,0.696249742077434
test_07323,0.0002638553859756743
test_07324,0.8498160137181369
test_07325,0.6712692399720858
test_07326,0.9958830720029033
test_07327,0.9996335102308653
test_07328,0.9999850091915193
test_07329,0.0006171940155207467
test_07330,0.030131696841086433
test_07331,6.291821260971944e-05
test_07332,6.79936711570793e-05
test_07333,0.3587842054988909
test_07334,0.9412628407293273
test_07335,0.9647334672231085
test_07336,0.18043376876542264
test_07337,0.316332641137194
test_07338,0.9952655541226936
test_07339,0.0010904555828206422
test_07340,0.9999664779552929
test_07341,0.09289747306863498
test_07342,0.0008350696719219942
test_07343,0.9999909149554064
test_07344,0.7833266066399142
test_07345,0.0030597882556653803
test_07346,2.4077604737426486e-05
test_07347,5.7140837384110036e-05
test_07348,0.9235987423650605
test_07349,0.00021147752252583432
test_07350,0.9999481483498183
test_07351,2.8867111339528217e-05
test_07352,0.4867890685395687
test_07353,0.9964389768668901
test_07354,0.9695143812371797
test_07355,0.9998864982663468
test_07356,0.9999976176857714
test_07357,0.9972658069187808
test_07358,0.9912172407518977
test_07359,0.0018498804072018488
test_07360,0.9999598089126135
test_07361,0.8813280996856745
test_07362,0.007783318239932606
test_07363,0.9999897605033001
test_07364,0.007061719190284403
test_07365,0.91859273880246
test_07366,0.9999982666789539
test_07367,0.9971813375514814
test_07368,0.014281621210653824
test_07369,0.0012454064824741905
test_07370,0.9997182585585762
test_07371,0.00017714602423494024
test_07372,0.02081027572873494
test_07373,0.999752045979308
test_07374,0.001466311033658237
test_07375,0.3908107803522317
test_07376,0.3484199313123591
test_07377,0.0001502718731858589
test_07378,0.9996209457508008
test_07379,0.0005505472112102908
test_07380,0.21124070446514875
test_07381,0.0021085841828840917
test_07382,0.8640528269745285
test_07383,0.9979921109680896
test_07384,0.88047264034803
test_07385,0.0020649723713835597
test_07386,0.00394440228667238
test_07387,0.0002809168760989046
test_07388,0.9285549313236965
test_07389,0.0007962829318439513
test_07390,0.001594808139093936
test_07391,0.9999999830576779
test_07392,0.8173865817686918
test_07393,0.9988775969429019
test_07394,0.802932293740089
test_07395,0.9999514296276625
test_07396,7.255246868886774e-05
test_07397,0.9984484921857638
test_07398,0.9996954311770659
test_07399,0.9990671659692527
test_07400,0.9956831220189467
test_07401,0.00398581676441106
test_07402,0.999993693989941
test_07403,8.420015671551294e-06
test_07404,8.894671070923979e-05
test_07405,0.9999828892473674
test_07406,9.628663457418406e-05
test_07407,3.0108190817943383e-05
test_07408,0.08883151711338079
test_07409,0.9987655354315113
test_07410,0.9991805858374356
test_07411,0.2466595668726594
test_07412,0.00031133848224484614
test_07413,0.9997394736808509
test_07414,5.287992194199902e-05
test_07415,0.7861537804666904
test_07416,0.0014702861400232828
test_07417,0.02121966531820763
test_07418,0.9998176126190069
test_07419,9.987013820817548e-07
test_07420,5.040883377416598e-06
test_07421,0.03541153159968909
test_07422,0.9999789905986354
test_07423,0.9999949978773981
test_07424,0.017981636557122406
test_07425,0.0024837624448484463
test_07426,0.09877937284685981
test_07427,0.0357211099098201
test_07428,0.007828297100950647
test_07429,0.26238881326162705
test_07430,3.6076065562718745e-05
test_07431,0.9995186669838776
test_07432,1.9661028461685752e-07
test_07433,0.10617149060642118
test_07434,9.841297737029758e-06
test_07435,5.894653431766986e-05
test_07436,7.640248271881564e-06
test_07437,0.9998253335118876
test_07438,0.9938920692503825
test_07439,0.05893569563575025
test_07440,1.094407135738897e-06
test_07441,0.0006719112454238613
test_07442,0.0003385978264460164
test_07443,0.9999948153070752
test_07444,0.03196716611259541
test_07445,0.01083701051492983
test_07446,9.653799762674575e-07
test_07447,3.137211657450272e-07
test_07448,0.0002937052407511343
test_07449,0.997152108432864
test_07450,0.9989149217782982
test_07451,0.9947717070272033
test_07452,0.000537370331836317
test_07453,0.0024321105316318244
test_07454,0.9961648439189623
test_07455,0.10862843570263366
test_07456,0.9994667026065184
test_07457,0.9784424831997651
test_07458,0.9999994925233135
test_07459,0.9999991819437082
test_07460,0.004950541344590291
test_07461,0.9987758845118915
test_07462,0.9842110026546669
test_07463,7.656240250015265e-05
test_07464,0.034413015483158976
test_07465,0.9998714309459735
test_07466,0.03378274601877066
test_07467,0.9996805063663518
test_07468,0.9999916850190157
test_07469,0.0008895981097823561
test_07470,0.9999985542648391
test_07471,0.7498714979891897
test_07472,0.80778148016286
test_07473,1.6002686623981197e-05
test_07474,0.0008154227159064641
test_07475,0.4783992668485896
test_07476,0.003954045932641275
test_07477,0.0019788033202745056
test_07478,0.9999241660798489
test_07479,0.9998804712828726
test_07480,0.014352858941593927
test_07481,0.01243078704581836
test_07482,0.9637285934989153
test_07483,0.3976212631237929
test_07484,0.1794008237902064
test_07485,0.9923306035603062
test_07486,0.9999965112302027
test_07487,0.00015508687476388063
test_07488,0.00028559773832611467
test_07489,0.9999966148020293
test_07490,0.7809703028219046
test_07491,0.00025484167472066785
test_07492,0.00664534826987354
test_07493,0.9777002429677166
test_07494,0.9903515807201919
test_07495,0.9999942999286585
test_07496,9.949528779642244e-05
test_07497,0.004983421204302323
test_07498,0.631604431754463
test_07499,5.8673524222052634e-05
test_07500,0.003914912368661448
test_07501,0.0007548226593895068
test_07502,0.9999723519148144
test_07503,0.00035642626500840424
test_07504,0.1850820758247201
test_07505,0.9792765702024677
test_07506,0.9965605476506517
test_07507,0.0021843051034509376
test_07508,2.6413051285701247e-05
test_07509,0.9999650711197262
test_07510,0.9546606366503781
test_07511,0.9980276121391979
test_07512,0.0009164493437602279
test_07513,0.9996913190088713
test_07514,0.9999940056245832
test_07515,0.9985274373583314
test_07516,0.9999983043776587
test_07517,0.9999995627718015
test_07518,0.00010215936186477035
test_07519,0.12428954846876683
test_07520,0.0002874505785589045
test_07521,0.0008683621458607003
test_07522,0.9988297404718336
test_07523,7.866976756622769e-05
test_07524,0.5209376675897468
test_07525,0.6255293915658007
test_07526,1.8872048853179577e-05
test_07527,0.4136638566532547
test_07528,0.9999890372075386
test_07529,0.0003240391950205852
test_07530,0.9999829632468659
test_07531,0.9963307433989234
test_07532,0.9988307255072028
test_07533,0.0007195205624749444
test_07534,0.1387452214023405
test_07535,0.2294509929209364
test_07536,0.09459903378924989
test_07537,0.0004622792389856782
test_07538,0.8738639106393611
test_07539,0.9999978966816471
test_07540,2.884470939992986e-05
test_07541,0.735311508847411
test_07542,0.9985375103141375
test_07543,0.0013912455964361096
test_07544,0.9903247993788858
test_07545,0.13591616122677028
test_07546,0.9998317473228407
test_07547,0.9994566462897218
test_07548,0.003560653102348637
test_07549,0.9929025643471094
test_07550,0.9999214983837549
test_07551,0.9970582990715212
test_07552,1.3044183984592644e-06
test_07553,0.9998431621913377
test_07554,0.9999772697062252
test_07555,2.9325066588260763e-07
test_07556,5.29965514655605e-06
test_07557,0.9999919856950775
test_07558,0.9597789027491345
test_07559,0.9779479642747323
test_07560,0.8351459864321578
test_07561,5.966046706917528e-07
test_07562,0.5732681536429611
test_07563,0.9996253920102562
test_07564,0.9996085210420408
test_07565,0.24592589456775837
test_07566,0.16950786250749933
test_07567,0.0005201977054646488
test_07568,3.2884330189638852e-06
test_07569,0.850605482099655
test_07570,0.9279084390285001
test_07571,0.055846871370587574
test_07572,0.999967959450923
test_07573,0.9999976958693225
test_07574,0.9997408947971179
test_07575,0.001292876244701301
test_07576,0.00303067873402243
test_07577,0.00016198943864822465
test_07578,1.5284316681985575e-05
test_07579,7.302038138832535e-06
test_07580,0.9997239502965913
test_07581,9.598448777386318e-06
test_07582,1.2506575124542466e-05
test_07583,0.9997578747010655
test_07584,0.9588835694186146
test_07585,0.9216749978736976
test_07586,0.9999530619298495
test_07587,0.028709949764426656
test_07588,0.9997395831801648
test_07589,0.9207488872580841
test_07590,0.0015197921707139038
test_07591,0.9999420313295839
test_07592,1.0304765888209989e-06
test_07593,0.9999280936024809
test_07594,0.11414473420090691
test_07595,0.001034697709817431
test_07596,2.4458966043587612e-05
test_07597,0.9958469854476161
test_07598,0.16252481753453515
test_07599,0.9993744037643463
test_07600,0.00014565197366984219
test_07601,0.0004238688504004107
test_07602,6.323909695130729e-05
test_07603,0.9999279933140259
test_07604,0.006555579362879698
test_07605,0.00019511803711374536
test_07606,6.328498900852502e-07
test_07607,0.00010339374660061022
test_07608,0.18612841260455165
test_07609,0.9999862468097352
test_07610,1.2158197653836616e-05
test_07611,0.0008177777371509591
test_07612,0.00016776812636471868
test_07613,0.001121169402095829
test_07614,0.9996817295169357
test_07615,0.9998099672581131
test_07616,0.9975234588666604
test_07617,0.858364557149022
test_07618,0.9999883189306183
test_07619,6.49959042105228e-05
test_07620,0.06738550691502937
test_07621,2.152969752359409e-05
test_07622,0.0004018914932325986
test_07623,0.9999740096945949
test_07624,2.6449423298680664e-05
test_07625,0.00046817439510969243
test_07626,0.9999870672482623
test_07627,0.9997945072571766
test_07628,0.9999979675454311
test_07629,0.0011315401446705712
test_07630,0.9999253206585828
test_07631,8.835283643603871e-05
test_07632,0.12428905743084416
test_07633,0.052629621318703135
test_07634,0.99998990816113
test_07635,0.9999464474885379
test_07636,0.00025996722935443025
test_07637,0.9898457113150927
test_07638,0.9999991856177954
test_07639,0.0053116152319383015
test_07640,0.004615076558355346
test_07641,0.9949221770590189
test_07642,0.009390094938598948
test_07643,0.9996473240145968
test_07644,0.9993960770096537
test_07645,8.902141750688989e-05
test_07646,0.26602967655018306
test_07647,0.999996580316198
test_07648,8.233450436837407e-05
test_07649,0.9734425591608437
test_07650,0.9999826379660121
test_07651,0.6636057056593544
test_07652,0.9691332984604538
test_07653,0.9999971567687671
test_07654,0.9998349151331937
test_07655,0.054174808065798025
test_07656,0.004228692446013281
test_07657,0.9999994449388042
test_07658,4.044027099573352e-05
test_07659,0.9999539910235502
test_07660,0.8137019474488988
test_07661,0.9990072690245381
test_07662,0.04942533359843955
test_07663,0.0006305786419362873
test_07664,0.00010144829830787334
test_07665,3.507062011727207e-05
test_07666,0.9999929421320443
test_07667,0.016586382375580872
test_07668,0.0003224568248547946
test_07669,0.9999993493619442
test_07670,7.70615778675387e-05
test_07671,1.3550764995092318e-05
test_07672,0.00018573573134926283
test_07673,0.0004214773545020038
test_07674,0.9417874860199862
test_07675,0.0001522536741414627
test_07676,0.004425418231063073
test_07677,0.14847656102937654
test_07678,0.1057675704761319
test_07679,0.0005762779453864773
test_07680,0.9996919039271215
test_07681,9.942898108433448e-05
test_07682,0.0032425604503411583
test_07683,0.9999771257770916
test_07684,0.9628072135570022
test_07685,0.03412986987562301
test_07686,0.00131599776756703
test_07687,0.7950676382817474
test_07688,0.6932673970865116
test_07689,0.9998803020015087
test_07690,0.9999486098753025
test_07691,7.247874896711034e-05
test_07692,0.9999994905565237
test_07693,0.9999500808095573
test_07694,0.008222996051750689
test_07695,0.271272429175514
test_07696,0.01990210254215034
test_07697,0.999236156601837
test_07698,0.9997503752180101
test_07699,0.0007876020792265099
test_07700,0.9944723914045429
test_07701,0.00022910544356007675
test_07702,0.005380508652616423
test_07703,0.999997826223483
test_07704,0.9999456894404604
test_07705,0.043250997610897714
test_07706,0.9666337990293287
test_07707,0.03195426075319214
test_07708,0.9999982569613104
test_07709,0.8157323048548478
test_07710,0.9999822448193396
test_07711,0.9993108245734038
test_07712,4.974340209847407e-06
test_07713,1.1278981840077141e-05
test_07714,9.109206879233797e-05
test_07715,0.9998561995693593
test_07716,0.9999908483709586
test_07717,5.0400466656311e-05
test_07718,0.0006983946825221643
test_07719,0.00024120191790468352
test_07720,0.0038384525605682732
test_07721,0.0032802643393263563
test_07722,0.004741045271208126
test_07723,0.0002686108269188634
test_07724,0.9999985670205622
test_07725,0.9998365247171035
test_07726,0.49712482849525186
test_07727,0.0009631932395211809
test_07728,0.0013281637485367704
test_07729,0.9999544071944613
test_07730,0.0007376421483700249
test_07731,9.618984746332089e-06
test_07732,0.35443260686273925
test_07733,0.9999778497099872
test_07734,0.014159688427440835
test_07735,0.001653139071041491
test_07736,4.616059749889587e-05
test_07737,0.9999525459862199
test_07738,0.11318493583705658
test_07739,0.7300125235913629
test_07740,0.0020268854348603448
test_07741,0.015055440453395795
test_07742,0.47147771476800693
test_07743,0.9989808295851651
test_07744,0.0015004854930402841
test_07745,0.8025155271379979
test_07746,0.9848419502966713
test_07747,0.006753114024250697
test_07748,0.000314701874976975
test_07749,0.9991469775412187
test_07750,0.9998086579537309
test_07751,0.025394622290365525
test_07752,0.0001960269875919363
test_07753,0.9145772147448995
test_07754,0.005201948487628629
test_07755,0.09132230853514958
test_07756,0.9901822653077786
test_07757,0.004051391339228817
test_07758,0.0042475342495810735
test_07759,0.8987192359944434
test_07760,0.3778470736466227
test_07761,0.9256997251678273
test_07762,0.9967573972672318
test_07763,0.9999980409974593
test_07764,0.9924496298359612
test_07765,0.11887220576699671
test_07766,0.9999985508667922
test_07767,2.5677156431266102e-05
test_07768,0.618941879902527
test_07769,1.8439366999930357e-06
test_07770,0.00026486654524704044
test_07771,0.9871388048555475
test_07772,0.9999979262524964
test_07773,0.9993616709900917
test_07774,0.0009958466735363475
test_07775,0.0009980308917616827
test_07776,0.4141460607407889
test_07777,0.9999789641348746
test_07778,0.8059936778322503
test_07779,0.999316289610416
test_07780,0.7610425152399505
test_07781,0.00017381508882055902
test_07782,0.011432146853694047
test_07783,6.235953855374085e-06
test_07784,0.14130487635088368
test_07785,0.0275866388214456
test_07786,0.1397519484058715
test_07787,0.9999245651334158
test_07788,0.9999655444495221
test_07789,0.9590635492653917
test_07790,0.00025177525349043956
test_07791,0.003654093469812774
test_07792,0.0008769201965971442
test_07793,1.2357293440519136e-05
test_07794,0.033296447903770905
test_07795,0.932908117470415
test_07796,0.0003659236984441181
test_07797,0.0008734325651557221
test_07798,0.9995485928024426
test_07799,0.9991053607455327
test_07800,0.750978283295184
test_07801,2.231776232550344e-05
test_07802,0.17024003211787675
test_07803,0.9999057731387758
test_07804,0.999697287326287
test_07805,9.110136042313466e-06
test_07806,0.01712847621740594
test_07807,0.00405942005782143
test_07808,6.2088611011912145e-06
test_07809,5.491006800064394e-06
test_07810,8.093735757072814e-06
test_07811,0.9982344140158086
test_07812,0.28374597420093695
test_07813,0.9998414157703567
test_07814,0.0798851911710245
test_07815,1.130683931998597e-07
test_07816,0.0036331676175006314
test_07817,0.9999327457070731
test_07818,0.00029421952632242116
test_07819,0.9920556185708721
test_07820,0.0027144019569433075
test_07821,0.9969991861535114
test_07822,0.0021659444909140537
test_07823,0.00012032513119864683
test_07824,0.9987612844626781
test_07825,0.9999055580435627
test_07826,0.00079256902816265
test_07827,0.9037219920678335
test_07828,0.0007693909690636512
test_07829,0.9895145894644449
test_07830,0.006877208987446271
test_07831,0.9999700287528435
test_07832,0.9991580485444352
test_07833,0.826323115241867
test_07834,0.9509567741235264
test_07835,0.9895289340709172
test_07836,0.03123999183707469
test_07837,2.4752179584290367e-05
test_07838,0.9999994787219606
test_07839,0.999902372125586
test_07840,0.9838681228929651
test_07841,0.00010313934514882986
test_07842,0.001516050642736473
test_07843,1.6652888574144077e-05
test_07844,0.9808088448041852
test_07845,0.9999990586791151
test_07846,0.0020568643625558554
test_07847,0.9636819206009275
test_07848,6.179725518195673e-05
test_07849,0.9928218197723655
test_07850,0.9999999900910795
test_07851,0.010908946687287747
test_07852,0.9879381978087286
test_07853,0.00023590340190834608
test_07854,0.994174497170743
test_07855,0.0035057928636376707
test_07856,0.001557406742782281
test_07857,0.023280671669829
test_07858,6.570666737003309e-06
test_07859,0.4321706145543575
test_07860,3.0944808764567396e-05
test_07861,0.005937982267966743
test_07862,6.602091611249704e-06
test_07863,0.3823162290618752
test_07864,0.04086909519883035
test_07865,0.9987746112672995
test_07866,0.2119840954228515
test_07867,1.4430766426258905e-07
test_07868,0.999993340572856
test_07869,0.9953361873695938
test_07870,0.418230527494091
test_07871,0.9999237822749298
test_07872,0.07593874720828732
test_07873,0.00011477573257181446
test_07874,0.002023384465858549
test_07875,2.2469443426916356e-06
test_07876,0.20426540416375863
test_07877,0.0014049964253715348
test_07878,0.008244266790137175
test_07879,6.97323335243011e-05
test_07880,0.987493219285241
test_07881,0.9981746556714264
test_07882,0.9780259239220372
test_07883,0.999354337651699
test_07884,0.7712040140547257
test_07885,0.9831958972730865
test_07886,4.462921022276104e-05
test_07887,0.9999714520965128
test_07888,0.005910946768671095
test_07889,0.9999897136310214
test_07890,0.9895998459419763
test_07891,0.9971371966578574
test_07892,0.29784118436793056
test_07893,0.9991720984280714
test_07894,0.0059731843500003936
test_07895,0.07314203598952204
test_07896,0.9982512227022979
test_07897,0.00011766420112494622
test_07898,0.9998865371308772
test_07899,0.9999988636227898
test_07900,0.9999076569524304
test_07901,0.9998910259460777
test_07902,5.643130045399343e-07
test_07903,0.08206583624025965
test_07904,2.1104699083208107e-05
test_07905,0.9821726563843556
test_07906,4.401747873140184e-05
test_07907,0.9204404432411392
test_07908,0.0003447390987034686
test_07909,0.9979903397235411
test_07910,0.9832461887526167
test_07911,0.9999592497636527
test_07912,2.116491496088737e-06
test_07913,6.84030239197748e-05
test_07914,2.6404851091865044e-06
test_07915,2.636120248446463e-05
test_07916,0.9934044467979155
test_07917,0.0002106781202088386
test_07918,1.5183323111318509e-05
test_07919,0.0006578053738638584
test_07920,0.0011035841994668516
test_07921,0.9995261965000083
test_07922,0.09809930934099
test_07923,0.9949610404301203
test_07924,0.001522621025688821
test_07925,4.432306395406818e-06
test_07926,0.0033120267278601207
test_07927,0.998209775009243
test_07928,0.17198846545324256
test_07929,9.043916173631138e-05
test_07930,0.00320548925386077
test_07931,0.009686516760303934
test_07932,0.999801412258152
test_07933,0.9998953012014408
test_07934,1.5344728228197678e-06
test_07935,0.001647049154634858
test_07936,0.001006715159976224
test_07937,0.5166861087785507
test_07938,0.9897115426216962
test_07939,3.2983360333278155e-05
test_07940,0.03639046187933259
test_07941,0.327119216425077
test_07942,4.797765461110228e-06
test_07943,0.9969086460902377
test_07944,0.0010774777284185168
test_07945,3.819106060084775e-05
test_07946,1.5087746363560214e-05
test_07947,0.9999871535190068
test_07948,0.37199201858833225
test_07949,0.999440538924405
test_07950,0.9998029317461496
test_07951,1.0772440761246428e-08
test_07952,0.005702863749585024
test_07953,8.152435644238747e-05
test_07954,0.014148791377693492
test_07955,1.8440350791598223e-06
test_07956,0.002791594703674265
test_07957,0.09128681856404117
test_07958,0.048702337898354785
test_07959,0.9994250502263716
test_07960,8.45483464288818e-05
test_07961,0.999981472571314
test_07962,0.0047833190629760864
test_07963,0.9947885709013771
test_07964,4.001810410832704e-07
test_07965,0.00024688653309939257
test_07966,0.8858038705386888
test_07967,0.9976462545552022
test_07968,0.00015569116166062741
test_07969,0.00028102922766667536
test_07970,7.511800840356256e-05
test_07971,0.00048259614703058173
test_07972,0.9857423041601893
test_07973,9.00486505595984e-06
test_07974,0.9999769457464147
test_07975,7.695394818166169e-05
test_07976,0.2586527845204512
test_07977,0.02098029217920626
test_07978,0.9920349990421052
test_07979,0.00012551156155438836
test_07980,0.9724614608749383
test_07981,0.010498525614714892
test_07982,0.0015211116283894096
test_07983,0.0001653960607195325
test_07984,0.7210507391838477
test_07985,0.9999932559396644
test_07986,0.0021338779043591724
test_07987,3.493520642238517e-06
test_07988,0.004459231252776182
test_07989,0.00019244926747077692
test_07990,0.9047437994047625
test_07991,0.9995517611944352
test_07992,0.0004063739150917968
test_07993,0.999998822641408
test_07994,0.7315351082945881
test_07995,0.9972727235438785
test_07996,0.9999870106698617
test_07997,0.996187394134483
test_07998,0.9976743658313441
test_07999,0.9999935561238239
test_08000,0.01345017183375927
test_08001,1.0763271023162423e-06
test_08002,0.0007404596160233009
test_08003,0.8204363822123698
test_08004,0.0011446117956484295
test_08005,0.9999312989259741
test_08006,0.9364096717226754
test_08007,1.7091102849223326e-05
test_08008,0.9461646969214053
test_08009,0.00013309015914301334
test_08010,0.991515274122353
test_08011,0.9999604711491319
test_08012,0.9999089736727758
test_08013,0.00022051107145527126
test_08014,0.026299524847583255
test_08015,1.189548214189386e-05
test_08016,0.9989091382712737
test_08017,0.8750177676131855
test_08018,0.9997012191585266
test_08019,0.9992757149226228
test_08020,0.999696667910289
test_08021,0.2362516337128731
test_08022,0.0014007079333271495
test_08023,1.2514232790190812e-06
test_08024,0.003987035028686229
test_08025,0.8206268979453037
test_08026,0.9999409103014416
test_08027,0.37547233319196965
test_08028,0.037461743442264536
test_08029,0.9942682676659589
test_08030,0.06524838011418835
test_08031,4.0568086399539685e-05
test_08032,0.9996502054701617
test_08033,0.009379680227447354
test_08034,0.9999996529619343
test_08035,0.0012876299913319716
test_08036,0.9929405064254982
test_08037,0.006301583544401194
test_08038,0.9362893940888546
test_08039,0.9989791644040918
test_08040,0.9889892106597952
test_08041,0.9952716289044169
test_08042,0.9998394020162528
test_08043,0.005511942541598744
test_08044,0.13089249430004257
test_08045,0.02839215646139508
test_08046,0.026896602906193466
test_08047,0.0007884462647274943
test_08048,0.09526771522873566
test_08049,0.9971725357159493
test_08050,0.0007345360818849449
test_08051,0.003395231797186148
test_08052,0.9967017272196812
test_08053,0.11014996988275157
test_08054,0.00014217038330182922
test_08055,0.9999965618200685
test_08056,0.9996387893591241
test_08057,0.0002356476946981278
test_08058,0.0006064396898111428
test_08059,0.00933279331939149
test_08060,0.999386264186313
test_08061,0.010250401360100067
test_08062,0.996369632179369
test_08063,0.6896732895475596
test_08064,0.5956173445857265
test_08065,0.9999959950710592
test_08066,0.014333773453089095
test_08067,0.9983704133429783
test_08068,0.6987081358743458
test_08069,0.9845378985835602
test_08070,1.6777245258869097e-05
test_08071,0.9997991001324427
test_08072,0.003027579782802228
test_08073,0.9976130347003438
test_08074,0.08333036557187734
test_08075,0.9818621263815082
test_08076,1.9683475990583435e-06
test_08077,0.0005249372271641372
test_08078,0.8962540810566882
test_08079,6.681555744527972e-05
test_08080,0.9989013052369116
test_08081,2.3099522259845725e-05
test_08082,0.0003766106577005378
test_08083,0.999885660510849
test_08084,0.0009506165250271884
test_08085,9.526741314610505e-06
test_08086,0.001799774276141377
test_08087,0.9983132411132432
test_08088,0.9994229632812048
test_08089,0.013279427399830563
test_08090,0.031274322065397805
test_08091,0.9999967572733107
test_08092,0.9596396508945154
test_08093,0.5335701963699309
test_08094,0.00047434569194905853
test_08095,0.9911867498660876
test_08096,1.9438093587939823e-05
test_08097,0.9966633709978039
test_08098,2.612725007449093e-05
test_08099,0.008998677800251733
test_08100,0.999990220654798
test_08101,0.00014785575235584753
test_08102,2.1189211825262852e-05
test_08103,0.9998490514265056
test_08104,0.000279617612564983
test_08105,0.9999978469744036
test_08106,0.9999367293070197
test_08107,0.6589472296540468
test_08108,0.00018983486038586788
test_08109,0.9930563901096269
test_08110,0.9999335147607517
test_08111,7.238962557067462e-05
test_08112,0.9999999960300687
test_08113,0.000997020629570927
test_08114,0.0005590689143375601
test_08115,5.698238206675726e-05
test_08116,0.9984656637350808
test_08117,3.7181360103655366e-05
test_08118,0.0005777356770503027
test_08119,0.7817405262425012
test_08120,0.0001040561114404333
test_08121,0.05253886456930089
test_08122,0.9940067686989147
test_08123,0.029187236559953582
test_08124,0.013647769702227908
test_08125,0.9999571596516528
test_08126,0.13014447327814935
test_08127,0.0013706921627824164
test_08128,0.6257827958284846
test_08129,0.00012591741407872904
test_08130,0.00018181086957840976
test_08131,0.9998524706759311
test_08132,0.00014770485723296738
test_08133,0.00012264208430567196
test_08134,0.0009369598035670992
test_08135,0.05475394737510996
test_08136,0.9999108267427529
test_08137,0.0015340440760598613
test_08138,1.3680997293833833e-06
test_08139,0.9999905602653911
test_08140,0.9990244984614163
test_08141,0.9980229340167389
test_08142,0.9999988611749546
test_08143,0.7959190250454558
test_08144,0.9996327459596507
test_08145,0.0006427953579501752
test_08146,0.9440129433618202
test_08147,0.15164753445806756
test_08148,0.043545314941843605
test_08149,0.0004438325765587495
test_08150,0.986025580547842
test_08151,0.9839353760227537
test_08152,0.07216064719163152
test_08153,0.96005383939382
test_08154,0.0023634363150191614
test_08155,0.0011526243438746157
test_08156,1.478023383792656e-05
test_08157,4.083800981687771e-06
test_08158,4.426737910708492e-05
test_08159,0.9999217878237127
test_08160,0.9999985691765654
test_08161,0.9720493152196737
test_08162,0.0976170143175666
test_08163,0.9999594870184876
test_08164,1.0572543985254397e-06
test_08165,0.02924581942221654
test_08166,0.029124526773063528
test_08167,0.0005134657697481506
test_08168,0.9999974441081889
test_08169,0.972988984862392
test_08170,1.2887409933523106e-05
test_08171,0.9995387267006105
test_08172,0.9208517141306118
test_08173,0.0026136819838978457
test_08174,0.0057883927815563525
test_08175,0.9999736396916392
test_08176,0.9958754026906548
test_08177,0.9999703853799432
test_08178,0.9986697916548181
test_08179,0.9997442412907663
test_08180,1.0247190082694429e-05
test_08181,0.007897696479834664
test_08182,0.013558617736586969
test_08183,0.9975596628810243
test_08184,0.999872860729088
test_08185,0.9798719342992187
test_08186,0.9992974589800413
test_08187,0.9787074300549163
test_08188,0.00011171981784735365
test_08189,0.00019166127726650414
test_08190,0.0038827109182651416
test_08191,0.9961475804508605
test_08192,0.9991595921760011
test_08193,0.9999682390079181
test_08194,0.15199390585267206
test_08195,2.813844576125703e-07
test_08196,0.0014168690624276313
test_08197,0.9999997273061845
test_08198,0.9999117926731343
test_08199,6.2846994819976e-05
test_08200,0.9964707296757489
test_08201,7.777086337209797e-06
test_08202,0.9909824356309099
test_08203,0.942433170276704
test_08204,0.9098834410816915
test_08205,0.9295325643590729
test_08206,0.006356047658450161
test_08207,0.995093661273495
test_08208,0.5791126388195837
test_08209,0.0016844363316082958
test_08210,0.006096882296916185
test_08211,5.680838729946235e-06
test_08212,0.9999726265357747
test_08213,0.9996917986110001
test_08214,0.0004226992893680065
test_08215,0.003472557216810278
test_08216,0.0001424782574119832
test_08217,0.9999299960272621
test_08218,0.9773635966555488
test_08219,0.22611463953887476
test_08220,3.980539974334667e-06
test_08221,0.004434640172032994
test_08222,0.9997245985886298
test_08223,5.7601636507107966e-05
test_08224,9.137416503519986e-05
test_08225,2.452283680549911e-05
test_08226,0.99581559786709
test_08227,0.9999058174991226
test_08228,0.9999659518053585
test_08229,2.926225226551985e-06
test_08230,0.09923709782888877
test_08231,1.0489799776218794e-05
test_08232,0.004461620406671808
test_08233,3.1166348979720135e-05
test_08234,0.00024731409960478134
test_08235,0.00010179820168729035
test_08236,0.014660502554763425
test_08237,0.9999503674706349
test_08238,0.9999818500902526
test_08239,0.9999884974540331
test_08240,0.6122838283400698
test_08241,0.9585554427904873
test_08242,0.9990359455626805
test_08243,2.0608312027647552e-05
test_08244,0.9950692138843281
test_08245,0.008436895253401439
test_08246,0.12229442328676662
test_08247,0.04262875479204786
test_08248,0.11241435148269298
test_08249,0.9977824419088642
test_08250,0.06985917647968994
test_08251,0.9951713896441524
test_08252,0.9997181409686079
test_08253,0.00021149819043478205
test_08254,0.9925122615660767
test_08255,5.1221128170922704e-05
test_08256,0.00013595150503174406
test_08257,0.0014462393238271595
test_08258,0.9831161120824153
test_08259,0.9998241634999909
test_08260,0.6952518611114532
test_08261,0.9999995844070255
test_08262,0.9985271270861045
test_08263,0.9999940549032564
test_08264,0.9976739374227769
test_08265,0.9992701080238608
test_08266,0.9929730686516155
test_08267,0.006369330001119967
test_08268,0.013682708270380997
test_08269,0.9992076497820037
test_08270,0.0012047134212057893
test_08271,0.9207543464950447
test_08272,0.9525317612841535
test_08273,0.9898246949379635
test_08274,0.9949577260097054
test_08275,0.022027092427318082
test_08276,0.9999955066927688
test_08277,0.00800296225571485
test_08278,0.047467847426680504
test_08279,0.27651257819723685
test_08280,6.0341451548549515e-06
test_08281,0.8113159754496263
test_08282,0.9992244281607933
test_08283,0.996998726025697
test_08284,0.9965296968827398
test_08285,0.9998235875334687
test_08286,7.962384506255522e-05
test_08287,0.027853365532695528
test_08288,4.3126259430308775e-06
test_08289,0.00023150345953858772
test_08290,6.3248215943223725e-06
test_08291,0.2948639238886715
test_08292,3.289286114346683e-06
test_08293,0.9825287994638272
test_08294,0.2887662344793776
test_08295,0.9999706213262369
test_08296,0.9985301114928908
test_08297,0.9999993443400808
test_08298,0.031739564606501944
test_08299,4.419321827325297e-07
test_08300,0.9914430131701039
test_08301,0.9187017698182899
test_08302,0.999777451232549
test_08303,0.9998747827601873
test_08304,0.9986668490114905
test_08305,0.17841087691697477
test_08306,1.8523160597671077e-06
test_08307,0.8376658305243466
test_08308,0.9978261198707838
test_08309,0.00026666581837422453
test_08310,0.9839645164462397
test_08311,0.007301938002253598
test_08312,0.9995280425044156
test_08313,0.9988322774700874
test_08314,0.00045161948330616413
test_08315,0.9997642457999398
test_08316,0.9998513345986985
test_08317,0.9936919405500145
test_08318,0.0003306429903407887
test_08319,0.9997775686746944
test_08320,0.9101298956790406
test_08321,0.5895989266008593
test_08322,0.9989997579101312
test_08323,0.9987463197110678
test_08324,0.39623951762081444
test_08325,0.9998869151305769
test_08326,0.0025096468031940446
test_08327,0.00023034384825699846
test_08328,0.015187997152454391
test_08329,0.997706378642567
test_08330,0.9969519107703609
test_08331,0.9829370324441298
test_08332,0.00010263103409171795
test_08333,0.01507686507058049
test_08334,0.999381478761937
test_08335,0.20962198534026227
test_08336,0.09177450282478342
test_08337,0.9865513295074444
test_08338,0.9996310516076504
test_08339,2.4224887221787385e-05
test_08340,8.636257935817337e-07
test_08341,0.9985396049193224
test_08342,0.0005533116223746333
test_08343,0.9737520317433102
test_08344,0.698784781375108
test_08345,0.9999600042358766
test_08346,0.0008518075850401438
test_08347,0.00028948549178515624
test_08348,0.9999899296546915
test_08349,2.0243952773449518e-05
test_08350,0.9920614415335693
test_08351,0.9999992059216449
test_08352,6.788005894086361e-06
test_08353,0.9998128110087999
test_08354,0.00032862320505650135
test_08355,0.979398255822507
test_08356,0.8681394193044931
test_08357,5.514255560945741e-05
test_08358,0.9994935890502956
test_08359,0.9997117177916989
test_08360,0.9792772778125244
test_08361,0.9284188089934621
test_08362,1.846702141104958e-05
test_08363,0.9999955536257156
test_08364,0.23804510922930952
test_08365,0.004096428357963953
test_08366,0.40694988066713367
test_08367,0.7100375150060986
test_08368,0.9997877133835947
test_08369,0.0005915458945944977
test_08370,0.9999941960789756
test_08371,2.4892842474139955e-05
test_08372,5.116401848478328e-05
test_08373,0.9998710406812727
test_08374,0.9999125961408981
test_08375,0.00027901540821910465
test_08376,0.9929640434986997
test_08377,0.933032473908015
test_08378,0.9900537594438222
test_08379,0.9997680740788559
test_08380,0.9999891210189615
test_08381,0.9993173977180828
test_08382,0.9803544681693606
test_08383,0.0021802384018005227
test_08384,7.164869287164691e-05
test_08385,0.0004898798192703949
test_08386,3.1193630406031746e-06
test_08387,0.0031208881640397076
test_08388,9.164303911644154e-06
test_08389,0.9866169052098122
test_08390,0.00394672919428332
test_08391,0.03025713588965851
test_08392,0.9972709326856791
test_08393,0.9999423244525613
test_08394,4.9942006793591227e-05
test_08395,0.0032236065968804435
test_08396,0.0023099977075195996
test_08397,0.003683666538610531
test_08398,0.9985181893522167
test_08399,0.006890530081772789
test_08400,3.746249937063144e-05
test_08401,0.002163081649273501
test_08402,0.006628054665017077
test_08403,0.0019340295107270853
test_08404,0.9728922431058183
test_08405,0.0021374172616001378
test_08406,6.23014005929912e-05
test_08407,0.9999505018656213
test_08408,0.007755018059500715
test_08409,6.467891097307854e-05
test_08410,0.9565021480428632
test_08411,0.9999730531890548
test_08412,0.9999998118320211
test_08413,4.762333003396936e-06
test_08414,0.002993840830819823
test_08415,2.6878982033679503e-05
test_08416,0.9999669392618191
test_08417,0.9940576819325392
test_08418,0.9976305309194001
test_08419,0.000197862223278442
test_08420,0.5347890335254776
test_08421,0.015844825776886177
test_08422,0.9968534007175848
test_08423,0.9999933361108576
test_08424,0.0017990406915388034
test_08425,0.007543515930573428
test_08426,4.076376018078859e-05
test_08427,0.9996662632620773
test_08428,0.9999986784045216
test_08429,0.0008524421953798747
test_08430,0.9845428518079414
test_08431,0.1388986001665902
test_08432,0.009252416514593596
test_08433,0.1833352481456493
test_08434,0.9992147692072892
test_08435,8.518095549174692e-05
test_08436,0.9999314778118821
test_08437,2.00923210701075e-05
test_08438,0.9915058096355445
test_08439,0.9693627099663922
test_08440,0.9959550522203172
test_08441,0.0033435583363263044
test_08442,0.9977689748941252
test_08443,0.0010636509357666653
test_08444,0.0014608421688412476
test_08445,0.9957595092200169
test_08446,0.03656420140807245
test_08447,0.00028058781181288325
test_08448,0.42375979252803536
test_08449,0.9965599226369016
test_08450,0.8310436237472604
test_08451,0.001510702783086506
test_08452,0.008506480908440103
test_08453,0.00012311770842993026
test_08454,0.0011540031306598848
test_08455,0.552327061028784
test_08456,0.9999028745851093
test_08457,0.9989189425680022
test_08458,0.0003628617150757386
test_08459,0.9996652779436729
test_08460,0.9999955443432242
test_08461,8.195522790687937e-05
test_08462,6.248319404493281e-05
test_08463,0.9996859329063433
test_08464,0.007335610685490291
test_08465,0.9999994175083058
test_08466,0.0009532065594677473
test_08467,1.0032894409067893e-05
test_08468,0.9999926413354822
test_08469,0.0007070663175977633
test_08470,1.877400795113817e-05
test_08471,0.0024764982915678646
test_08472,0.9998259310035766
test_08473,0.0005251739331958616
test_08474,0.9981685991910463
test_08475,0.00016685532802014277
test_08476,0.9944294936243265
test_08477,0.9999707473464978
test_08478,0.9979787863485702
test_08479,0.31144309861626956
test_08480,0.001335422300423354
test_08481,0.06688410917582861
test_08482,0.9999831306734455
test_08483,0.0020242441725186744
test_08484,0.9999960445010022
test_08485,0.48314155443807716
test_08486,0.9391121360056456
test_08487,0.719239107584514
test_08488,0.011944792338087639
test_08489,0.005233937058838877
test_08490,0.986261453925203
test_08491,0.9996852489365077
test_08492,0.9999969293372873
test_08493,0.974811126849522
test_08494,0.5327920093523008
test_08495,0.1132239987528572
test_08496,0.012333810794236006
test_08497,0.9960014598843874
test_08498,3.716164992819526e-06
test_08499,0.607954085433185
test_08500,0.9998366504394824
test_08501,0.00025453796205822024
test_08502,0.9997238642362288
test_08503,0.0013837978615164781
test_08504,0.978876186582796
test_08505,0.00013943358380123078
test_08506,0.5372352718572918
test_08507,7.365389132168997e-06
test_08508,0.9999378645105274
test_08509,0.6382295207286237
test_08510,0.9994073570615729
test_08511,0.0732461181158922
test_08512,0.9992142055379336
test_08513,0.9999994651767661
test_08514,6.506588730880689e-05
test_08515,0.999210175774274
test_08516,0.9999557892788807
test_08517,0.9999975481468544
test_08518,0.99981244139275
test_08519,0.9992070350070755
test_08520,0.0009312470711699048
test_08521,0.00018485399106460068
test_08522,0.0010871281785220129
test_08523,5.076056912506234e-06
test_08524,0.0011361181551475933
test_08525,0.9997006991899223
test_08526,5.134351407691227e-06
test_08527,1.650203491934965e-05
test_08528,1.9729388136780766e-05
test_08529,0.9987867686013409
test_08530,5.744332000207949e-07
test_08531,0.5013300587772501
test_08532,0.9996757239584422
test_08533,0.9966885322449286
test_08534,0.0026841731171859833
test_08535,0.9999244744372013
test_08536,6.287730993469072e-05
test_08537,0.9998588968251909
test_08538,0.9061501862523462
test_08539,0.6208256391342933
test_08540,0.9999260137231168
test_08541,1.026402685167252e-07
test_08542,0.9695917426680926
test_08543,0.001656390197452731
test_08544,0.9997635652573968
test_08545,0.998005535531251
test_08546,0.9237984635288192
test_08547,0.9997057824231017
test_08548,0.05023309299977962
test_08549,0.0020049050352182515
test_08550,0.9931346598404842
test_08551,0.9997904422615433
test_08552,0.5406994554109298
test_08553,0.9962616129675116
test_08554,6.090905128969454e-07
test_08555,0.9999066748798738
test_08556,2.741571698182528e-07
test_08557,0.00616097316667511
test_08558,0.0005244498808226887
test_08559,0.9994288478252712
test_08560,0.035670139086500886
test_08561,0.9986729909552265
test_08562,0.9184071526124112
test_08563,4.519999374544256e-06
test_08564,2.377359218005576e-05
test_08565,0.999999742812395
test_08566,0.9999177416756897
test_08567,0.6721830406746767
test_08568,0.9839516354182195
test_08569,0.028220192698763687
test_08570,0.0016461616614666381
test_08571,0.0011383004971072667
test_08572,0.9709370392407671
test_08573,0.9996264824731607
test_08574,2.7807332155075458e-06
test_08575,0.9972573290544958
test_08576,0.8108809874438682
test_08577,0.9999726043321642
test_08578,1.417770478734362e-06
test_08579,0.9822752608913017
test_08580,0.9987759555179448
test_08581,0.9998599407302037
test_08582,0.3642769687733451
test_08583,0.00025980374843378074
test_08584,0.0023521048352374034
test_08585,0.002507908742411021
test_08586,0.9340627412581302
test_08587,0.003123573442734659
test_08588,0.9820212170318118
test_08589,0.09914904701910082
test_08590,0.9985710406574417
test_08591,9.335693628654493e-07
test_08592,0.9752575184540871
test_08593,0.006263259870238602
test_08594,0.0004222618261824441
test_08595,0.9689964360086791
test_08596,0.936118233834344
test_08597,0.7070110170724185
test_08598,0.991676325805504
test_08599,0.22754249048453612
test_08600,0.9997927595499738
test_08601,0.9999994548274463
test_08602,0.9947213235702392
test_08603,0.9938679920027373
test_08604,0.9999878772527518
test_08605,0.20815997807763673
test_08606,0.9999846029652688
test_08607,0.9999609450229389
test_08608,0.8935988182308351
test_08609,0.010482035163816815
test_08610,0.826852563358298
test_08611,0.00021154732273051736
test_08612,0.9997558504953243
test_08613,0.35124643376565123
test_08614,0.9966986616248438
test_08615,0.13618743189063395
test_08616,0.9999435189910949
test_08617,4.444854055809421e-06
test_08618,1.884645603518251e-06
test_08619,0.9998998263161316
test_08620,0.9999587540376542
test_08621,0.9999252613831682
test_08622,0.9998029342002313
test_08623,9.292270956086417e-06
test_08624,0.9533476818610195
test_08625,0.9971468133426935
test_08626,0.003452390259420432
test_08627,0.0012402311468410851
test_08628,0.9981948112090971
test_08629,0.002893946201753942
test_08630,0.9999180296338248
test_08631,0.1563362449248207
test_08632,1.1006668952702544e-05
test_08633,0.999844752585965
test_08634,0.9998825733325848
test_08635,0.9978203621970416
test_08636,0.0022608706289169674
test_08637,0.9990734281534729
test_08638,0.9999804822861813
test_08639,0.005558987198724357
test_08640,0.004245853959533922
test_08641,0.41797637974079327
test_08642,0.9998788925239104
test_08643,0.0015644255826867768
test_08644,0.9873900532873474
test_08645,9.478727316461895e-07
test_08646,0.0004059392050015976
test_08647,3.6420398815014555e-05
test_08648,1.7970553594355777e-05
test_08649,0.9960368253727431
test_08650,0.997488331627578
test_08651,0.9938683186269479
test_08652,0.9549322017824216
test_08653,0.9721682133704604
test_08654,3.0098548196013834e-05
test_08655,0.9339844345597225
test_08656,0.018195887420049274
test_08657,0.9991714326197838
test_08658,0.9955600246193738
test_08659,0.0011823066854026976
test_08660,0.1740786187079568
test_08661,0.8125545348937923
test_08662,0.00013395802294464138
test_08663,3.445188216409398e-06
test_08664,0.00019849578292972702
test_08665,6.095706467458796e-05
test_08666,0.9999647163189325
test_08667,0.9997379563139052
test_08668,0.9989352747788307
test_08669,0.9999932215127335
test_08670,0.9920973803162313
test_08671,0.8321562589854635
test_08672,0.9999708697454451
test_08673,0.999990424883288
test_08674,0.9999997470856128
test_08675,7.230218489500539e-06
test_08676,0.9955201698540156
test_08677,0.9730433660882568
test_08678,0.9940709308970155
test_08679,0.989808569536223
test_08680,0.9997989299613336
test_08681,0.0008126975185455888
test_08682,0.025869522966351526
test_08683,0.8770985598514046
test_08684,0.016139439688044873
test_08685,0.9418771699864693
test_08686,0.9999398286660827
test_08687,0.0003384823771238639
test_08688,0.999707290840117
test_08689,0.999492235537201
test_08690,0.0018308748122246219
test_08691,0.9998392991859695
test_08692,0.999768268753243
test_08693,0.00010033689521298776
test_08694,0.01150614310950112
test_08695,0.9895772553349448
test_08696,0.0020741704845281457
test_08697,0.00014299371670303213
test_08698,0.7772275198138362
test_08699,0.35486274459382544
test_08700,0.9999626489803836
test_08701,0.9999868055605
test_08702,6.681582001033397e-06
test_08703,0.15620941035285382
test_08704,9.14829213244183e-07
test_08705,0.0026191125118225043
test_08706,0.023281462111333705
test_08707,0.9998325983886783
test_08708,0.9691001288186479
test_08709,0.9974760118804099
test_08710,3.160328396928444e-07
test_08711,0.999767569812712
test_08712,6.0339738632530464e-05
test_08713,0.9997546605843084
test_08714,0.9995473989474444
test_08715,3.83855615898192e-05
test_08716,0.9999997411877352
test_08717,0.5016263596542685
test_08718,0.2745173882312986
test_08719,0.9977996217364811
test_08720,0.9985432264965775
test_08721,0.9767393954560116
test_08722,0.9999821508510167
test_08723,0.9760064178915112
test_08724,3.162441735439087e-05
test_08725,0.9999254964755474
test_08726,0.9999545339503051
test_08727,0.0033602701563204547
test_08728,2.5409958247275204e-06
test_08729,0.940016943145214
test_08730,0.11361071039899093
test_08731,0.9996282597445878
test_08732,0.460420246949349
test_08733,4.8716590867047793e-05
test_08734,0.9992647167749246
test_08735,0.025834747639111984
test_08736,0.9999974383739098
test_08737,4.4473621866447754e-05
test_08738,0.6303604343647687
test_08739,0.00018015427744134135
test_08740,0.013267581651221872
test_08741,0.006260446498953566
test_08742,0.8969131779682041
test_08743,0.00040788037365277897
test_08744,0.6807419358599177
test_08745,0.9765737692931657
test_08746,0.0016590375517646278
test_08747,0.9999890118341209
test_08748,4.724942458123715e-06
test_08749,0.0007829000656869884
test_08750,0.9861443258051271
test_08751,0.0010717143851677162
test_08752,0.0006718066494953477
test_08753,0.9922403987619699
test_08754,0.00018370307508864834
test_08755,0.9976859872596133
test_08756,0.9964587694498772
test_08757,0.9999985589352652
test_08758,0.0005033045707177188
test_08759,5.569495226137178e-06
test_08760,0.00010234397599107205
test_08761,0.42397125891899295
test_08762,0.9822803776994012
test_08763,0.0009366789016415925
test_08764,0.9314082312551616
test_08765,0.0001210866206885523
test_08766,0.9999313832348646
test_08767,0.0007367201936037725
test_08768,0.9999312643881493
test_08769,0.0008945968352610709
test_08770,0.9997182172041148
test_08771,0.548537580824125
test_08772,0.0004794523673683885
test_08773,0.00029817826318663684
test_08774,8.027912554154057e-08
test_08775,0.9029535507370479
test_08776,0.9999208484515337
test_08777,0.0028630902063573843
test_08778,0.989914255145721
test_08779,0.8865627013748747
test_08780,0.15889097387994114
test_08781,0.9938299884883933
test_08782,0.00897242151347966
test_08783,0.9999997125367928
test_08784,0.886659102298553
test_08785,0.12520299325435433
test_08786,0.986213033096307
test_08787,0.06864635663333578
test_08788,0.013209873959108482
test_08789,0.7085070764428761
test_08790,2.1229213130177684e-05
test_08791,0.013515779985899992
test_08792,1.647012483579826e-06
test_08793,0.002407728983984321
test_08794,0.0008735109390240273
test_08795,0.9999746477550794
test_08796,0.9999935075987884
test_08797,0.8697742281521798
test_08798,0.9827755275379431
test_08799,0.9953585079112413
test_08800,0.9993361675981
test_08801,0.9997467170275944
test_08802,0.9921788455324999
test_08803,0.9999583597051455
test_08804,0.03566096525840101
test_08805,0.9999801192988372
test_08806,0.9367899086692144
test_08807,0.008164730873014434
test_08808,0.9999745077800269
test_08809,0.9998852199190248
test_08810,0.0005752958335943115
test_08811,0.9999996707590353
test_08812,0.03800308852620858
test_08813,0.9877498869102749
test_08814,0.00010075516067092362
test_08815,6.131531937148009e-08
test_08816,0.0003376984312234614
test_08817,0.9975752846159859
test_08818,0.013823858123217993
test_08819,0.9999075517926356
test_08820,0.9976185214048209
test_08821,0.004233435194882446
test_08822,0.9964715803010868
test_08823,0.01191680783492263
test_08824,0.006326169846134946
test_08825,0.9987986600653725
test_08826,1.632142824753619e-06
test_08827,0.9999693098600312
test_08828,0.9963532416100483
test_08829,0.08656738995627415
test_08830,0.998528023525442
test_08831,0.6117245397168276
test_08832,9.508888985473381e-05
test_08833,0.9999975248614247
test_08834,0.9856707192685381
test_08835,0.8162067744175748
test_08836,0.45036117841039114
test_08837,0.6040148655909869
test_08838,0.9684177552408646
test_08839,0.9999619383693978
test_08840,0.9365339307292222
test_08841,0.9970218786468692
test_08842,0.002059799052834132
test_08843,0.9560654094873527
test_08844,0.003906916872442224
test_08845,4.469331429213497e-05
test_08846,0.9757448339237182
test_08847,0.9938814605538605
test_08848,0.0001931548757248529
test_08849,0.0002469111079334408
test_08850,0.9996146659878835
test_08851,4.0703748218315044e-05
test_08852,0.008316696224891191
test_08853,0.998905890216284
test_08854,0.9756717424885166
test_08855,0.870951786956353
test_08856,0.9741321417188102
test_08857,0.9993528311402832
test_08858,0.9813416183743807
test_08859,0.0030922085305607337
test_08860,0.9999385424502137
test_08861,0.9994494903121164
test_08862,0.0010852741158600117
test_08863,0.009111235687091523
test_08864,0.02510234534019358
test_08865,0.007760363069812564
test_08866,0.9992877813300248
test_08867,0.9991626603414302
test_08868,1.3775444809872784e-05
test_08869,0.8793510185614716
test_08870,0.9908739802061423
test_08871,0.9992960823968674
test_08872,0.007784094373757167
test_08873,0.9998865875245552
test_08874,1.1966489809315312e-05
test_08875,0.9999821117287254
test_08876,0.9995250731214161
test_08877,0.992260309829133
test_08878,0.9452986859055195
test_08879,0.9867290489423207
test_08880,0.813337559583009
test_08881,0.999138675977242
test_08882,0.03374957731817389
test_08883,3.9557607629911496e-05
test_08884,0.9983693216621244
test_08885,0.0008165353063440248
test_08886,2.9761939558643393e-05
test_08887,0.00020903162683403242
test_08888,0.1508910287251699
test_08889,0.9999709412652563
test_08890,0.08208742546589036
test_08891,0.012817126726317669
test_08892,0.13834438364305604
test_08893,0.0006249645781233939
test_08894,0.9992677935533003
test_08895,0.02312629026420122
test_08896,0.9999996009218756
test_08897,5.671386345706623e-07
test_08898,0.9793770478350801
test_08899,8.260155128464362e-06
test_08900,0.9986899063523063
test_08901,0.9891851111697743
test_08902,0.9059179193393698
test_08903,0.9962692927587891
test_08904,0.999950345728973
test_08905,0.9935474026544113
test_08906,0.9991451725644437
test_08907,0.9983258768362063
test_08908,0.9999912726720673
test_08909,0.0034318179814927323
test_08910,8.696795986420546e-06
test_08911,0.999969901219489
test_08912,0.04985766346294732
test_08913,0.0010306465280205614
test_08914,3.3178903196849424e-05
test_08915,0.39519831191465415
test_08916,0.9977469844150556
test_08917,0.9262804524338247
test_08918,0.9994503825894995
test_08919,0.9414558911576444
test_08920,5.673870340619017e-05
test_08921,0.7176388897677859
test_08922,0.012656782103379026
test_08923,0.9939082205421507
test_08924,0.9999997297118124
test_08925,0.9997888763470878
test_08926,3.696823926429131e-06
test_08927,0.06650593849616086
test_08928,0.000734684855595849
test_08929,0.9997815465172515
test_08930,0.9999998803959281
test_08931,0.015508097157412873
test_08932,0.11488939105904471
test_08933,0.8881148443798594
test_08934,0.49238223712459445
test_08935,0.9999221762152886
test_08936,0.9998616160273316
test_08937,0.9954832842634533
test_08938,0.9998181242414759
test_08939,1.4270958943264842e-06
test_08940,0.01615718410762991
test_08941,0.0020765154289669983
test_08942,0.9910919342979554
test_08943,0.9986621247804115
test_08944,0.9998606190684711
test_08945,0.9999651838580559
test_08946,0.8671025439675755
test_08947,0.9100512406086588
test_08948,0.9992602793722274
test_08949,0.002456715874157887
test_08950,0.00016362799743893896
test_08951,0.9999978158805938
test_08952,0.998773233995499
test_08953,0.9746055817631734
test_08954,0.9873878468647129
test_08955,0.9999772481714213
test_08956,0.9995221328117312
test_08957,0.0006803005803341796
test_08958,0.009881342896163716
test_08959,3.112171378990019e-05
test_08960,0.9419471056660429
test_08961,2.5838736879680032e-05
test_08962,4.0422205863430795e-05
test_08963,4.144628644073601e-05
test_08964,7.166606865061734e-05
test_08965,0.0036713427012825582
test_08966,0.9999616275867746
test_08967,0.0002465828442894768
test_08968,0.9855176992347293
test_08969,0.00021872075055104598
test_08970,0.999998290572593
test_08971,0.00014996656683785958
test_08972,3.370385273587389e-05
test_08973,0.9999307713809867
test_08974,0.009369814423415777
test_08975,0.1382903356998138
test_08976,0.00014378688848775206
test_08977,0.9982409064049133
test_08978,0.33871621177841743
test_08979,0.9912695396293889
test_08980,0.988481980701246
test_08981,0.9999643345407058
test_08982,0.9999385839730061
test_08983,0.8562361547050994
test_08984,0.0068889918117573095
test_08985,0.000225202068368886
test_08986,0.9940322040916135
test_08987,1.2826325811618406e-05
test_08988,2.0730708731686253e-05
test_08989,0.995750975740532
test_08990,3.992629878315727e-05
test_08991,1.0683513591338344e-06
test_08992,0.0011540190816896924
test_08993,0.5970055863201547
test_08994,0.999992054304762
test_08995,2.190769548827382e-07
test_08996,0.9999604908471604
test_08997,0.9983620589124063
test_08998,0.645740891194455
test_08999,0.9927613655240785
test_09000,0.9998406716198354
test_09001,0.9093440644738062
test_09002,0.0012118130176626603
test_09003,0.9989078811748677
test_09004,0.0034470770437180645
test_09005,0.9999684504253306
test_09006,0.9996733649164823
test_09007,0.9808473927927346
test_09008,0.11259035945765407
test_09009,0.3573946789214929
test_09010,0.9977964633634675
test_09011,4.553149590525838e-09
test_09012,0.9993860360176493
test_09013,0.998842269557046
test_09014,0.0007617048907667285
test_09015,0.9672477983051653
test_09016,0.9723672892301651
test_09017,0.9577456277089371
test_09018,0.9999947878903688
test_09019,0.9991821777288202
test_09020,0.0011647488336244038
test_09021,0.20729540788714435
test_09022,0.9999075451632841
test_09023,0.0019947087084050043
test_09024,0.9991294130500735
test_09025,0.9999988246605652
test_09026,0.9999873705770409
test_09027,0.9995606146148744
test_09028,0.18947362642193466
test_09029,0.00015804405575300422
test_09030,0.999791611529995
test_09031,0.004737605894025583
test_09032,0.998684879547192
test_09033,0.7467926868063615
test_09034,2.2894001392354428e-06
test_09035,0.0013738454306217655
test_09036,0.00011967376526870639
test_09037,1.7550413277477195e-05
test_09038,2.817203075560893e-05
test_09039,0.0003172743179886569
test_09040,0.9886214661360744
test_09041,0.14457976189492447
test_09042,0.9997096648643605
test_09043,0.009276055871482444
test_09044,0.9065448069703756
test_09045,0.003619037843219339
test_09046,0.9965392380691435
test_09047,0.1254175456545983
test_09048,0.0056017851777363185
test_09049,0.9999999138545949
test_09050,0.0052635929662341275
test_09051,0.9845580715774676
test_09052,0.9992377090901245
test_09053,0.999899242036718
test_09054,0.9772071894643234
test_09055,0.00044122074522660924
test_09056,0.005393595630835876
test_09057,0.0004978786582433104
test_09058,0.9893668177851089
test_09059,0.03198863255322978
test_09060,0.9999965042426672
test_09061,1.643603985583999e-05
test_09062,0.11866277501429975
test_09063,0.9968900115337247
test_09064,0.003397107816055366
test_09065,0.9989044945979875
test_09066,0.7660581762877956
test_09067,0.9971944664150402
test_09068,4.3157664011152785e-05
test_09069,6.34504684045537e-05
test_09070,0.006048511310567291
test_09071,0.9584924188409653
test_09072,0.9999912058627
test_09073,0.9999978478404588
test_09074,0.9995792203935291
test_09075,0.9376704890981896
test_09076,0.001426796889010146
test_09077,0.999059461199826
test_09078,0.9999997759013703
test_09079,0.9999721001205172
test_09080,0.9998442014312986
test_09081,0.905428344589803
test_09082,1.3511490393391325e-05
test_09083,0.9983929217006116
test_09084,0.00019797379404249964
test_09085,0.9996980764473337
test_09086,0.9999986040851155
test_09087,0.0005043797966058293
test_09088,9.925479709843403e-06
test_09089,0.9929195367520492
test_09090,0.5471145784234772
test_09091,2.2706535381079187e-05
test_09092,1.799095530282415e-06
test_09093,0.010134300910848151
test_09094,0.9996353966044694
test_09095,0.9998297448366812
test_09096,2.723635017825895e-06
test_09097,0.014156281487448694
test_09098,0.9997663485351691
test_09099,0.08757084225323794
test_09100,0.02655708054941752
test_09101,0.020160297895162597
test_09102,0.0001413272929941362
test_09103,0.0007557993525162017
test_09104,0.9989412596920602
test_09105,0.00047774935017003167
test_09106,0.984000326756657
test_09107,1.0969957693017333e-05
test_09108,0.9999557083794767
test_09109,4.2746759963102867e-07
test_09110,0.9969002196587763
test_09111,0.9999803175276115
test_09112,0.9996242771787791
test_09113,0.9926490642188658
test_09114,0.0012400524837835943
test_09115,5.6287403003482695e-05
test_09116,0.9991583844119671
test_09117,0.001297460090592261
test_09118,0.9996960546886517
test_09119,0.0003563099704802366
test_09120,0.9999565119625459
test_09121,0.9511263634222544
test_09122,0.9990294850259185
test_09123,3.087983516927934e-05
test_09124,0.9995329627825729
test_09125,0.9999528768122526
test_09126,0.00016678724883286382
test_09127,0.995280561376593
test_09128,1.3270815330197044e-05
test_09129,0.00035703568492885627
test_09130,3.2858361609345586e-05
test_09131,0.002968189147055579
test_09132,0.0147991565363467
test_09133,0.05768044912747123
test_09134,0.00035622188906016754
test_09135,0.9998315247924399
test_09136,0.999888710714442
test_09137,0.9999847824152371
test_09138,0.9950294695965306
test_09139,0.018303519596771956
test_09140,0.999992629944459
test_09141,0.0023880390777168956
test_09142,1.3959918036143295e-07
test_09143,0.018019357825529825
test_09144,0.9879608169779458
test_09145,0.9995751430105929
test_09146,0.00011889129189299866
test_09147,0.9281363376841878
test_09148,2.2600321389861586e-05
test_09149,0.9516473586471396
test_09150,0.012622631324290225
test_09151,0.00031980135838924703
test_09152,0.0009083575357307715
test_09153,0.3587539816607196
test_09154,0.9996532325026012
test_09155,0.2813879912763324
test_09156,0.1373514980585918
test_09157,6.448322988087801e-08
test_09158,0.990487247554689
test_09159,0.005318972284824578
test_09160,0.9205739342517054
test_09161,0.9999918949562282
test_09162,0.00018205475726028764
test_09163,0.9999915557895543
test_09164,0.03822424529295325
test_09165,7.39374071651903e-05
test_09166,0.9973918080541992
test_09167,0.07428342718608445
test_09168,0.9999369109538114
test_09169,0.9999165308356454
test_09170,0.15622185825688867
test_09171,0.5976428795411636
test_09172,0.9974238200930103
test_09173,0.9999800830440525
test_09174,0.009996313479072955
test_09175,9.594680295771107e-06
test_09176,0.0026138708242833277
test_09177,0.13198393654836948
test_09178,0.9996697687147347
test_09179,0.008592910632181318
test_09180,0.1400302582707054
test_09181,0.012037015953187005
test_09182,0.9999996083520946
test_09183,5.061812517815076e-07
test_09184,9.876916515996934e-07
test_09185,0.07774188054477434
test_09186,0.0012803410687162616
test_09187,0.9986270614114506
test_09188,0.0013469114061871864
test_09189,0.0001783732151197155
test_09190,0.9971913643806998
test_09191,0.977046079351574
test_09192,1.708575584690641e-07
test_09193,0.9999014764551389
test_09194,0.0023856023725518185
test_09195,0.9999875801637922
test_09196,0.9999999830544773
test_09197,0.9685005885098138
test_09198,0.01211580114561062
test_09199,0.9983990523331838
test_09200,1.4144912095170344e-06
test_09201,0.033300768148555496
test_09202,0.002932928886894725
test_09203,0.9999816766280083
test_09204,0.9994586058524063
test_09205,0.8678412019663824
test_09206,0.9123582457849068
test_09207,0.00030351785012372126
test_09208,0.5474214448710539
test_09209,4.0376440862202736e-05
test_09210,0.5939767077395076
test_09211,0.9787107848706199
test_09212,2.3698015334578228e-05
test_09213,0.999795204996754
test_09214,0.9684793351831212
test_09215,0.7216895112234745
test_09216,0.00021221587755167504
test_09217,0.8975485357088379
test_09218,0.9998737134051254
test_09219,0.997753182276018
test_09220,0.9986690199899548
test_09221,0.9949600446278081
test_09222,0.029537567365464066
test_09223,0.9514210184662496
test_09224,0.9977834948998123
test_09225,0.9999308358678436
test_09226,0.9999416426355134
test_09227,2.5632139564919098e-05
test_09228,1.9358456744477228e-05
test_09229,0.0004230738019299819
test_09230,0.9653679081489458
test_09231,0.9992594806379905
test_09232,0.00028743643820200053
test_09233,0.000668491425903317
test_09234,0.9931756944606095
test_09235,0.00040559712349794695
test_09236,4.884499476789975e-05
test_09237,0.9747677910545253
test_09238,0.9999967528234344
test_09239,0.8544138429782595
test_09240,0.01973249964056392
test_09241,0.005450474385544846
test_09242,0.9996493974912057
test_09243,4.0210027456336835e-05
test_09244,0.3869712494287303
test_09245,0.9999871114829291
test_09246,0.997650199324824
test_09247,0.023639320657054718
test_09248,0.6677749876317861
test_09249,0.9994005204941758
test_09250,0.00027672442205939086
test_09251,0.0004411809201365833
test_09252,1.964419597294742e-09
test_09253,0.9999984527754784
test_09254,0.30911173545141
test_09255,0.8599805029876431
test_09256,0.9999377300815723
test_09257,0.020048575629526413
test_09258,0.0012079986577078906
test_09259,0.9995378805126571
test_09260,2.8948858037449727e-05
test_09261,0.07076762830515747
test_09262,0.9712286517553299
test_09263,0.29281806214657624
test_09264,0.3869800687289258
test_09265,0.9837600392740259
test_09266,0.9999373773978689
test_09267,0.9931979486832604
test_09268,0.9993818887207925
test_09269,0.05620234181785671
test_09270,3.51285573280117e-05
test_09271,0.9999162565470432
test_09272,0.9959396844020708
test_09273,0.9999986450069603
test_09274,0.018931642550019154
test_09275,1.807744568445445e-05
test_09276,0.7641696184885242
test_09277,0.9999520141989742
test_09278,0.010078926226774249
test_09279,3.7722307989452343e-06
test_09280,0.00011557506844548649
test_09281,0.3182018208527779
test_09282,0.001933911157997324
test_09283,9.121517554588641e-07
test_09284,0.9995634790706523
test_09285,0.00028278366762066664
test_09286,0.010954885115242834
test_09287,0.9967421253564982
test_09288,0.004478092182147297
test_09289,0.937836340691942
test_09290,1.158835379254363e-06
test_09291,0.9998986177335932
test_09292,0.9992616022698795
test_09293,0.00010786055537331171
test_09294,0.000980296534161503
test_09295,0.0006641692710276198
test_09296,0.004184156189626081
test_09297,0.8686366760913024
test_09298,0.9677540997877555
test_09299,6.919224503797423e-05
test_09300,7.341543888062127e-05
test_09301,0.0005404544438331272
test_09302,0.9769385863147159
test_09303,0.9820904773067844
test_09304,0.056406276722329375
test_09305,0.9913802226340919
test_09306,0.00011694518352534867
test_09307,0.0830422271921226
test_09308,0.000534705298743855
test_09309,0.9994768555162677
test_09310,0.9999294434351037
test_09311,0.016608815042090535
test_09312,0.9997837943632539
test_09313,0.9091567939234658
test_09314,1.5728088943006627e-07
test_09315,0.006782544150684475
test_09316,0.9891474615102248
test_09317,0.9999928151232315
test_09318,0.9304019865384419
test_09319,0.7596576001766465
test_09320,0.9951062004076215
test_09321,0.1843088274306557
test_09322,0.9969993437322748
test_09323,0.9999994659555812
test_09324,0.9097157747373089
test_09325,0.9999970881809902
test_09326,0.7801500980850048
test_09327,0.0005977437228023201
test_09328,0.4130656202402867
test_09329,0.003286141094915056
test_09330,0.0015761395663893428
test_09331,0.9999997193803544
test_09332,0.01822643391169272
test_09333,0.44491472622047723
test_09334,0.999997503058692
test_09335,0.004885151016232364
test_09336,0.023258852877309635
test_09337,0.24292518639912977
test_09338,0.2407041395403996
test_09339,0.006663666852728089
test_09340,0.9418227870766078
test_09341,0.00015410987631282245
test_09342,0.7718902795750534
test_09343,1.4036974664538141e-06
test_09344,0.9987907850841675
test_09345,0.9986051739971415
test_09346,0.8852217783710972
test_09347,4.250155343831947e-05
test_09348,0.13553366822868387
test_09349,0.0015586120375063667
test_09350,0.9995339692462984
test_09351,0.9997543774448886
test_09352,0.004069091975405994
test_09353,3.943259523384209e-05
test_09354,0.9994781423051822
test_09355,0.999989672262216
test_09356,0.9991346254777482
test_09357,0.9997578150355563
test_09358,0.00010158008229318835
test_09359,5.515557834854793e-06
test_09360,0.43867989309890587
test_09361,0.018806295819756895
test_09362,2.3934943647345435e-06
test_09363,0.9963303296679933
test_09364,1.4187137899725935e-06
test_09365,0.00021411787687912844
test_09366,0.9897995815482176
test_09367,0.4711032230920535
test_09368,0.09494291514921199
test_09369,0.013018506326968103
test_09370,0.00041047811352627793
test_09371,0.010287282407539943
test_09372,0.9999995193498118
test_09373,3.0036552672361857e-05
test_09374,0.9999908933521687
test_09375,0.013379373641676191
test_09376,0.00018317322656176107
test_09377,0.8115943514728753
test_09378,0.950519493650271
test_09379,0.9999997890186384
test_09380,0.00032660404688443647
test_09381,0.9999666607152179
test_09382,0.9999704124537379
test_09383,0.999699410991549
test_09384,0.0020867573837434782
test_09385,0.9999996673159702
test_09386,0.9985480487872993
test_09387,0.9997762850965773
test_09388,0.7839381975445722
test_09389,0.9992144326587674
test_09390,0.9886568460355679
test_09391,0.0004376141794360433
test_09392,0.0001510352452637433
test_09393,0.0038231978135094178
test_09394,0.9994747273655269
test_09395,0.4716763262905865
test_09396,0.8166201823017951
test_09397,0.0043510559143387605
test_09398,0.9734883558212313
test_09399,0.00019086387240952065
test_09400,0.7241895260460638
test_09401,0.7819176800533274
test_09402,0.9992801435340822
test_09403,0.0014491860251349235
test_09404,0.9921039185962891
test_09405,0.011319532215666575
test_09406,0.9953695712840861
test_09407,0.9952018107944909
test_09408,0.02959844895134788
test_09409,0.06942688243790265
test_09410,0.9999989252449977
test_09411,0.999998500761921
test_09412,0.9956515561162385
test_09413,0.9994781661643724
test_09414,8.311721265938831e-06
test_09415,0.9993320975649375
test_09416,0.9999992406720194
test_09417,5.617491071956213e-05
test_09418,0.9999988177322492
test_09419,0.06616881137201673
test_09420,0.999990686505128
test_09421,5.461522563468879e-06
test_09422,9.546569978412124e-06
test_09423,0.02556597650784098
test_09424,0.9998445506203121
test_09425,0.003997706104563112
test_09426,0.9255118600209918
test_09427,0.01746454114523836
test_09428,0.004367876322807143
test_09429,0.9985654159335325
test_09430,0.9998303532694643
test_09431,0.9951364029400227
test_09432,7.305106763497625e-05
test_09433,0.92952697231802
test_09434,0.9998433934680546
test_09435,0.9806182373741831
test_09436,0.0012261854154634849
test_09437,0.0003076951695621505
test_09438,0.9807837038945831
test_09439,0.006507766734000456
test_09440,0.9999713187254771
test_09441,0.0012552608917539014
test_09442,0.0004292560776829451
test_09443,0.9996747708574827
test_09444,0.9990099293510022
test_09445,0.5614820028591855
test_09446,0.2262395819974292
test_09447,0.1117156815648498
test_09448,0.9597157691482898
test_09449,0.9978745310669523
test_09450,0.9999767078026529
test_09451,0.000205800905621919
test_09452,0.9999391483465498
test_09453,0.9968007398560618
test_09454,0.19682288502347642
test_09455,0.999999907703326
test_09456,0.9999350254631301
test_09457,1.7376333653554967e-05
test_09458,0.0011831359328531694
test_09459,0.9999918753631836
test_09460,0.9999784043924446
test_09461,0.9999189526734397
test_09462,0.05008654224654271
test_09463,0.007071327798556277
test_09464,0.1455186693984886
test_09465,0.9999406466352578
test_09466,0.00015181270787737372
test_09467,0.9999765762829389
test_09468,0.02791118277233449
test_09469,0.0032858803101147947
test_09470,0.9999988849574225
test_09471,0.21813109951924609
test_09472,0.9999730952092846
test_09473,7.648947290616306e-05
test_09474,0.21860035938972294
test_09475,0.9999521311834102
test_09476,0.9463601972150413
test_09477,0.202930683898759
test_09478,2.557422507000133e-06
test_09479,0.6560076169986664
test_09480,0.00012794826773562725
test_09481,9.935232689460577e-06
test_09482,0.00020306064438271808
test_09483,0.894167103673031
test_09484,0.0014420475535986224
test_09485,0.010387054089319262
test_09486,0.04571371579084294
test_09487,0.9999570943116686
test_09488,7.962611218631998e-06
test_09489,0.9894410150237518
test_09490,0.0009114140302959152
test_09491,0.0503010319752176
test_09492,0.9999951967067495
test_09493,0.007213540860545165
test_09494,0.9431439940544489
test_09495,0.0028435281989117878
test_09496,1.286549574967635e-05
test_09497,1.3139353105281818e-05
test_09498,0.9998828247431351
test_09499,0.9290673887218777
test_09500,0.9999985832420376
test_09501,0.9971163499742202
test_09502,0.004702794843351563
test_09503,0.9955375223834886
test_09504,0.005031754042626014
test_09505,0.9999827543695327
test_09506,0.8498627567732996
test_09507,0.9999974948141556
test_09508,0.9999520455857178
test_09509,0.0026037552317693734
test_09510,0.30222796005783925
test_09511,0.002446436336000961
test_09512,0.00016339886840037563
test_09513,0.7666957029737894
test_09514,0.9999966786839583
test_09515,0.00011386113291809817
test_09516,0.9914736142630706
test_09517,0.9729650309431582
test_09518,7.771542112254969e-06
test_09519,0.9999259928228859
test_09520,0.8539799780351699
test_09521,0.9982224792930637
test_09522,0.00040179525001785005
test_09523,6.126469966615553e-08
test_09524,0.997717157831068
test_09525,0.9998369292209494
test_09526,0.9993906425598108
test_09527,0.027693235974642
test_09528,0.003489561076195122
test_09529,0.9996755137386493
test_09530,0.0004920186013710515
test_09531,0.00027294540973287645
test_09532,0.0003026337937530002
test_09533,0.9930462537365671
test_09534,0.9992308095076409
test_09535,0.02107629595203808
test_09536,3.468373341093507e-08
test_09537,0.9999012805871329
test_09538,0.0004242359331137953
test_09539,0.9986003751702486
test_09540,2.3414859590093224e-06
test_09541,0.0006493273231337574
test_09542,0.00010196852040916683
test_09543,0.9984434547350272
test_09544,0.9996900443669596
test_09545,0.9666695294506791
test_09546,0.0033018338310881407
test_09547,3.3794678300404013e-06
test_09548,3.0170663416006233e-05
test_09549,0.9999117209388586
test_09550,1.9648777521399025e-06
test_09551,0.10493144916264566
test_09552,0.9988474907963415
test_09553,0.0011919636540410317
test_09554,5.502650577762323e-05
test_09555,1.5434880624809451e-06
test_09556,0.19315205121740486
test_09557,0.4955891826635017
test_09558,0.005872444045082819
test_09559,0.9918994833424372
test_09560,0.012285859217078733
test_09561,0.00045375144150755845
test_09562,0.9993411232361256
test_09563,0.00018881804396011175
test_09564,0.9993160416195801
test_09565,0.9998935776653692
test_09566,0.024555489826379444
test_09567,0.9993490528506674
test_09568,0.9999952946669721
test_09569,0.0021232048095423915
test_09570,0.036402574571357045
test_09571,0.001818183439898165
test_09572,0.02006794094300604
test_09573,0.9959100667201587
test_09574,0.9999997568732746
test_09575,0.5646678071024902
test_09576,0.0007704092929840981
test_09577,6.452345614629549e-05
test_09578,0.0002136218436469035
test_09579,0.9995931913160955
test_09580,0.005888492421342264
test_09581,0.9590484967304348
test_09582,0.9133658085196239
test_09583,0.0015036318538872715
test_09584,0.9995598616839885
test_09585,0.7549295848801525
test_09586,0.962670173648359
test_09587,3.271552004107362e-05
test_09588,0.9999996350078098
test_09589,0.9988902058093049
test_09590,0.9996526838758003
test_09591,0.9999608077704203
test_09592,0.9847735268651991
test_09593,0.0002944463793036558
test_09594,0.9999855179706372
test_09595,0.9983082731289453
test_09596,0.999998261183845
test_09597,0.9995709257349467
test_09598,0.9234641460369829
test_09599,5.466419382160935e-05
test_09600,4.9454553563148995e-06
test_09601,0.8468698075726904
test_09602,0.0010624093138714697
test_09603,0.004465712922634115
test_09604,0.0010002957200764982
test_09605,0.9684078566656218
test_09606,0.8958217122368617
test_09607,0.044054957696318786
test_09608,0.0001428583301440993
test_09609,0.9976495577782771
test_09610,0.9994576250959615
test_09611,0.010383264321700447
test_09612,0.9998954473023427
test_09613,0.07311175281204729
test_09614,0.09996758945054124
test_09615,8.065596779403077e-05
test_09616,0.000737373340904967
test_09617,0.999982873181916
test_09618,0.05501910369944723
test_09619,0.0548531766237566
test_09620,0.9999938674572706
test_09621,0.9999995117848633
test_09622,1.671619541419386e-05
test_09623,0.999997066264945
test_09624,0.001270590092717542
test_09625,0.9997222157279636
test_09626,0.9996144152341484
test_09627,0.014011912662288014
test_09628,0.001411509761068654
test_09629,0.9827307939667079
test_09630,0.9999942854829342
test_09631,4.590838923085613e-08
test_09632,0.000283274809838716
test_09633,0.9867209606188987
test_09634,0.025690601005295858
test_09635,0.8418157395119126
test_09636,0.0007141284015320104
test_09637,0.19759823144749492
test_09638,0.03226635814470615
test_09639,0.9957748308655856
test_09640,0.00014311097851935146
test_09641,1.78583767846108e-06
test_09642,0.07929939918092867
test_09643,0.9805503999361544
test_09644,0.00024284068904690905
test_09645,0.8161264485881938
test_09646,1.23612546584266e-05
test_09647,0.0006031301715785555
test_09648,0.9852688957885616
test_09649,6.817882507787807e-06
test_09650,0.0014614620264673554
test_09651,0.006291599037041468
test_09652,0.702086544785599
test_09653,0.9964019410686397
test_09654,3.8009861901029287e-07
test_09655,0.8723796761045771
test_09656,0.999999507618357
test_09657,5.9910566013893836e-05
test_09658,2.9025297873813195e-05
test_09659,0.9729110459543073
test_09660,0.9936794296821398
test_09661,0.9999997246291977
test_09662,0.0008846671041374469
test_09663,0.9999674574097583
test_09664,0.6839124033852176
test_09665,0.01679489398566043
test_09666,0.8775393461755631
test_09667,0.01758781560797746
test_09668,1.47861271759996e-07
test_09669,0.9994053470899621
test_09670,0.00022191645712258426
test_09671,0.00013738650872961809
test_09672,0.9992498622760393
test_09673,0.00761257118331754
test_09674,0.0018631744208527908
test_09675,0.0002800642986962903
test_09676,0.9997507123536965
test_09677,0.025931587136385967
test_09678,0.9962680026876528
test_09679,0.08198004264968434
test_09680,0.9998334057319123
test_09681,0.7393057365570782
test_09682,5.136976662895824e-05
test_09683,0.0007036118802124096
test_09684,0.9776916003226062
test_09685,0.0734098362047213
test_09686,0.07744572315526731
test_09687,0.00016509115141493693
test_09688,0.9343983310912598
test_09689,3.8707470350819864e-05
test_09690,0.9875052675202611
test_09691,0.9999277516042311
test_09692,0.6992866169398181
test_09693,0.061438709873003115
test_09694,0.9999797684146196
test_09695,0.0008569154656929531
test_09696,0.0026688883949861006
test_09697,0.9999419799259616
test_09698,0.9999902445989313
test_09699,0.012272849374793834
test_09700,0.9543499318043935
test_09701,0.0627922590019405
test_09702,0.9998618548347896
test_09703,0.9286863990487468
test_09704,0.992257843008737
test_09705,0.9998820077559853
test_09706,0.188904966238021
test_09707,0.999985222684468
test_09708,0.9713391446681292
test_09709,0.033959863579519314
test_09710,0.02538491147053857
test_09711,2.4597742715126886e-05
test_09712,0.00015074364222166347
test_09713,0.7801016885042947
test_09714,0.6290752870158709
test_09715,0.001445841479716483
test_09716,0.004845508251691244
test_09717,0.9995360738017309
test_09718,0.9855768839936416
test_09719,0.016514542905346735
test_09720,0.9580984442278252
test_09721,0.004425491366820007
test_09722,0.000673405836064895
test_09723,0.9886967320332751
test_09724,0.11796966098071086
test_09725,0.9994476044707434
test_09726,0.004121792235764688
test_09727,0.9999115507980817
test_09728,5.778400033077733e-05
test_09729,0.00020395173897964924
test_09730,0.9999973337811552
test_09731,0.007189205160800201
test_09732,0.022780188360323233
test_09733,0.9326802613044892
test_09734,0.00038391138807111736
test_09735,8.75768922724145e-05
test_09736,4.470001637568117e-06
test_09737,0.9997254721651374
test_09738,6.096722974652783e-07
test_09739,0.0010940372968117314
test_09740,0.0002623038384820227
test_09741,0.00022158807999632694
test_09742,1.1802344473404999e-05
test_09743,0.9991139058411572
test_09744,0.9999515474930957
test_09745,0.9976134380439251
test_09746,0.9999519890408138
test_09747,0.9999124697630142
test_09748,0.3818864209759091
test_09749,0.9999980747217895
test_09750,0.9994647118509555
test_09751,0.9765522530961184
test_09752,0.9618969216146113
test_09753,0.9999837756707047
test_09754,4.5759629013724936e-05
test_09755,0.7658947319539616
test_09756,0.8693507371622433
test_09757,0.9991114591938258
test_09758,0.9864532750375141
test_09759,0.999981929297228
test_09760,0.0006106765764662231
test_09761,0.0014299376536669771
test_09762,3.4072141219329446e-06
test_09763,0.9992940384704156
test_09764,3.225530938883847e-05
test_09765,8.240131321947615e-05
test_09766,0.00016531901876582858
test_09767,9.121196325698786e-07
test_09768,0.998260894341173
test_09769,2.5783148132320968e-05
test_09770,0.004674709675045622
test_09771,0.4954651745896105
test_09772,0.9981130371302707
test_09773,0.9957313236659351
test_09774,5.866339128264165e-05
test_09775,0.0008042017846970855
test_09776,0.985881890663424
test_09777,0.9818089836429185
test_09778,3.4496379838199905e-05
test_09779,0.9995903364578537
test_09780,0.00022075494999258818
test_09781,0.0008621167640743289
test_09782,0.9999850711154222
test_09783,0.999956261728932
test_09784,0.00011714107797339168
test_09785,0.9993306577808418
test_09786,5.487335683546657e-06
test_09787,0.9060828636906919
test_09788,0.9732400716087514
test_09789,0.8265794904341869
test_09790,0.0036002016693695857
test_09791,0.9715730547529233
test_09792,0.21180577950565668
test_09793,0.9849731864421591
test_09794,0.0037294473933234124
test_09795,0.22620718536635193
test_09796,0.0004684142177647651
test_09797,0.02601431980391216
test_09798,0.9999970147566731
test_09799,0.9998200806133432
test_09800,0.8877738860498097
test_09801,0.002132308788961649
test_09802,0.9998120505917353
test_09803,0.9969009667259264
test_09804,0.9993318853992994
test_09805,0.8931151244215682
test_09806,0.99829047032932
test_09807,0.9999729506616619
test_09808,0.9999742944210218
test_09809,0.0010066754019185005
test_09810,0.9999994071706535
test_09811,0.0006794627592478877
test_09812,0.014591004800016433
test_09813,2.500918894612243e-06
test_09814,0.998192757495257
test_09815,0.145867584076517
test_09816,0.006982795903953442
test_09817,0.00567740474965806
test_09818,0.9998811022345502
test_09819,0.9861151263200987
test_09820,0.999405652454251
test_09821,8.64935963980034e-06
test_09822,0.9999991835459554
test_09823,0.9999975907616945
test_09824,0.9998772130739972
test_09825,0.9996708205543438
test_09826,0.9999766601353193
test_09827,0.96499867116921
test_09828,0.9994072596803144
test_09829,0.7725037385662641
test_09830,0.9999992477509246
test_09831,0.9999752374069378
test_09832,0.9999823480334762
test_09833,0.9998592238330757
test_09834,0.999946787665683
test_09835,2.8508485957868794e-07
test_09836,0.9999989257693971
test_09837,0.9999939584508757
test_09838,0.9999843156239826
test_09839,0.999772671649397
test_09840,0.13530573793141076
test_09841,0.9999771330152459
test_09842,0.0026814195179872564
test_09843,1.1454815457982446e-05
test_09844,0.002794614674630474
test_09845,0.829830161341044
test_09846,0.9997629659115537
test_09847,0.0034473118722264736
test_09848,0.10350961366901758
test_09849,0.9999814720307459
test_09850,0.9999750777459386
test_09851,0.9859851389373635
test_09852,0.9957448261545492
test_09853,0.9999983375333623
test_09854,0.9303943258800054
test_09855,7.892947737069592e-06
test_09856,0.00015423499413272834
test_09857,0.9984586242426868
test_09858,0.8673687571698317
test_09859,0.18433010521540172
test_09860,0.01231588109170853
test_09861,0.9997539307976786
test_09862,0.11275462454188923
test_09863,0.9976367385325313
test_09864,0.9990462521017611
test_09865,0.04523579941075092
test_09866,0.02061968859986819
test_09867,1.101799224556856e-05
test_09868,0.9995538171316178
test_09869,0.9999753129728147
test_09870,0.020064647856547824
test_09871,0.0003257512107987798
test_09872,0.023213656066346816
test_09873,0.9971945197996562
test_09874,0.007976906528422938
test_09875,0.9999866332197164
test_09876,0.9999844301655924
test_09877,0.5235189507626534
test_09878,3.517347865095232e-06
test_09879,0.0028567258888608908
test_09880,4.4442436923159435e-05
test_09881,0.9999418090758878
test_09882,0.005143746844663928
test_09883,0.004383767716182428
test_09884,0.999760719697594
test_09885,0.9999307554517013
test_09886,0.986726097755102
test_09887,0.07111976182072959
test_09888,8.355515805267444e-06
test_09889,0.9998690085309486
test_09890,0.0003125662470902212
test_09891,0.007459828822746596
test_09892,0.9988008678438653
test_09893,4.479924450401101e-05
test_09894,0.9945968112356923
test_09895,0.00026776632786320236
test_09896,0.0027616865760266055
test_09897,0.995448109020876
test_09898,0.989506894160192
test_09899,0.9966790325761291
test_09900,5.890091407774782e-07
test_09901,0.00017285650929666608
test_09902,0.9988945456689019
test_09903,0.002766856567007079
test_09904,1.9969650288345255e-05
test_09905,0.9999619965711156
test_09906,0.11459098289271659
test_09907,0.9981095667304771
test_09908,0.00012220770604674631
test_09909,0.005040896764282807
test_09910,2.294941633430714e-05
test_09911,0.9951255584487029
test_09912,0.038559813215259746
test_09913,0.30885666041527965
test_09914,0.031200468605812347
test_09915,0.0006272843969416781
test_09916,0.9999915273498008
test_09917,0.004358989931303544
test_09918,0.6420976210655241
test_09919,0.0075331233250419865
test_09920,0.0060932307771855865
test_09921,0.9990734321330883
test_09922,0.0011393132654268015
test_09923,0.4615242852246653
test_09924,0.9993860762835911
test_09925,0.9999994090292159
test_09926,0.9999988274283587
test_09927,7.179571596648491e-05
test_09928,0.003584297594775912
test_09929,0.9979619417624398
test_09930,0.999999803495788
test_09931,0.9794956135685812
test_09932,0.9999901440994504
test_09933,0.0007434291655919757
test_09934,0.0006846809327750441
test_09935,0.03446518931716382
test_09936,0.9998241325445665
test_09937,0.9980170032835312
test_09938,0.9999266284036382
test_09939,0.0010537330958917555
test_09940,0.7418131618126766
test_09941,0.9999838562632595
test_09942,0.30275037001544197
test_09943,0.9999991680209258
test_09944,0.9998390454741927
test_09945,0.9999629403851304
test_09946,7.960909139292058e-05
test_09947,0.9999681606942826
test_09948,0.9296550537700254
test_09949,0.015928493231006882
test_09950,0.0001486724004756717
test_09951,0.9999846436266244
test_09952,0.0013656591483393705
test_09953,0.00230172937534617
test_09954,0.0017891187312754112
test_09955,0.00020208334444473487
test_09956,0.9994925034141794
test_09957,0.0002883693076811783
test_09958,0.9094755127293045
test_09959,0.9488604077436598
test_09960,0.9999939549857292
test_09961,0.0018068380195800397
test_09962,0.9980061780575097
test_09963,0.9947434178637737
test_09964,0.0008721547183169236
test_09965,4.913099204391773e-05
test_09966,0.9999888429297136
test_09967,0.00010320376627245777
test_09968,0.00016760207886866853
test_09969,0.9147862319495246
test_09970,0.0002553090089052269
test_09971,0.0002444833890292362
test_09972,0.996853188467425
test_09973,0.2570043584893135
test_09974,0.9999953383039932
test_09975,0.00010433020629836915
test_09976,0.9984362157927251
test_09977,4.445677674173162e-08
test_09978,0.5183730658503878
test_09979,0.9871996495260834
test_09980,0.004293405140218246
test_09981,0.9929783613918192
test_09982,0.9999893659754177
test_09983,0.9987810498770092
test_09984,6.612232716577674e-07
test_09985,0.00016121959668399688
test_09986,0.9898075133392715
test_09987,0.00517402633364672
test_09988,0.9997684114302207
test_09989,0.9920280119923743
test_09990,0.004908731370885716
test_09991,0.9996403915667899
test_09992,0.005030902317428318
test_09993,5.96858258713748e-06
test_09994,0.9999999447895837
test_09995,0.9999991064773465
test_09996,0.9998696653301987
test_09997,0.9895665194498464
test_09998,0.007745173922572141
test_09999,0.9999926001327288
test_10000,0.9315106862771425
test_10001,0.9995487682112617
test_10002,0.9999952621634416
test_10003,0.9998049803695555
test_10004,0.9999687155408887
test_10005,4.3421319799001483e-07
test_10006,0.9974701248944592
test_10007,0.9868277797410914
test_10008,0.9842656878971865
test_10009,5.74539186948474e-06
test_10010,0.999984427533637
test_10011,0.9449387176405287
test_10012,0.00021838228781939856
test_10013,0.0017622171049648096
test_10014,3.360895676492466e-06
test_10015,0.0005192823955255948
test_10016,0.23016577514329836
test_10017,0.7107567402435366
test_10018,0.9960309798147058
test_10019,0.004512524366408994
test_10020,7.959626794366953e-05
test_10021,0.013072327691351554
test_10022,0.00011155617847039681
test_10023,2.1368953361118124e-05
test_10024,0.9998567131121463
test_10025,9.972573191922929e-06
test_10026,0.9764470183325213
test_10027,0.000832323495454019
test_10028,0.00034702340309792414
test_10029,0.9978913005795912
test_10030,0.9895351430916903
test_10031,0.08990181127263214
test_10032,0.0007424215554390795
test_10033,0.004392225379019896
test_10034,0.0010081923763926774
test_10035,0.8588795773808306
test_10036,0.5522321383641795
test_10037,0.999999855151252
test_10038,0.9991564009112756
test_10039,0.06300063309117296
test_10040,0.5575072075033
test_10041,0.8283949958036086
test_10042,0.015274201422478952
test_10043,0.9500711314162554
test_10044,0.9993675365298053
test_10045,0.2792016289656211
test_10046,0.9999960411499438
test_10047,0.6624970137853288
test_10048,0.05888447334603062
test_10049,0.9998347290068794
test_10050,0.9979438987793045
test_10051,0.9957733985771897
test_10052,0.9742610360229553
test_10053,0.0010791134170203855
test_10054,0.9985762706763319
test_10055,0.0031426997130352234
test_10056,0.9323527913441267
test_10057,0.9999938633977814
test_10058,0.5513958972639471
test_10059,0.9969631019065388
test_10060,0.8549433675859104
test_10061,0.0002154636647314606
test_10062,3.370212685070484e-05
test_10063,0.999994244019335
test_10064,1.6654696290187698e-05
test_10065,7.923513296869535e-05
test_10066,0.9999839641996946
test_10067,0.9921914501966288
test_10068,0.996097518739187
test_10069,9.856647722882085e-05
test_10070,0.13721902008965228
test_10071,0.9996297910535814
test_10072,0.003825338796644129
test_10073,0.09930770796067
test_10074,6.188706428109615e-06
test_10075,0.999427983437167
test_10076,0.00013631031934277586
test_10077,0.9064319450674702
test_10078,3.210240835975322e-05
test_10079,0.9966812211713673
test_10080,5.496351661177088e-06
test_10081,0.0003685556345173373
test_10082,0.999987702626913
test_10083,0.9998514876125209
test_10084,0.9996730576093388
test_10085,0.35308399524662076
test_10086,0.9907396576482572
test_10087,0.9937604089417167
test_10088,0.2119950420808582
test_10089,0.0037111443603745895
test_10090,0.9988355464379163
test_10091,0.9999929262394105
test_10092,0.9984419980632198
test_10093,0.9779471649769818
test_10094,0.00030855335129484894
test_10095,0.9977324691563016
test_10096,1.265680858698931e-05
test_10097,0.9999716086891073
test_10098,0.0013856294847519163
test_10099,3.59512263374245e-05
test_10100,0.9999990001230415
test_10101,0.9990154775255388
test_10102,1.496510429370115e-05
test_10103,0.0010209406898005879
test_10104,0.9999565894582414
test_10105,0.9999992880487731
test_10106,4.121632908195612e-05
test_10107,0.0003555789080422197
test_10108,0.9967969511009638
test_10109,0.0003343105467158419
test_10110,0.00016874817249067043
test_10111,0.04664507396932559
test_10112,0.00038898911611722685
test_10113,0.9886920428398713
test_10114,0.9717521108066066
test_10115,4.6669786641465387e-07
test_10116,1.4290031968581265e-06
test_10117,0.0012381307899091514
test_10118,0.9975566558041548
test_10119,0.9999964084585642
test_10120,0.00425694915693501
test_10121,0.9998709839180923
test_10122,0.0008436303730899664
test_10123,0.023426401891354722
test_10124,0.9650929363513716
test_10125,0.0001593714373202997
test_10126,0.08681147895767907
test_10127,8.615496436555879e-05
test_10128,0.032438917476552184
test_10129,0.9994456386908361
test_10130,0.19226078284768636
test_10131,0.00018612445348321544
test_10132,0.0009009512852911479
test_10133,2.296057054778689e-06
test_10134,0.006842012689485107
test_10135,7.242152626159349e-06
test_10136,0.004790386840992772
test_10137,0.00038321183722335407
test_10138,0.9997699831824666
test_10139,0.03716043182547196
test_10140,2.5514309388321023e-05
test_10141,0.0069407323194016065
test_10142,0.0006843398272926526
test_10143,0.0024347788880968537
test_10144,0.7815982438303183
test_10145,0.00023954036836251608
test_10146,0.00026559963686009574
test_10147,0.9999903365961486
test_10148,0.9953924938105132
test_10149,0.027291655053576662
test_10150,0.9733303374930439
test_10151,4.346315831478547e-05
test_10152,0.0010527100336029877
test_10153,0.9999934212439716
test_10154,0.9999821823582609
test_10155,0.011511805042163707
test_10156,0.9998627095652898
test_10157,0.6529182345162013
test_10158,5.171125780792257e-05
test_10159,0.018396691907762427
test_10160,0.18303437794608748
test_10161,0.3953425167817877
test_10162,0.9999890605862707
test_10163,0.9987716197414063
test_10164,0.0013599257972252395
test_10165,5.321303016485501e-05
test_10166,0.9999965133531459
test_10167,0.9999822059639842
test_10168,0.9718211723617087
test_10169,0.9999836745397606
test_10170,1.9638979593132465e-05
test_10171,0.0009392122927874202
test_10172,5.539515998181172e-06
test_10173,0.9999811007971823
test_10174,0.9997018865703762
test_10175,0.42644875673212396
test_10176,8.481809425306204e-06
test_10177,1.1234316663410887e-05
test_10178,0.20666837117580758
test_10179,1.235869354810931e-05
test_10180,0.9591608010694823
test_10181,0.00031455311641771154
test_10182,0.9996444757105759
test_10183,1.229799325157416e-06
test_10184,3.3220983856755875e-05
test_10185,0.9307299215660753
test_10186,0.0014263655484031263
test_10187,0.9946736304164308
test_10188,0.9999966827114207
test_10189,0.9879323848336343
test_10190,0.9905585482153979
test_10191,0.019946410065349345
test_10192,7.94797307580805e-05
test_10193,0.8679727756746676
test_10194,0.2416721231053518
test_10195,0.9899198564706266
test_10196,5.404428285599233e-08
test_10197,0.9985310556403216
test_10198,0.00029997620147776663
test_10199,8.305739559636722e-06
test_10200,0.035079013457674925
test_10201,9.522646228120477e-06
test_10202,0.9888362111957321
test_10203,0.7453710843687714
test_10204,0.0034246403282832123
test_10205,0.4143645052684379
test_10206,0.009846073821637694
test_10207,0.0005446216076462515
test_10208,0.9944589832615096
test_10209,0.9999999412118853
test_10210,0.9981520208972503
test_10211,0.022926746796765724
test_10212,0.9999998630620587
test_10213,0.0030645004526600214
test_10214,0.9947823171348366
test_10215,0.001570175402794699
test_10216,0.9995784294669642
test_10217,0.9994990889273976
test_10218,0.9872128607089928
test_10219,0.9977313657119212
test_10220,0.9894795109531772
test_10221,0.027478521136863016
test_10222,0.9999979769370705
test_10223,0.9748479054963515
test_10224,0.42663640907735784
test_10225,0.000987476612231718
test_10226,1.5499698345287658e-07
test_10227,0.07568345227505628
test_10228,0.027361647646507666
test_10229,0.013152939486366486
test_10230,2.3880934487807667e-05
test_10231,0.9986486951702257
test_10232,0.9997457997308759
test_10233,0.9994517928825148
test_10234,3.8964971567799345e-06
test_10235,0.29742334637725587
test_10236,0.6283491465520401
test_10237,0.9396771251392538
test_10238,0.00021894048598317397
test_10239,0.7526378715566239
test_10240,0.9999752173467646
test_10241,0.004338425208645666
test_10242,0.99906438714985
test_10243,0.9789030036580361
test_10244,0.0156333690894287
test_10245,0.5995490856940017
test_10246,0.9898311286417464
test_10247,0.5606578419627719
test_10248,0.985735827236508
test_10249,0.0002196779491019785
test_10250,0.2634591905740498
test_10251,0.9999994324804186
test_10252,0.010749226866881558
test_10253,0.9973777721694491
test_10254,0.001326727569866853
test_10255,0.00011297138721959004
test_10256,0.6466659513516497
test_10257,0.0002242252063892953
test_10258,0.002512375283383561
test_10259,0.009738896983307434
test_10260,0.9980967510480938
test_10261,0.9999565502896033
test_10262,0.9812577461954083
test_10263,0.9998563907063341
test_10264,0.9542898885339121
test_10265,0.00018486686546531072
test_10266,0.005266062281476517
test_10267,0.9805840121008002
test_10268,0.9995519691380788
test_10269,0.0036053287308510174
test_10270,0.00013158822846217613
test_10271,0.0005376655605126574
test_10272,0.017009500070826446
test_10273,0.9822781995810574
test_10274,0.9880060854975486
test_10275,0.999985045715087
test_10276,0.9999982640195966
test_10277,0.9986102387053631
test_10278,0.9969665594769164
test_10279,0.6597596079850278
test_10280,0.9255594582307223
test_10281,1.3631454449194351e-05
test_10282,0.00018245684721908108
test_10283,7.693659198016776e-06
test_10284,0.9940152920421533
test_10285,0.99627774637554
test_10286,0.00327134366048224
test_10287,0.029268905240648006
test_10288,0.9999980210210405
test_10289,0.8397181853463105
test_10290,0.999414354902511
test_10291,0.9194922321757191
test_10292,0.028109043386893507
test_10293,0.9999973294378753
test_10294,0.6091328408016969
test_10295,0.9274187672474489
test_10296,0.999740757322067
test_10297,0.006036144271510236
test_10298,0.0003392981788898659
test_10299,0.001297166718990514
test_10300,0.03818687781029024
test_10301,0.00013658766723708053
test_10302,0.999999455386644
test_10303,0.9999997936125402
test_10304,0.983747782877291
test_10305,0.5533423805514914
test_10306,5.612327688934104e-06
test_10307,0.00015577126253393716
test_10308,6.062810352028848e-05
test_10309,0.9966546757163195
test_10310,0.03086940444329408
test_10311,0.17668066752827385
test_10312,0.0002656282966660828
test_10313,0.003953236909139324
test_10314,0.9998399643140203
test_10315,0.0019429651523759904
test_10316,0.9998281743632994
test_10317,0.028614051264581997
test_10318,0.9969243286522466
test_10319,0.9085899392516956
test_10320,0.9996614683393134
test_10321,0.999905484331305
test_10322,0.005419527932667584
test_10323,0.00013914686322661973
test_10324,4.385986843139961e-05
test_10325,0.999683591007666
test_10326,0.9999988861958844
test_10327,0.9998588953605764
test_10328,1.8348304616013818e-05
test_10329,0.9999606805697301
test_10330,0.00015801581583885888
test_10331,0.9773037287962855
test_10332,0.9999762816971457
test_10333,0.9999948057871983
test_10334,0.05514370350681853
test_10335,2.054310582079037e-05
test_10336,0.9871233887014402
test_10337,0.0006125504623609698
test_10338,0.9960858452032052
test_10339,0.9999906292944137
test_10340,0.9999935949942714
test_10341,0.0001194088795251165
test_10342,0.9991124376527012
test_10343,0.951093031859285
test_10344,0.9687571822522963
test_10345,0.00042664859170797874
test_10346,0.9995475312058688
test_10347,0.989422913540558
test_10348,0.9993837537923068
test_10349,0.0017883581545624428
test_10350,0.6900763433485027
test_10351,1.6970909014080562e-06
test_10352,0.00017250213591995899
test_10353,0.0019350997839398863
test_10354,0.9999942405080589
test_10355,0.500105669133759
test_10356,1.5341741049431025e-06
test_10357,1.621283619863623e-05
test_10358,0.9999928395116613
test_10359,0.0026933104345777236
test_10360,1.4774353711359828e-05
test_10361,0.9999980008061569
test_10362,0.9778089909964703
test_10363,0.9706222389321459
test_10364,0.6055864421913788
test_10365,0.00038426938670505726
test_10366,0.003123066128832303
test_10367,0.12434361332841727
test_10368,0.0005935393962118865
test_10369,0.8104148105959874
test_10370,0.835553171333855
test_10371,0.9996868639343635
test_10372,0.0001028199225768903
test_10373,0.9981075042199355
test_10374,6.2144138206184085e-06
test_10375,0.5577346951504775
test_10376,0.999171097177608
test_10377,5.1314587475991455e-05
test_10378,0.0013944571319453503
test_10379,0.004270970955987092
test_10380,0.9998539172424424
test_10381,0.9356604948370292
test_10382,0.9999799923344785
test_10383,0.7628606661463544
test_10384,2.078427968790501e-05
test_10385,0.006243306962054546
test_10386,0.9904872610619307
test_10387,0.9999904490409184
test_10388,7.652261794094558e-05
test_10389,1.285828664414652e-05
test_10390,9.221239057272459e-06
test_10391,0.04525601551991265
test_10392,0.0016767079959043648
test_10393,5.096674287893234e-07
test_10394,0.14014782658086378
test_10395,0.9998801994701985
test_10396,0.00025404802332785586
test_10397,2.2626007173424774e-05
test_10398,0.9273371921316412
test_10399,1.0870677253619943e-05
test_10400,0.9999969250431143
test_10401,0.0012386118820567598
test_10402,6.06306632712755e-05
test_10403,0.003314558005751926
test_10404,0.0006793590551865478
test_10405,0.912382413258583
test_10406,0.9999987488845176
test_10407,0.9999425197155399
test_10408,0.9995210953856949
test_10409,4.595726234991718e-05
test_10410,0.0002331900656031692
test_10411,0.993480683635799
test_10412,0.0008103666602151698
test_10413,0.005391797990825587
test_10414,0.0003375239109206623
test_10415,0.9953987710024894
test_10416,0.0039443842058249036
test_10417,0.9916963088959988
test_10418,0.6028392335899528
test_10419,0.9999826655797829
test_10420,0.624837691685771
test_10421,0.9720153797334268
test_10422,0.007723756901099498
test_10423,0.9999976551843662
test_10424,0.999999825259097
test_10425,0.012789341829366233
test_10426,0.9978103118308473
test_10427,0.9999989962305639
test_10428,0.3917153941311718
test_10429,0.07825408091846182
test_10430,0.00060431353211434
test_10431,0.012298895754593744
test_10432,0.0003229788379849283
test_10433,0.9999941943873311
test_10434,0.999956677147906
test_10435,0.0017969280401550062
test_10436,0.7474163107259337
test_10437,0.0007271980258522259
test_10438,0.9999688600249275
test_10439,0.05122036650959156
test_10440,3.140616552125788e-05
test_10441,0.26374161687756953
test_10442,0.7917313973310331
test_10443,0.9999969546220213
test_10444,0.9486013243412544
test_10445,0.08306807812825102
test_10446,0.9998675413474856
test_10447,0.999999478768634
test_10448,8.111863036015956e-05
test_10449,0.9929692652970948
test_10450,0.9982902648154364
test_10451,0.999997379321046
test_10452,0.9637164632414202
test_10453,0.9851183610045763
test_10454,0.00012789026437432267
test_10455,0.000742045778731275
test_10456,0.0005472377645518048
test_10457,0.9999366861086921
test_10458,0.03416145236612595
test_10459,0.027553794252559844
test_10460,0.8460269136525761
test_10461,0.9779121870749331
test_10462,0.03053224377356667
test_10463,0.0034087079165708964
test_10464,0.7261791302749888
test_10465,0.019415271738817352
test_10466,0.9999758044147372
test_10467,0.9989451145460335
test_10468,0.9987053130931054
test_10469,0.35712659052510487
test_10470,0.9999743427399899
test_10471,0.3958489896602455
test_10472,0.9999434942887453
test_10473,0.9999889941770742
test_10474,0.9999987941652929
test_10475,0.9668604798086731
test_10476,2.998995679034465e-08
test_10477,0.8797981655034612
test_10478,9.29615825547498e-05
test_10479,0.9998535908881753
test_10480,0.9993674237528242
test_10481,0.005783852514878702
test_10482,0.0009063638130937809
test_10483,0.8583617017945352
test_10484,0.8788580751898954
test_10485,5.6303465367653395e-05
test_10486,0.0001721171652912096
test_10487,0.9999675469012491
test_10488,1.5284433822222504e-05
test_10489,0.18383715621825397
test_10490,0.99997215713963
test_10491,0.0039564404237417495
test_10492,0.005013154782950676
test_10493,0.9999839840938135
test_10494,0.08168847551704528
test_10495,0.9999988609854953
test_10496,0.30391742126714383
test_10497,1.7478730067616392e-07
test_10498,4.599081403679774e-07
test_10499,0.990707463742165
test_10500,0.9999999753812264
test_10501,0.40011694411664117
test_10502,0.009769844334386832
test_10503,0.8578492381393619
test_10504,0.0015998101867745038
test_10505,0.968786514888297
test_10506,0.9992789026845071
test_10507,0.0007571904053028352
test_10508,0.3846089323697699
test_10509,0.9993221205983588
test_10510,0.9527578686485301
test_10511,3.43323485121082e-05
test_10512,1.4464784247574483e-06
test_10513,0.9999982247215143
test_10514,0.9998966317745566
test_10515,0.001110358521284133
test_10516,0.9961626514369828
test_10517,0.9957600298504669
test_10518,0.0612892810306769
test_10519,3.1604280103671016e-05
test_10520,0.9999855927161216
test_10521,0.999996921862314
test_10522,0.8893741307355162
test_10523,0.999999872112001
test_10524,0.9997696429432219
test_10525,0.9968957085984232
test_10526,0.9999985093803385
test_10527,0.9994611113719951
test_10528,0.9976524091841815
test_10529,0.999991774253282
test_10530,0.008139326564343368
test_10531,0.9996411407045603
test_10532,0.00013970705505155187
test_10533,0.9976210805265009
test_10534,0.0025903320244929843
test_10535,0.005697126596582733
test_10536,0.9826013183212015
test_10537,0.9897602820992039
test_10538,9.647630547715346e-05
test_10539,0.999504444757016
test_10540,0.008259670882614525
test_10541,0.003896223681552215
test_10542,0.9999266937400326
test_10543,0.9993717380203866
test_10544,5.961804419954891e-05
test_10545,0.08270839057964247
test_10546,0.9444162733528587
test_10547,0.9999081105606024
test_10548,4.8151442405606226e-06
test_10549,0.001955938693325328
test_10550,0.9982647859726695
test_10551,4.4956004504094324e-05
test_10552,0.9995536520998117
test_10553,0.0026312446715143463
test_10554,0.9999959250424799
test_10555,0.9999797235126584
test_10556,0.0012247866744635224
test_10557,0.779759026773136
test_10558,0.0005159783653586817
test_10559,0.9991582178415135
test_10560,0.9999695980084865
test_10561,0.8943098740546067
test_10562,0.9946517871975711
test_10563,0.9998886580716316
test_10564,0.9999887962596764
test_10565,0.7388350058104999
test_10566,0.9998804020968113
test_10567,0.0019188256516209695
test_10568,0.999986129539647
test_10569,0.006342926312648116
test_10570,0.15339424218723327
test_10571,0.9999081790126133
test_10572,0.9999992474704952
test_10573,0.9999865302477766
test_10574,0.8703866441438541
test_10575,0.9999952496695603
test_10576,0.9534230126239696
test_10577,0.9306758531345377
test_10578,0.00037846427769789074
test_10579,0.059713314499423166
test_10580,0.03022679542679736
test_10581,0.0020784740535878424
test_10582,0.9992177953864139
test_10583,0.0007797639382748542
test_10584,0.998214091390097
test_10585,0.00015559524109668113
test_10586,0.0007579633096303436
test_10587,0.2924558376566657
test_10588,2.3536105622128912e-05
test_10589,0.0008554241514215022
test_10590,0.02309859799701083
test_10591,5.8350634036716935e-06
test_10592,0.017327928028176225
test_10593,0.9999981133239502
test_10594,0.9963567677852532
test_10595,0.00025658485997527824
test_10596,0.9999950426960136
test_10597,9.695447607379987e-05
test_10598,0.999928582900113
test_10599,0.9947501169528319
test_10600,2.8076426983921908e-06
test_10601,0.00033705848692998244
test_10602,0.9964667440099617
test_10603,0.9997354267715615
test_10604,0.9979940545966342
test_10605,0.9993091492198135
test_10606,0.9999763251310384
test_10607,0.0013815552750105118
test_10608,0.04296617220473097
test_10609,0.9999436917621204
test_10610,0.006938140543441148
test_10611,0.6980086311201926
test_10612,0.00236323521038433
test_10613,4.400955678820283e-07
test_10614,0.0044092809212302585
test_10615,0.999994451257268
test_10616,0.9997463472872645
test_10617,0.9949444764676179
test_10618,0.9999748773920004
test_10619,0.9998853237008154
test_10620,0.9999917985151108
test_10621,0.999968023623992
test_10622,0.9946667979209339
test_10623,0.0010644869296833343
test_10624,0.0031277776352884616
test_10625,0.006236115574776596
test_10626,1.1951981686935024e-05
test_10627,0.14986043629761206
test_10628,0.9999481749824639
test_10629,0.9993199985371043
test_10630,0.9997893856739235
test_10631,0.6370597863630615
test_10632,0.95352799844875
test_10633,0.9999967263651561
test_10634,0.9999790083937311
test_10635,4.72134934138808e-05
test_10636,0.9999608316933457
test_10637,0.8952475645332886
test_10638,1.8915165126915129e-07
test_10639,0.9999990713121867
test_10640,2.10824335074117e-06
test_10641,0.9999968414516263
test_10642,0.9940177607783975
test_10643,0.9973412719381202
test_10644,0.7997148687026879
test_10645,0.024890427453812425
test_10646,0.060223052728972506
test_10647,0.18774849723992648
test_10648,0.947680930565689
test_10649,0.9997138208846963
test_10650,0.9456303232029288
test_10651,0.9862084858426973
test_10652,0.000706386471940531
test_10653,0.9999965466447754
test_10654,0.06446521406402231
test_10655,0.0023839994291178133
test_10656,0.999860927714136
test_10657,0.0003281328730199716
test_10658,0.9997305778220931
test_10659,0.0008267981411359701
test_10660,0.9995398787757668
test_10661,0.9928948034216689
test_10662,0.00017111405442946846
test_10663,0.00015808809877837098
test_10664,0.9999936635856402
test_10665,0.9833961063870524
test_10666,0.9640725535542761
test_10667,0.5362101156370932
test_10668,0.9922357924400259
test_10669,0.38019584021536346
test_10670,3.7595130583986775e-08
test_10671,0.4450509813106631
test_10672,0.005110363294282477
test_10673,0.01866670373528203
test_10674,0.005128154183367491
test_10675,0.0221237486460851
test_10676,0.9997892096984012
test_10677,0.9999943196426462
test_10678,0.9979261431263422
test_10679,0.9988801882718095
test_10680,0.13523875740819413
test_10681,0.999997732603766
test_10682,0.9994206172884408
test_10683,0.07405823888429527
test_10684,0.002083562308119257
test_10685,0.0500159430193656
test_10686,0.9999899196266104
test_10687,0.005188224252115978
test_10688,0.03883255450407253
test_10689,0.00045211131077783657
test_10690,0.9997093761614839
test_10691,0.10258593561379889
test_10692,0.9902503694710915
test_10693,1.2570069300424352e-06
test_10694,0.9940133181011387
test_10695,0.9975950648429033
test_10696,0.33866420260126257
test_10697,2.480448293551725e-05
test_10698,0.9872640453168153
test_10699,0.9997500344875592
test_10700,5.191910406829868e-06
test_10701,0.35499495230376116
test_10702,0.0003714192439918368
test_10703,1.8399722926788722e-05
test_10704,0.9818845263636891
test_10705,0.9998749717398874
test_10706,1.700532280943526e-05
test_10707,0.9999495572059562
test_10708,0.9999845795165928
test_10709,0.9996043780898632
test_10710,0.9975298689054638
test_10711,0.9999042870981504
test_10712,0.9999983315455694
test_10713,8.364198569629846e-05
test_10714,0.9773682820661823
test_10715,0.01697340869495724
test_10716,0.8921920960833238
test_10717,0.9999825959810266
test_10718,0.06555050664969608
test_10719,0.9982271213820451
test_10720,0.9999996517961154
test_10721,1.151645241424502e-06
test_10722,0.9996874642190562
test_10723,0.0002493705484124543
test_10724,2.7012980829175842e-05
test_10725,9.717854494499864e-05
test_10726,0.9952813572368628
test_10727,2.0935718295377676e-06
test_10728,8.199916963318956e-06
test_10729,2.49838289121169e-07
test_10730,0.23010056909963222
test_10731,0.0008374469531358835
test_10732,0.8164471264456711
test_10733,2.67130384886651e-06
test_10734,0.0006802703842261632
test_10735,0.9999599182460471
test_10736,7.285436444535468e-05
test_10737,0.0002295874501441052
test_10738,0.9999833178568496
test_10739,0.9999825513779551
test_10740,0.9999168659298434
test_10741,0.9996377899460321
test_10742,0.17191781645711457
test_10743,0.9979281147505912
test_10744,0.00017303650943400068
test_10745,0.00019295685762955574
test_10746,3.653143560244511e-05
test_10747,0.9999836702683367
test_10748,0.9946190097420533
test_10749,0.999989373453345
test_10750,0.9994205558966471
test_10751,0.00011066898275850492
test_10752,0.9998041333682213
test_10753,0.9999982853279821
test_10754,0.9999980381792188
test_10755,1.68632456680633e-05
test_10756,0.9917019133326759
test_10757,0.0009548604092657843
test_10758,0.004218571851694311
test_10759,0.8883509435057713
test_10760,0.002273510833137205
test_10761,0.001480148671007315
test_10762,0.9972258044077233
test_10763,0.9980445068871033
test_10764,0.9998791693484685
test_10765,0.6918976299812771
test_10766,0.9988941011493104
test_10767,0.3574514357708975
test_10768,0.990735347937166
test_10769,7.752236008723699e-05
test_10770,0.00018261557631313202
test_10771,0.9982498880482337
test_10772,4.7336247663543233e-05
test_10773,0.9999979331738497
test_10774,0.9922907865127535
test_10775,0.0036956280732266577
test_10776,0.3619744113517603
test_10777,1.2281779464694502e-05
test_10778,0.998554985237122
test_10779,0.863457432387623
test_10780,0.9999387557716908
test_10781,0.9999826901843508
test_10782,0.04043554832997984
test_10783,0.012544404356856468
test_10784,4.348603266208137e-05
test_10785,0.9878135009174723
test_10786,0.9999386867271641
test_10787,0.9993275877924419
test_10788,0.006174456132341779
test_10789,0.00012018531675652711
test_10790,0.0345663691475521
test_10791,0.0022747472204826215
test_10792,0.9992724425837478
test_10793,0.8277742670929824
test_10794,0.8840082823328824
test_10795,6.163161482358105e-05
test_10796,0.9932311654083533
test_10797,0.11295965847039882
test_10798,0.9999991174759767
test_10799,0.0018925064059630199
test_10800,0.9982702028364792
test_10801,5.031957100976003e-06
test_10802,0.001079045584622098
test_10803,0.9954246085610527
test_10804,0.9948082279871968
test_10805,0.0004116328906042885
test_10806,0.9999964444408221
test_10807,0.9999997793915165
test_10808,0.9999933835637148
test_10809,0.9999995959378697
test_10810,0.9091850369278167
test_10811,0.9894587724398325
test_10812,0.00747885264977081
test_10813,0.00025904909439299436
test_10814,6.405563522831598e-05
test_10815,0.9914212377087005
test_10816,0.012712650171607658
test_10817,0.998844430711734
test_10818,0.9999998612691662
test_10819,0.9998249913018291
test_10820,0.0004347516186791278
test_10821,0.00038865503337262824
test_10822,0.6688553427923062
test_10823,0.5232680806146752
test_10824,2.003423275024517e-06
test_10825,0.9984974145338205
test_10826,0.9999990321892315
test_10827,0.9465844913492557
test_10828,0.9996088889415448
test_10829,3.031420350483155e-05
test_10830,0.9999820526713954
test_10831,0.24892150796855755
test_10832,0.1877864444860858
test_10833,0.9765548063240331
test_10834,0.9996770117637152
test_10835,0.012960742097702321
test_10836,5.3841323887708474e-08
test_10837,0.2852393472588975
test_10838,0.0037298573803013486
test_10839,0.03779078122179295
test_10840,0.9956028770637614
test_10841,0.16287963901295258
test_10842,0.8980619579678003
test_10843,4.216018168347958e-06
test_10844,1.5132034448038121e-05
test_10845,2.1675252753561656e-05
test_10846,0.9999999095251886
test_10847,0.007718865391856583
test_10848,0.011239085703286161
test_10849,3.195459236671179e-05
test_10850,6.199794371656611e-05
test_10851,5.983042991541472e-05
test_10852,0.00036546465154094665
test_10853,0.003298068985290848
test_10854,0.9540888424607011
test_10855,0.0010769160827565631
test_10856,0.0007858207159017433
test_10857,0.9999662176626181
test_10858,2.6437661195114093e-05
test_10859,0.9988960333081147
test_10860,0.00016923312906762554
test_10861,0.0027921907317015712
test_10862,0.6852835276759968
test_10863,0.998905448624427
test_10864,0.04703575351869326
test_10865,0.9964108944578671
test_10866,0.9992600159238999
test_10867,0.997937679300253
test_10868,0.00047994794996340134
test_10869,0.00559468134183518
test_10870,0.02662113003034563
test_10871,1.691415278100075e-05
test_10872,0.9999596530459615
test_10873,0.9997308039151603
test_10874,0.002642435310554527
test_10875,0.4286954837651526
test_10876,0.0005160819701431527
test_10877,0.9995708215761927
test_10878,0.9997380201060199
test_10879,0.0006235542474889023
test_10880,0.027788965068641508
test_10881,1.1634170115273874e-07
test_10882,0.04267716589691052
test_10883,0.9290735569770563
test_10884,0.9999944993919418
test_10885,0.011622046130791947
test_10886,0.12194646055113838
test_10887,0.9999991694901339
test_10888,0.9999711111413326
test_10889,0.24743027708894022
test_10890,0.013413818085160442
test_10891,0.0012952221234922318
test_10892,0.9998757979833744
test_10893,0.0016315158924358243
test_10894,0.00888433611439995
test_10895,0.9995401240935143
test_10896,7.957721852534857e-06
test_10897,0.0003492448505277574
test_10898,0.9901157775563072
test_10899,0.5400853633489764
test_10900,0.20985442625160108
test_10901,0.999999630712179
test_10902,0.9971079008579323
test_10903,0.9996503784007311
test_10904,0.9997421210483203
test_10905,0.9999986124306686
test_10906,0.9997633994456864
test_10907,3.320218356057054e-05
test_10908,0.506014024314257
test_10909,0.9998200926620633
test_10910,0.00012710316821042721
test_10911,0.00042369725656852836
test_10912,0.999925775645182
test_10913,7.371191443604007e-06
test_10914,0.997008049653905
test_10915,0.27701228992466226
test_10916,0.0023561002142655193
test_10917,0.2820924823015534
test_10918,0.003917133039932845
test_10919,0.0006205240763176978
test_10920,0.9999944902362161
test_10921,0.607900193660694
test_10922,0.9917252618145826
test_10923,0.9999366363407927
test_10924,0.9998593375402673
test_10925,0.9713347174270072
test_10926,0.0005686323412729083
test_10927,0.9937252282670476
test_10928,3.485532251467093e-05
test_10929,1.6740912974098698e-05
test_10930,0.996691589132451
test_10931,0.02773907013156609
test_10932,0.9999835513335456
test_10933,0.9989918252299638
test_10934,1.0015095466882224e-05
test_10935,0.0001809577196770514
test_10936,0.9983920623081173
test_10937,0.9992241703116891
test_10938,7.04526046939788e-05
test_10939,0.9922376050198058
test_10940,1.3680285066897033e-08
test_10941,0.003953210149128502
test_10942,0.0016405666981072146
test_10943,0.0011073730825597794
test_10944,0.9998626829752555
test_10945,4.784764854239887e-05
test_10946,3.537989842301321e-06
test_10947,0.9563113484964286
test_10948,0.008212368448417728
test_10949,0.0017638756741424064
test_10950,0.010621530795302543
test_10951,0.9990493015483572
test_10952,2.4735495007156446e-05
test_10953,0.9779759436299686
test_10954,0.9999960324043611
test_10955,0.9999978905243591
test_10956,8.8611431602349e-05
test_10957,4.823224694036337e-05
test_10958,1.706273219275685e-05
test_10959,0.0005619508997223167
test_10960,0.9997649051215898
test_10961,0.2918820192066196
test_10962,0.1273283820334067
test_10963,0.00010025879361868702
test_10964,0.0007809819084198344
test_10965,0.0008173205935404384
test_10966,0.0037776367999136627
test_10967,0.2501724079141051
test_10968,4.5873440467290516e-05
test_10969,0.9892690724250438
test_10970,0.0013483190505143288
test_10971,0.9889483305183685
test_10972,0.4905987485694999
test_10973,7.458885409201306e-06
test_10974,0.005235154050896628
test_10975,0.9965847104551444
test_10976,0.9999653743268612
test_10977,0.9345305224013516
test_10978,0.9990894988856444
test_10979,0.0031337446231940787
test_10980,0.8421257642608708
test_10981,0.9986492320937742
test_10982,0.9999932665437556
test_10983,0.003330068364994557
test_10984,0.9999784310206074
test_10985,0.9979461758716736
test_10986,8.670916347925199e-05
test_10987,0.9999998629896935
test_10988,4.934062755813329e-05
test_10989,0.0003658873446539635
test_10990,0.00024140630988566392
test_10991,6.20865763253456e-05
test_10992,0.9999515041169976
test_10993,0.9958982446821872
test_10994,0.00034355845113275864
test_10995,0.00014023713236943944
test_10996,0.9979913170789533
test_10997,0.9999799615652155
test_10998,0.00010968352980291406
test_10999,4.311352299587514e-05
test_11000,0.02889351833943785
test_11001,0.9872431888009096
test_11002,0.056465563458168326
test_11003,8.385443900033068e-06
test_11004,0.0013508550057508269
test_11005,0.9703454858757702
test_11006,1.8763216430832479e-06
test_11007,0.0019204835492807586
test_11008,0.34871219969530043
test_11009,1.56283963638685e-05
test_11010,0.9998241029212431
test_11011,0.9753255401888605
test_11012,0.00908134342467745
test_11013,0.9952408466244006
test_11014,0.996697436744281
test_11015,0.1306984406726857
test_11016,0.000843463560374311
test_11017,0.06226962115908557
test_11018,0.9999980901343734
test_11019,0.004887510630353124
test_11020,0.26346882703438224
test_11021,0.9993784120292257
test_11022,0.020613827469807958
test_11023,0.022379387996607717
test_11024,0.9999947728997466
test_11025,0.9784143423158485
test_11026,0.998403345209595
test_11027,0.9999925941907267
test_11028,0.9159085139670041
test_11029,0.9621691864408264
test_11030,0.9995788134936195
test_11031,0.0020160898050180136
test_11032,6.590481393207333e-06
test_11033,0.0005960796307599965
test_11034,0.003048759658809499
test_11035,0.9999990786656661
test_11036,0.9999785299551379
test_11037,0.14426694516044916
test_11038,0.9977155188000999
test_11039,0.8880973430625118
test_11040,0.9999971677467491
test_11041,0.6069599070462255
test_11042,0.005654815116975325
test_11043,0.9900731544495607
test_11044,0.9988630904590663
test_11045,0.9990322106345348
test_11046,0.9994935911268594
test_11047,0.9997445455501234
test_11048,0.9978098697971733
test_11049,0.9379385141417571
test_11050,3.2212776504279833e-07
test_11051,0.9975321101806459
test_11052,0.9998446398960633
test_11053,0.999989669699793
test_11054,0.9886593021179945
test_11055,4.6304530342593276e-05
test_11056,0.9986068530900524
test_11057,2.631208223425848e-07
test_11058,0.8939209036613731
test_11059,0.00015705810723943704
test_11060,0.9993047226851421
test_11061,1.5492814087011175e-05
test_11062,0.9999988530403349
test_11063,0.00021744883042504857
test_11064,0.9999732192285795
test_11065,0.999944979543762
test_11066,0.9999981787097614
test_11067,3.533290819836848e-07
test_11068,0.0001437005396620201
test_11069,0.9998722437873014
test_11070,0.9998866128935843
test_11071,0.9999999181261725
test_11072,2.627692219411699e-05
test_11073,2.451056392113344e-06
test_11074,0.006645694481150274
test_11075,0.9999093293528493
test_11076,0.9978551619406901
test_11077,0.011564918084655306
test_11078,0.0004125040111503908
test_11079,0.9998292438671953
test_11080,0.00013641218499026782
test_11081,0.00025993845237725
test_11082,0.001052923255148054
test_11083,0.00019246753623528498
test_11084,0.9999027173888644
test_11085,0.1284309396380808
test_11086,0.01639641107824947
test_11087,0.9994883098675348
test_11088,6.863230453452503e-06
test_11089,0.13087095656614414
test_11090,0.9897726001876042
test_11091,0.9997429925102581
test_11092,0.0004180591116118068
test_11093,0.9897245800859287
test_11094,0.9997041998265461
test_11095,0.9999400178689213
test_11096,0.34644864924598007
test_11097,0.959364245959949
test_11098,0.00032000715028422644
test_11099,0.9999664224077398
test_11100,0.9998425463140617
test_11101,8.730971665471375e-09
test_11102,0.5703711906174532
test_11103,0.9999799977812508
test_11104,0.26547246145118497
test_11105,0.0016818908925971257
test_11106,0.6040922462123258
test_11107,0.9999638260746299
test_11108,0.9999386512019778
test_11109,0.9920238345478033
test_11110,0.998632349347815
test_11111,0.8838595817406998
test_11112,0.9787204888084956
test_11113,0.36651643208447465
test_11114,0.9993041336623206
test_11115,0.9945365775064703
test_11116,0.9970537704500863
test_11117,0.5214886982056671
test_11118,0.9999837697228438
test_11119,0.9907342247297436
test_11120,0.0062701188414863536
test_11121,0.9775537456216763
test_11122,0.9830614317817815
test_11123,0.9875172228462188
test_11124,0.9991213573147126
test_11125,0.9999997871950677
test_11126,0.9999835529732302
test_11127,0.9999737603890935
test_11128,0.007775816980583395
test_11129,0.40857944908992855
test_11130,0.9999353918767341
test_11131,5.37624268998686e-05
test_11132,0.9988197345594108
test_11133,0.004303329454047831
test_11134,0.03592402739275747
test_11135,0.9955455236161259
test_11136,0.9999971367780518
test_11137,0.01635477221589876
test_11138,0.9989592898289643
test_11139,0.006115256716358797
test_11140,0.05586116424392112
test_11141,0.7051024758041711
test_11142,2.9278790849447283e-05
test_11143,0.980481046884282
test_11144,0.9998739384320721
test_11145,2.389316142754754e-05
test_11146,4.826229038697395e-07
test_11147,0.9993486530956602
test_11148,0.013213727438829375
test_11149,0.000362396272601041
test_11150,0.9999698997747888
test_11151,0.01000795495121746
test_11152,0.9995673714483178
test_11153,0.998441992856451
test_11154,0.980062867004442
test_11155,0.00038621589870070806
test_11156,0.004033858416856893
test_11157,0.9999953781734139
test_11158,0.00015935880273569675
test_11159,5.560389018842428e-07
test_11160,0.015702134051492248
test_11161,0.8190334212454007
test_11162,7.12458042155215e-06
test_11163,0.0010360430677958578
test_11164,0.0024413502191542955
test_11165,0.9968948261551837
test_11166,0.8391444426018134
test_11167,0.00031522486476326904
test_11168,0.08091019895455821
test_11169,0.9999938995980193
test_11170,0.9964466021722991
test_11171,0.0005007344090442369
test_11172,0.9919034084718172
test_11173,0.9956461088270571
test_11174,2.2308310917222655e-06
test_11175,0.001786174812185355
test_11176,0.21589889067495202
test_11177,0.0002877665853467556
test_11178,0.0003537556874952924
test_11179,0.016268832237751673
test_11180,0.2618069677726277
test_11181,0.9799134220069746
test_11182,0.016895883264496703
test_11183,0.1909716837283331
test_11184,0.9798294336733281
test_11185,0.9447584941498961
test_11186,0.00027084112677153074
test_11187,0.00018505158366402774
test_11188,0.9999999279520851
test_11189,0.040409059380366805
test_11190,0.0003078654211435708
test_11191,0.9998684276032584
test_11192,0.0013700656199568397
test_11193,4.5968481163256785e-05
test_11194,0.013418692709507763
test_11195,0.9999904027956628
test_11196,0.04563919335189879
test_11197,0.987733173856465
test_11198,0.9998470945242052
test_11199,0.0015181254040227583
test_11200,0.00011909245931078318
test_11201,0.010361228112906622
test_11202,0.9861227092035937
test_11203,0.985617588365783
test_11204,0.8767584841184296
test_11205,5.1088658133466286e-05
test_11206,0.9541415452817261
test_11207,5.022718694613942e-05
test_11208,0.9998018404852778
test_11209,1.2893569462293664e-05
test_11210,0.9998635251957898
test_11211,0.0003739640605135456
test_11212,0.9897186466317197
test_11213,3.880405752535339e-06
test_11214,0.00011692717626279916
test_11215,0.0002978475540679229
test_11216,0.0003919400429963057
test_11217,0.9993892859139898
test_11218,0.9976394389410241
test_11219,0.9100492277569453
test_11220,0.9984960639958728
test_11221,0.027973144220365724
test_11222,0.0009509579215296452
test_11223,0.00046473936549276814
test_11224,0.9998521986736904
test_11225,5.372767579436736e-05
test_11226,0.01475508291133637
test_11227,0.9998393311034541
test_11228,0.03574038068068359
test_11229,0.9646952741500584
test_11230,0.00437561166030816
test_11231,0.817923942176928
test_11232,2.832770701227308e-06
test_11233,0.9659436737863799
test_11234,0.9999908528684568
test_11235,0.6676013743652547
test_11236,0.005499597914032389
test_11237,0.000836473694405814
test_11238,0.999840280889422
test_11239,0.9999639257998242
test_11240,0.9999203337886179
test_11241,0.9919479576158732
test_11242,0.9999991900683963
test_11243,0.9708678625589994
test_11244,0.011383650295788384
test_11245,0.001614109719842699
test_11246,0.9999873711478073
test_11247,0.0012251147461392053
test_11248,0.9998899112483608
test_11249,0.00020793419455649882
test_11250,0.9999996748483404
test_11251,0.9998086159181566
test_11252,1.194811159823223e-07
test_11253,0.005255297553599287
test_11254,0.9126390655787594
test_11255,0.002088202191750136
test_11256,0.9347014080611964
test_11257,0.9973787103315997
test_11258,0.9345625990225404
test_11259,4.141514263312111e-05
test_11260,5.686361534478013e-05
test_11261,1.3015782481557476e-05
test_11262,0.999999231978472
test_11263,0.8853917694485298
test_11264,0.7821002857877086
test_11265,0.3952827792753638
test_11266,0.0028494085807947546
test_11267,0.1086756594175965
test_11268,0.9155518482623582
test_11269,0.45824065440300155
test_11270,0.9969276809932653
test_11271,0.8141503537054788
test_11272,8.288303093006982e-06
test_11273,0.9992121086229092
test_11274,0.9995738547864249
test_11275,0.05237754397851265
test_11276,8.464519602018865e-05
test_11277,0.9999534332583608
test_11278,2.225817605811283e-06
test_11279,0.4819835449863429
test_11280,0.9992558295037481
test_11281,0.9988569268163398
test_11282,0.15177916741286998
test_11283,0.0036883844434023884
test_11284,0.0016455862385013145
test_11285,1.8641667595490693e-06
test_11286,1.0486140112887136e-06
test_11287,0.9995557024140609
test_11288,0.9983973137800326
test_11289,1.7622205442791408e-06
test_11290,0.9951019234331329
test_11291,0.9999636381339565
test_11292,0.999998254817079
test_11293,1.505617219157899e-05
test_11294,0.9992817622428429
test_11295,0.9988083327460755
test_11296,9.322872182486424e-07
test_11297,0.9999554964124449
test_11298,0.0003237145644539926
test_11299,0.987148502949639
test_11300,0.9999564386086953
test_11301,0.9999845140332537
test_11302,1.439429485905558e-07
test_11303,0.9780000923965934
test_11304,0.9999549931152375
test_11305,0.0002955964291989257
test_11306,0.9995215984341285
test_11307,0.9988175898412094
test_11308,0.9999318515063326
test_11309,0.0003445111226064599
test_11310,0.34523240946709866
test_11311,0.00042983168373834826
test_11312,0.9837438228239538
test_11313,8.765758692487742e-06
test_11314,0.0006350767330338318
test_11315,0.44318917135528224
test_11316,0.13831919788959063
test_11317,0.4294391067094982
test_11318,0.6458647774641053
test_11319,4.6150033564322556e-05
test_11320,0.11113526723107546
test_11321,0.00566927216067372
test_11322,0.00032389957709311374
test_11323,0.0026620054450867204
test_11324,0.03377120675108134
test_11325,0.9949190028079331
test_11326,2.066465305230006e-06
test_11327,0.9979258886091141
test_11328,0.9999235417447746
test_11329,0.0020500301960958882
test_11330,0.18377117825262027
test_11331,7.705009157293362e-05
test_11332,0.9999992684059641
test_11333,0.82347592591953
test_11334,0.04598723213992059
test_11335,0.7456327568099413
test_11336,0.9294334490116836
test_11337,0.9978425061890156
test_11338,0.7755302312427875
test_11339,0.023606096617370835
test_11340,0.016545942549319792
test_11341,0.973525756132114
test_11342,0.012343707392313824
test_11343,0.9948224264680512
test_11344,0.00021170349453283104
test_11345,0.00358578370955306
test_11346,0.00606159712949969
test_11347,0.6188833439727289
test_11348,0.06927362085059928
test_11349,1.0256850600175518e-06
test_11350,0.4576671290628024
test_11351,5.952219276591508e-06
test_11352,0.012636578841064628
test_11353,0.9999993101104497
test_11354,0.00032662160424491894
test_11355,0.0011788448092636121
test_11356,6.279027932621527e-05
test_11357,8.578082369971164e-05
test_11358,9.502744375943128e-05
test_11359,0.02001306797358923
test_11360,0.01689551764486452
test_11361,0.0005381204539226087
test_11362,5.3096182485568304e-05
test_11363,5.327273237890016e-06
test_11364,2.3826418428611206e-05
test_11365,0.02553425773703019
test_11366,0.9996404383451022
test_11367,0.0001293519755703929
test_11368,0.01155336489959146
test_11369,0.3993647903110341
test_11370,0.9999615736575513
test_11371,0.0001507632034239675
test_11372,0.009357389321931892
test_11373,5.2636955601226835e-06
test_11374,0.9958319539195662
test_11375,0.003072937610071069
test_11376,8.143408726525281e-05
test_11377,0.9996889718445655
test_11378,0.06855227017534558
test_11379,7.837200819819015e-06
test_11380,2.362729633376017e-05
test_11381,0.042130982056899746
test_11382,0.9638926053226621
test_11383,0.012843996690721494
test_11384,0.11365678507921724
test_11385,0.9391301394036936
test_11386,0.9999996195637266
test_11387,0.9999995307400517
test_11388,0.014158806844833487
test_11389,0.002573470635644893
test_11390,0.8522068934932933
test_11391,0.9965222493311751
test_11392,0.99999228851239
test_11393,0.9722879122223682
test_11394,0.7112408137841858
test_11395,0.5189694936541779
test_11396,0.055997842585480205
test_11397,3.1352406175636283e-06
test_11398,0.9954193197021193
test_11399,0.5221903862231136
test_11400,0.03820861653877991
test_11401,0.9999813469695188
test_11402,0.9994384199051846
test_11403,0.07396999531067038
test_11404,0.9999765839851579
test_11405,0.008048025398491648
test_11406,0.001350935022858125
test_11407,3.873820803478307e-05
test_11408,0.3139663777323925
test_11409,0.004039008744809515
test_11410,0.00036202132665714846
test_11411,0.0242837399709082
test_11412,0.9875281201505745
test_11413,0.00385374009655415
test_11414,0.03647920242174893
test_11415,0.9993059021092175
test_11416,0.00024012141967807779
test_11417,0.9954869772255538
test_11418,0.5061458207912211
test_11419,0.9999994852140449
test_11420,0.00028076868979412306
test_11421,0.00020608568997139954
test_11422,0.34827224245889127
test_11423,0.04940064266158047
test_11424,0.997774410693606
test_11425,0.00010310952132077455
test_11426,0.14316620688266324
test_11427,0.9999171277802109
test_11428,0.0002537949909875224
test_11429,0.9995952551607141
test_11430,0.003881522448473659
test_11431,0.9997586240308749
test_11432,0.9995348735894877
test_11433,5.7760414662187544e-05
test_11434,0.9887068198576859
test_11435,0.9999995784111361
test_11436,0.8948066440414124
test_11437,0.9321085174827369
test_11438,5.382445023785121e-06
test_11439,0.0014267239208293112
test_11440,0.005635024907298799
test_11441,0.0002909899945435418
test_11442,0.00039458373187928336
test_11443,0.9323729385616519
test_11444,8.556277117816448e-05
test_11445,0.7183611187761217
test_11446,2.1463070145837102e-06
test_11447,0.8668387063145366
test_11448,0.004450058127595868
test_11449,0.9999783313653462
test_11450,0.9998222063027896
test_11451,0.9916224757025569
test_11452,0.8084756206643566
test_11453,0.00028079241699525655
test_11454,4.458326206109756e-06
test_11455,4.2036930022007576e-05
test_11456,1.082593806247074e-05
test_11457,0.9465316982396449
test_11458,0.00018813118489359852
test_11459,0.00010653358705734222
test_11460,0.3336612534562047
test_11461,0.998530762578037
test_11462,0.9966761609787256
test_11463,0.0007832310853085123
test_11464,0.9999601630105115
test_11465,0.9938215635491872
test_11466,0.9892508722867375
test_11467,0.0003989682871057131
test_11468,0.9527519589075243
test_11469,5.845316021048777e-06
test_11470,0.0001777237567188839
test_11471,0.9659344946490418
test_11472,0.0008952245451889272
test_11473,0.9457006323917128
test_11474,0.9998856928802785
test_11475,0.021372400412702455
test_11476,0.0006586471631660784
test_11477,0.9986397280357922
test_11478,0.0013685192930201373
test_11479,0.006546814192879863
test_11480,0.9959483568874131
test_11481,0.00032091490154966787
test_11482,0.29521359613497383
test_11483,0.9999909339669603
test_11484,1.5232038828420121e-05
test_11485,0.9999902573999051
test_11486,0.9995127524794808
test_11487,0.33079887293798593
test_11488,2.0409239208151712e-07
test_11489,0.9999942027217805
test_11490,0.9998497733101377
test_11491,4.477930072613691e-06
test_11492,0.9508986372624586
test_11493,0.9999982744876434
test_11494,0.4480651623935101
test_11495,0.0003336618163346657
test_11496,0.9987830088985497
test_11497,0.9999985550826166
test_11498,0.29283926298986834
test_11499,0.9976208852936802
test_11500,0.000496463562891287
test_11501,0.7494155939537785
test_11502,0.00010009082851884054
test_11503,0.1628700924971338
test_11504,0.9998132980549926
test_11505,0.9998898374394003
test_11506,3.0046211444590356e-05
test_11507,0.0004101912353806875
test_11508,4.021987272770227e-05
test_11509,1.945779563373341e-05
test_11510,0.002257830725401588
test_11511,0.0005784519984449208
test_11512,0.0038656623570305208
test_11513,0.00743886990725099
test_11514,0.00013959121544029988
test_11515,0.00022092900987496228
test_11516,0.17036124944646616
test_11517,0.0044946072343896295
test_11518,0.37314701676335493
test_11519,0.991630827970392
test_11520,0.9965564677911138
test_11521,0.04134341017412096
test_11522,2.7922673284867857e-07
test_11523,0.4323030496649703
test_11524,2.416283065805602e-06
test_11525,0.9956427774028325
test_11526,0.16603477108907008
test_11527,0.05272743262871465
test_11528,0.2262158803314287
test_11529,1.664958442628686e-06
test_11530,0.9957539670954548
test_11531,0.9984798206400713
test_11532,0.9999893336538024
test_11533,0.14599092166780667
test_11534,0.9999779414412802
test_11535,0.7399191037779511
test_11536,0.9999998428547885
test_11537,0.9992144684383825
test_11538,0.09389787860781225
test_11539,0.9999759697021694
test_11540,0.9999734446476187
test_11541,0.8182167656592175
test_11542,0.0007915607985952813
test_11543,0.9993974525282497
test_11544,0.00011608505158456453
test_11545,0.9733654420474921
test_11546,2.4684609272562008e-05
test_11547,0.9999440097031274
test_11548,0.14448846363317805
test_11549,1.0223552088995011e-05
test_11550,0.9906304001588908
test_11551,0.027709761472887347
test_11552,0.9987345093364439
test_11553,0.999942173626698
test_11554,0.34259010441034154
test_11555,0.9999943076231462
test_11556,0.6407532703830316
test_11557,0.9913599848138039
test_11558,0.9999883115558782
test_11559,0.0019690520208657594
test_11560,0.001206576496725132
test_11561,1.654265981076558e-05
test_11562,0.9994472515248685
test_11563,0.9993989462929105
test_11564,0.004277261121307545
test_11565,0.6296379194768144
test_11566,2.7589463511007103e-07
test_11567,0.9939742409268661
test_11568,0.04406003620478419
test_11569,0.4019704860004336
test_11570,6.72115888875279e-05
test_11571,0.39537704012931935
test_11572,0.00013031295599035312
test_11573,0.29722417343564206
test_11574,0.9920622684058752
test_11575,0.9863960700133309
test_11576,0.9948697227517788
test_11577,0.9995955425234325
test_11578,0.5210051167561381
test_11579,0.9997759973000474
test_11580,0.9999814997414699
test_11581,0.4654901680180993
test_11582,1.3716823155757311e-05
test_11583,0.05873698181228199
test_11584,0.9998772033233314
test_11585,3.9669583261546465e-05
test_11586,0.9999992865812952
test_11587,0.9999921382936084
test_11588,0.04496753409412178
test_11589,0.9013978705211237
test_11590,0.9999956354915895
test_11591,0.9987649626675702
test_11592,0.9999919406114643
test_11593,0.007036761941829302
test_11594,0.9837890176237014
test_11595,2.377121387298366e-06
test_11596,0.9993135848326608
test_11597,0.999990985998907
test_11598,5.882423997765541e-06
test_11599,2.242596604460198e-05
test_11600,0.0015700545634874338
test_11601,0.9998398474730701
test_11602,0.008691341284673226
test_11603,0.9923220116407283
test_11604,0.999910302771833
test_11605,0.9999791171626351
test_11606,0.07605191782637193
test_11607,0.9999929014106312
test_11608,0.0019277602227219903
test_11609,0.9999999982894041
test_11610,0.004093753595196528
test_11611,0.9999995466720298
test_11612,0.9999490617977655
test_11613,0.9999757209968979
test_11614,0.0005573952478529628
test_11615,0.9324480269955063
test_11616,0.9996184114513694
test_11617,0.9999766480633315
test_11618,0.9986128979306158
test_11619,0.9832430224352617
test_11620,0.004743526753273119
test_11621,2.6799422584448754e-07
test_11622,0.993755435022959
test_11623,4.8587893419616026e-05
test_11624,0.9434439197822518
test_11625,0.9878466476876154
test_11626,0.9999939238627044
test_11627,0.999679346578207
test_11628,0.00015543960330988848
test_11629,0.9993758110535438
test_11630,0.00010785122286651506
test_11631,7.846559396707106e-05
test_11632,0.009983626825143697
test_11633,0.9915317073666262
test_11634,0.9988421936494738
test_11635,0.9999989986680263
test_11636,0.9998418084284544
test_11637,0.9999805526118243
test_11638,0.8092621657758086
test_11639,0.0028322505742687173
test_11640,0.9952198847784438
test_11641,0.99880212193597
test_11642,0.999890908982742
test_11643,0.8420437924455311
test_11644,0.9998704155645817
test_11645,0.6888498729458864
test_11646,8.838967891597392e-09
test_11647,0.22883982822912366
test_11648,0.999986531811723
test_11649,0.03589064909145425
test_11650,0.9999266793160783
test_11651,0.05306925549092525
test_11652,2.4255419893193777e-06
test_11653,0.0001613930593829335
test_11654,0.002183134735908219
test_11655,0.0003475210584523423
test_11656,0.9986718895956108
test_11657,0.00010461159129433238
test_11658,0.006342739058734127
test_11659,4.3930717383063476e-07
test_11660,0.9914392768352495
test_11661,0.0008840080471929804
test_11662,0.9998042496161905
test_11663,0.00012282322786880457
test_11664,0.02045454767846869
test_11665,0.008780886262771822
test_11666,0.01975606680756473
test_11667,0.00016982986040493795
test_11668,0.9999998809865565
test_11669,0.9998879340784198
test_11670,0.0017443531548635718
test_11671,0.5208042614048471
test_11672,0.9997488185512624
test_11673,0.07783746063698394
test_11674,4.3882166464351503e-05
test_11675,0.00014328772171712557
test_11676,0.996353065481812
test_11677,0.6753814735621503
test_11678,6.09194655921771e-07
test_11679,0.9999078728822762
test_11680,0.0008414722249174539
test_11681,0.0017062785952954523
test_11682,0.009009273322186278
test_11683,0.9289663801463959
test_11684,0.9953378921064624
test_11685,0.06058635806948402
test_11686,0.9995105706838239
test_11687,0.00034947847750333057
test_11688,0.001770659912726429
test_11689,0.002980188605759701
test_11690,0.9998603943626587
test_11691,0.9942881602756397
test_11692,0.005750533075013035
test_11693,0.6236159473281958
test_11694,1.3091655190634125e-05
test_11695,0.9997830638680375
test_11696,3.4593086755552814e-05
test_11697,1.0466583213949361e-05
test_11698,0.004470461821340537
test_11699,0.13111424427832355
test_11700,0.23123211970460944
test_11701,0.8885735391859373
test_11702,0.0018476133313305233
test_11703,0.0004527176600247717
test_11704,0.9999122921348738
test_11705,0.9999871834758775
test_11706,0.9999988621870733
test_11707,0.0036680973303867743
test_11708,0.9988793640248798
test_11709,0.8538366420389305
test_11710,0.9932023887673519
test_11711,0.9879652623075049
test_11712,0.7052303159133476
test_11713,0.9956753774136231
test_11714,0.9973083279660488
test_11715,0.9999917278267542
test_11716,0.002652188894630676
test_11717,1.1189030473443173e-06
test_11718,0.0053761286914563375
test_11719,0.00012981841689372958
test_11720,0.9999995355736976
test_11721,0.9553803682655613
test_11722,0.9948255978815435
test_11723,0.9985740352064737
test_11724,2.281214659390076e-05
test_11725,0.45910176151203896
test_11726,0.9980025564481284
test_11727,0.9996373528364649
test_11728,0.9922122119894666
test_11729,0.9876253268771079
test_11730,0.0035449966576301447
test_11731,0.00016458781504098596
test_11732,0.9992717980214592
test_11733,0.9999985520250912
test_11734,0.008130949033554314
test_11735,0.9740873513741148
test_11736,0.00999891678223174
test_11737,0.0187197469077023
test_11738,0.9999792325891306
test_11739,0.9819599121649681
test_11740,0.016099521529035998
test_11741,0.04986721014005995
test_11742,0.12585711923320106
test_11743,0.9992814330283589
test_11744,0.9751864960497469
test_11745,0.00028348283838198346
test_11746,0.9999203309464763
test_11747,0.0001825593458420477
test_11748,0.0002745699424967145
test_11749,0.9958645248576019
test_11750,0.012258552540943164
test_11751,0.9771301589350786
test_11752,0.9991586399179037
test_11753,0.049291119360026545
test_11754,0.9903494366255228
test_11755,0.6785333422634838
test_11756,0.9989720382318992
test_11757,0.030917349009384185
test_11758,7.185101429063928e-05
test_11759,0.9999127574608534
test_11760,0.9614770551011445
test_11761,0.9999193134758035
test_11762,0.9986912387606045
test_11763,0.9932465735954049
test_11764,0.9999710899061776
test_11765,0.0014645621025219785
test_11766,0.867033092725467
test_11767,0.010631410829480537
test_11768,0.8432270320741535
test_11769,0.9513288239082084
test_11770,0.0046891907262211
test_11771,0.9998936300540805
test_11772,0.9998897506068878
test_11773,0.006243413157159041
test_11774,7.26500355988273e-05
test_11775,0.9941408873193744
test_11776,0.4664953146148845
test_11777,0.9999717240319904
test_11778,0.9999968532852577
test_11779,0.999998836345782
test_11780,0.9996234536247478
test_11781,0.003332235050470782
test_11782,0.0001484186504993066
test_11783,0.024553959094422192
test_11784,0.999953894647075
test_11785,0.0008641956703914751
test_11786,0.9295584486768462
test_11787,0.0005981214637482183
test_11788,0.0005652321984684572
test_11789,7.121707481568794e-06
test_11790,3.9494446282471364e-05
test_11791,0.9997930931913686
test_11792,0.9551327537191594
test_11793,0.9934171816854028
test_11794,0.9986527442459247
test_11795,0.999824142396748
test_11796,2.007971930079813e-05
test_11797,0.9283154057796901
test_11798,0.0006453838108632082
test_11799,0.9998542338483765
test_11800,1.660050847750186e-06
test_11801,0.003400947530590076
test_11802,0.0004664379135003903
test_11803,3.126852929383426e-05
test_11804,1.0950816433680392e-05
test_11805,0.0020145966490394806
test_11806,0.03944270358524581
test_11807,0.9999492842985239
test_11808,0.9959545123996845
test_11809,0.20209179811231884
test_11810,0.9991358888010725
test_11811,3.4148017296927575e-05
test_11812,0.0006433740140690513
test_11813,0.0002871622543182067
test_11814,0.00856615650979779
test_11815,1.3062912403720603e-05
test_11816,0.9999870295931281
test_11817,0.0016011797488736947
test_11818,0.0013279555262051324
test_11819,0.8929399184549286
test_11820,0.8442708947290049
test_11821,0.9998302839994453
test_11822,0.9948346123166487
test_11823,0.9999471840805605
test_11824,0.8876697416417404
test_11825,0.9946999872717217
test_11826,0.006211053722704755
test_11827,0.9981755231265013
test_11828,0.0017777043612759733
test_11829,0.7091399783519555
test_11830,0.9871240679855499
test_11831,0.00012849732967124103
test_11832,0.21358264071636793
test_11833,2.590927581520738e-05
test_11834,0.962821480116869
test_11835,0.0005876142801727262
test_11836,0.7368725159496738
test_11837,0.7242441580388667
test_11838,0.0017504072216787887
test_11839,0.08143356425570862
test_11840,0.00022619525634962135
test_11841,0.0006139645188474772
test_11842,0.04381216046967071
test_11843,0.0001910642186825002
test_11844,0.00028999113953473253
test_11845,0.9850824891615767
test_11846,0.009448032064500117
test_11847,0.9859923867122482
test_11848,0.9999746337688015
test_11849,0.00027462561317507654
test_11850,0.9999873412779082
test_11851,0.0026047027686386696
test_11852,0.004252583288375298
test_11853,0.9999979515553169
test_11854,0.0003960871325986134
test_11855,0.9862360602997479
test_11856,0.9997249621795179
test_11857,0.000181440369075329
test_11858,0.9999994007242178
test_11859,0.3618090767297734
test_11860,0.003376607091759872
test_11861,0.003953295215256283
test_11862,0.0006730206827433598
test_11863,0.2200967513137401
test_11864,0.9961730381505168
test_11865,0.991740912029278
test_11866,0.9952607022569099
test_11867,0.9979248031742585
test_11868,0.0004353285244397718
test_11869,0.9996372837785421
test_11870,0.9945050695129448
test_11871,0.9999644486366476
test_11872,0.999998688624588
test_11873,0.962958217382197
test_11874,0.9990901052754942
test_11875,0.9991961491347525
test_11876,0.9999980811650551
test_11877,0.026252911178295587
test_11878,0.9537352245235549
test_11879,0.009991955911909899
test_11880,0.016622316338681987
test_11881,0.9999749869646873
test_11882,0.9999341607673987
test_11883,0.0007337388801422712
test_11884,0.9994758271493596
test_11885,0.08234217194072423
test_11886,0.005731060174848305
test_11887,0.9999996966457535
test_11888,0.04039050307623229
test_11889,0.002362461585410498
test_11890,3.812626350540753e-05
test_11891,0.6120503219542112
test_11892,6.516396205537464e-05
test_11893,0.9993528611695025
test_11894,0.9182902053473426
test_11895,3.8883050815994465e-05
test_11896,0.999998663233635
test_11897,0.0013908964947945653
test_11898,0.06378889431509441
test_11899,0.9999844730953216
test_11900,0.9311992366264852
test_11901,0.9493883576820586
test_11902,0.9973052206224681
test_11903,0.9912024371623436
test_11904,0.9998268951764574
test_11905,0.9999991059983774
test_11906,6.776322731066648e-08
test_11907,0.9999748739731679
test_11908,0.00045781233774142883
test_11909,3.252817197201376e-05
test_11910,0.9833246659968402
test_11911,0.9944138064743415
test_11912,0.0035269378593857066
test_11913,0.0051479562832229256
test_11914,0.0011658113308795667
test_11915,7.679931912512628e-06
test_11916,6.959201290267828e-05
test_11917,0.3911080046848934
test_11918,0.9895241333490853
test_11919,0.0735738169435295
test_11920,0.9973904998705375
test_11921,0.016140135683456656
test_11922,0.0005889106264217388
test_11923,0.9986516038281041
test_11924,0.9999153764552698
test_11925,0.9981417597726717
test_11926,0.9996637792915973
test_11927,0.9997240554146082
test_11928,0.7091839114690758
test_11929,4.552616683320064e-05
test_11930,0.9999952134049236
test_11931,0.8663492484983749
test_11932,0.0008458879196472662
test_11933,0.6160177202437152
test_11934,0.003323799434336954
test_11935,6.101249765666868e-05
test_11936,0.9999112101102806
test_11937,0.0004109573818302421
test_11938,0.9999893212988507
test_11939,0.04508104444728482
test_11940,0.9041002728028906
test_11941,5.112470096653811e-06
test_11942,0.9766557611759689
test_11943,1.6658904079829296e-05
test_11944,1.4766662634589463e-06
test_11945,0.9995046923194709
test_11946,0.7029546148479158
test_11947,0.004815785040923193
test_11948,0.028511753997889237
test_11949,0.4140648215857624
test_11950,6.252890333785191e-06
test_11951,0.004031069038715159
test_11952,8.117444651614554e-06
test_11953,0.5721865206159361
test_11954,0.022685019655734506
test_11955,0.999977303591532
test_11956,0.022828291349428577
test_11957,0.9846348127883574
test_11958,0.5808318233253883
test_11959,0.9759233144721362
test_11960,7.949272653820909e-05
test_11961,0.002306872403783574
test_11962,1.3891524705361176e-05
test_11963,0.9992495640479502
test_11964,0.011831454692770292
test_11965,0.9492876706728942
test_11966,0.9677073374519783
test_11967,0.006051968045629216
test_11968,0.9998793500427678
test_11969,2.049943771744246e-05
test_11970,0.0011571197892837927
test_11971,0.0026396225878938377
test_11972,0.9998929218597034
test_11973,0.0031909764143966215
test_11974,0.9999823430959927
test_11975,0.9999935408448338
test_11976,0.004450051093547737
test_11977,0.9999488689649512
test_11978,0.9919953337340282
test_11979,0.9888349659598328
test_11980,0.9994764491369433
test_11981,1.0465293770754861e-05
test_11982,0.9997169380940142
test_11983,0.9901326347955578
test_11984,0.9681954650507308
test_11985,0.004773558208239285
test_11986,0.6009685626121578
test_11987,0.007597603707608698
test_11988,0.9456943206500021
test_11989,0.13052119040914473
test_11990,0.9999921983260858
test_11991,0.9806157958702094
test_11992,0.002103003396193451
test_11993,0.99964601957987
test_11994,0.26032710461469055
test_11995,0.9102742961994067
test_11996,0.008428664174292902
test_11997,0.9994909921220819
test_11998,0.0007605581405081905
test_11999,0.05171622834789252
test_12000,0.9999804289738011
test_12001,4.330970915860176e-07
test_12002,3.3551280155660265e-05
test_12003,0.987061385976925
test_12004,0.00015514658692997434
test_12005,0.0024878527757535244
test_12006,0.002046627012418593
test_12007,0.7285106502934535
test_12008,0.015003280029323348
test_12009,0.007810006943857784
test_12010,0.0003156752764290764
test_12011,0.9999965882941781
test_12012,0.9355855763201776
test_12013,1.8665662304690043e-05
test_12014,0.8985050830896216
test_12015,0.9994099669182427
test_12016,0.9522673303111195
test_12017,0.9999991552306231
test_12018,0.9999296956121873
test_12019,0.9945327093926001
test_12020,0.838826666088548
test_12021,0.9995664804848291
test_12022,0.9990449321553557
test_12023,0.0012265965356021273
test_12024,0.0017949339773765016
test_12025,0.9365351150547587
test_12026,0.0004127589989009033
test_12027,0.9994109901470435
test_12028,0.053120703804224394
test_12029,0.01910686165935003
test_12030,0.02144030582333629
test_12031,0.9999863889238599
test_12032,0.041142822729895015
test_12033,0.9999999469227964
test_12034,0.9999992665481
test_12035,0.9890690118743939
test_12036,0.00027822664534616075
test_12037,0.31791945000278143
test_12038,0.003939373152907462
test_12039,3.2569800598360208e-06
test_12040,0.9985721330118156
test_12041,0.9993604713155798
test_12042,0.0008315372003127448
test_12043,0.9996765494733288
test_12044,0.00016207339062588184
test_12045,1.4470956805678417e-06
test_12046,0.9999997227325987
test_12047,0.00019337431540110935
test_12048,0.9999873539953819
test_12049,2.0749856001778866e-05
test_12050,0.1494119329047526
test_12051,0.00022964096449034865
test_12052,0.003695234481629666
test_12053,0.0033381447683428185
test_12054,0.9937900194820144
test_12055,0.999999434796066
test_12056,0.7126113892285456
test_12057,0.5555303221643151
test_12058,0.5563496988201408
test_12059,0.9999531031733617
test_12060,0.9999939561282034
test_12061,0.0028717042812434696
test_12062,0.00011247844141795613
test_12063,0.9995787879278526
test_12064,0.9998848943969352
test_12065,0.0009439759405873846
test_12066,0.0009903907281648121
test_12067,0.999796737707369
test_12068,2.325684212965875e-05
test_12069,0.00020158857031546537
test_12070,0.003665729634676065
test_12071,0.9974565130713039
test_12072,0.9998921005575944
test_12073,0.0006247324456910946
test_12074,0.018182175219210714
test_12075,0.9999934258525789
test_12076,0.9663829135180071
test_12077,0.012407434834512438
test_12078,0.9999857831052452
test_12079,0.005916909885617378
test_12080,0.003992631823652778
test_12081,0.9999844531411716
test_12082,0.0014831071410806905
test_12083,1.0567521172634286e-05
test_12084,0.9999984559644173
test_12085,0.9984341608939601
test_12086,0.9966434449059127
test_12087,0.9999994291998072
test_12088,0.027407489733986566
test_12089,2.7888407018547038e-05
test_12090,0.010425468712018817
test_12091,0.9995674064102561
test_12092,0.994409684642016
test_12093,0.9999913088712539
test_12094,0.997528573777501
test_12095,0.978122488609586
test_12096,0.9887180173172886
test_12097,0.0024778396138613306
test_12098,0.9017177899688044
test_12099,0.00041279691828250564
test_12100,0.009842915230041818
test_12101,0.9999497422152217
test_12102,0.00033547585539972616
test_12103,8.761655102118087e-06
test_12104,0.03091423859502792
test_12105,0.00014516606848865083
test_12106,0.985695642918502
test_12107,0.9994249505622632
test_12108,0.9953642924595746
test_12109,0.0007343890944189806
test_12110,0.000165674268406641
test_12111,0.9999807256526682
test_12112,0.9999322293225192
test_12113,0.9615156814412819
test_12114,0.9997398998808263
test_12115,0.00015103714732528752
test_12116,1.763977385371087e-05
test_12117,0.00024273653166100018
test_12118,0.9999849642228109
test_12119,0.9999998660066749
test_12120,0.9997674325797626
test_12121,0.000273096283948079
test_12122,0.0004521900130137318
test_12123,0.0021093396312066187
test_12124,0.9990980954510674
test_12125,0.0005161405883092828
test_12126,0.9999834492345171
test_12127,0.9992122437058458
test_12128,0.9795714878963162
test_12129,0.024896571149819094
test_12130,0.9979815468915942
test_12131,0.9543572513992081
test_12132,0.02260628019317826
test_12133,0.999993238865204
test_12134,0.9999545056953885
test_12135,0.0009219266746897742
test_12136,0.9872141141472701
test_12137,0.8573168564831692
test_12138,0.0001258977571105047
test_12139,0.9925586677506102
test_12140,0.998360219133898
test_12141,0.00030667997484177915
test_12142,0.9644212050704317
test_12143,0.9846405466631211
test_12144,0.9884189948052433
test_12145,0.03412221228903569
test_12146,0.9999774491956431
test_12147,0.0014058735530348648
test_12148,0.013092881226411312
test_12149,0.9999972398578598
test_12150,2.4360702089831856e-06
test_12151,0.9940923628424613
test_12152,0.9381413299874034
test_12153,0.0017436661258702464
test_12154,0.9999903429569528
test_12155,0.991391143144428
test_12156,0.001986930015063755
test_12157,0.9902237092550629
test_12158,1.1584288018440643e-05
test_12159,0.9992609829661322
test_12160,0.9999653462316763
test_12161,0.9916301274822067
test_12162,0.9999279391525622
test_12163,0.16371763705006065
test_12164,0.9916149888239735
test_12165,6.852326676759671e-05
test_12166,0.9863730779639869
test_12167,0.9831535303707617
test_12168,4.831079890374121e-05
test_12169,0.9964748612257912
test_12170,0.0017188397133451523
test_12171,4.9601430076660606e-05
test_12172,0.9991319516957551
test_12173,0.999993262853101
test_12174,0.307076522553054
test_12175,0.9999209334571859
test_12176,0.026646353481712615
test_12177,0.01475820676012921
test_12178,0.1289968411802411
test_12179,0.004447635450828814
test_12180,0.9668592741323081
test_12181,0.9996907246371233
test_12182,0.9684669203819022
test_12183,0.9999357326483062
test_12184,0.001387266839269809
test_12185,0.9999808498269083
test_12186,0.9783619830071092
test_12187,0.000713454199851645
test_12188,0.0005791997426113254
test_12189,0.9799725907781535
test_12190,0.9966402073690612
test_12191,0.9999898569183377
test_12192,0.0018733454588398327
test_12193,0.00016986813050158322
test_12194,1.8995140517762062e-05
test_12195,8.196546869480257e-05
test_12196,0.0003446119506619671
test_12197,0.01058693267016916
test_12198,0.004332871117889583
test_12199,0.1339348701830034
test_12200,0.9911933968344793
test_12201,1.161955758212245e-05
test_12202,0.9999368409281207
test_12203,0.9999766515326047
test_12204,0.0037356630410098454
test_12205,0.0003283273716561544
test_12206,0.047889352859974796
test_12207,1.4361040332835298e-05
test_12208,0.9694532764866053
test_12209,0.9999509890221926
test_12210,0.07370178952554869
test_12211,0.00010257332768426353
test_12212,0.9994998570462036
test_12213,0.007011296308056839
test_12214,0.999998667171479
test_12215,0.9993168130378254
test_12216,0.6000742508925554
test_12217,0.004193650456210886
test_12218,0.2927052568939572
test_12219,6.772869199617443e-06
test_12220,0.00016070177124869448
test_12221,9.186611832101189e-05
test_12222,9.322704013200503e-06
test_12223,1.2996853420104981e-05
test_12224,0.9952839038016958
test_12225,0.0009153649285050182
test_12226,7.673544651913957e-06
test_12227,0.00012033016316662418
test_12228,0.9999974554211463
test_12229,0.0014486502663056018
test_12230,0.027660313908267856
test_12231,0.005023234373657804
test_12232,0.0026801894761952706
test_12233,0.003548692660310742
test_12234,0.9994152506107514
test_12235,0.10635128364764344
test_12236,0.014049349681252968
test_12237,0.9992389210204207
test_12238,0.9998718545931692
test_12239,0.9999840467724395
test_12240,0.17006483972525507
test_12241,0.014880516181139345
test_12242,1.1535771508469592e-05
test_12243,0.9946690923016559
test_12244,0.00011226133708071725
test_12245,0.8886473579815017
test_12246,0.9999599480738476
test_12247,2.9361959613079636e-07
test_12248,1.1877646589647626e-05
test_12249,0.0004250628365247415
test_12250,0.057296668682299434
test_12251,1.420209411383081e-06
test_12252,0.013595775978705104
test_12253,0.631347398713671
test_12254,0.9931404270608499
test_12255,0.0581722626727646
test_12256,0.03715896112766891
test_12257,0.10254869308410024
test_12258,4.470583115429765e-05
test_12259,0.9937763543519712
test_12260,0.998963730961399
test_12261,0.9999348236620477
test_12262,0.03299031591581651
test_12263,0.34629038666772755
test_12264,0.011468677824091285
test_12265,0.0013875920393959117
test_12266,0.3564529300550374
test_12267,0.008803349644688109
test_12268,2.0031227096773158e-05
test_12269,0.9999803607920436
test_12270,0.0024550116229037347
test_12271,0.050186206288398406
test_12272,0.9974653037157589
test_12273,0.023163190797502488
test_12274,0.9831091915974494
test_12275,2.5388909056225296e-05
test_12276,0.47248244800412664
test_12277,0.6949507487181725
test_12278,9.069586364029231e-05
test_12279,0.9984278105299222
test_12280,0.9695070361504304
test_12281,0.0034479580779525174
test_12282,0.002990812767869557
test_12283,0.9045459819152419
test_12284,0.0003149942533735173
test_12285,0.15281626858745415
test_12286,0.06682347133426145
test_12287,0.9944475743847062
test_12288,0.999981376195215
test_12289,1.2978222870737774e-06
test_12290,7.890057760625832e-05
test_12291,0.4618761740390108
test_12292,0.08382425373686767
test_12293,0.9516969757253224
test_12294,0.016954669075185492
test_12295,0.9854012179695314
test_12296,0.9751175010971717
test_12297,0.0003258807788084956
test_12298,0.0047538112365011756
test_12299,0.7451040084366516
test_12300,0.0064322477766955355
test_12301,0.9798955556127845
test_12302,0.03054385579999739
test_12303,2.476478918760615e-05
test_12304,0.999628892708791
test_12305,8.021011517159844e-07
test_12306,0.9945152812225335
test_12307,0.9997449709824809
test_12308,0.061344280388600694
test_12309,0.9966551128967055
test_12310,0.0004998026990597896
test_12311,0.9950842682948546
test_12312,0.9999536678548727
test_12313,0.008270060239746451
test_12314,0.9999781654045066
test_12315,1.3522927821788434e-05
test_12316,0.0011343311630729208
test_12317,1.6407913002244906e-06
test_12318,9.582807904682156e-05
test_12319,0.7529526199995974
test_12320,0.9999834912575969
test_12321,0.999407638717808
test_12322,0.018747738880721242
test_12323,0.002209561634304139
test_12324,0.0008008731272151676
test_12325,0.9995476543821488
test_12326,0.9994054531701333
test_12327,0.9999982838223965
test_12328,1.8773739939875966e-06
test_12329,0.043449896653465804
test_12330,0.9995716305993544
test_12331,1.2655273780929125e-06
test_12332,0.9964599373981675
test_12333,0.004386314603958137
test_12334,2.4351464261837187e-05
test_12335,0.997196214142975
test_12336,0.0027538119953891007
test_12337,0.22320595530050663
test_12338,0.0007309703020441625
test_12339,0.9995557659310942
test_12340,0.6024879752806209
test_12341,0.03834878963979478
test_12342,0.00011209403082335831
test_12343,2.278548589580135e-06
test_12344,0.9662761173165754
test_12345,0.9989928748643316
test_12346,0.9999987936193045
test_12347,0.9990714387924338
test_12348,0.0014170077554509703
test_12349,0.9512402333333941
test_12350,0.0009169025134722491
test_12351,0.00031740759866141685
test_12352,0.9990401649614086
test_12353,0.9979385181204486
test_12354,0.4490763201733887
test_12355,0.00010577199174788431
test_12356,0.843390459506572
test_12357,0.9998968645405687
test_12358,0.0035537398151023547
test_12359,0.9998987615179098
test_12360,0.0015107109235192866
test_12361,0.9997207108400452
test_12362,0.07058166162983293
test_12363,0.0035258752862034224
test_12364,0.00019635110903989096
test_12365,0.9999869923148622
test_12366,0.36471080466295713
test_12367,0.0027135882280652844
test_12368,0.9999823744768487
test_12369,0.9905872338250357
test_12370,0.0006007069467991989
test_12371,0.9976768778653011
test_12372,0.9999912014305304
test_12373,0.9944622576169794
test_12374,0.00012109990643389095
test_12375,0.9999105488962081
test_12376,0.006034253707764843
test_12377,0.00033368568239334156
test_12378,4.044987307423023e-05
test_12379,1.2779518663040427e-07
test_12380,2.410782157322158e-05
test_12381,0.532198238293593
test_12382,0.0004355931964097456
test_12383,8.171048865333745e-05
test_12384,0.9998296604558007
test_12385,0.00021593532297978715
test_12386,0.9821690393515263
test_12387,0.9999972136221223
test_12388,9.108739072790181e-06
test_12389,0.03929071814413483
test_12390,0.0030347894710025178
test_12391,0.9994285772197559
test_12392,5.19594782285763e-06
test_12393,0.0036733372264823143
test_12394,0.11177098461538412
test_12395,0.9994886358719494
test_12396,0.006239018123014393
test_12397,3.1140570878389364e-05
test_12398,0.004061623672135843
test_12399,7.713796135939629e-07
test_12400,0.9999995358859131
test_12401,0.0007717658406336512
test_12402,0.0009517612226192018
test_12403,0.993020014735038
test_12404,1.2316396569282134e-07
test_12405,0.004798967553049475
test_12406,0.994267813889644
test_12407,0.9998682042343459
test_12408,0.9999976271302843
test_12409,0.9927781238414771
test_12410,3.1740724206224616e-05
test_12411,0.9994951533569559
test_12412,0.9999550919564004
test_12413,0.013127551301415836
test_12414,6.745495014555494e-06
test_12415,0.6700600704398632
test_12416,0.5350128502931228
test_12417,0.5002913446861128
test_12418,0.9999963478376538
test_12419,0.852424570357099
test_12420,0.999925580649678
test_12421,1.2547026839031588e-05
test_12422,0.9999866780691458
test_12423,0.006329777986040429
test_12424,0.08171929709278569
test_12425,0.05378024785576243
test_12426,0.9951093506693501
test_12427,0.3925922583558213
test_12428,0.9934680687078337
test_12429,0.9951417599986158
test_12430,0.9998738621636786
test_12431,0.999885518094464
test_12432,0.9873431693465363
test_12433,0.5123512460031505
test_12434,0.9998062675106335
test_12435,0.043875269884952835
test_12436,0.11642773340730599
test_12437,0.000517637043442242
test_12438,0.00027984477955329725
test_12439,0.0002653928886693856
test_12440,0.8448933849915721
test_12441,0.9999950973234122
test_12442,0.9993868299371845
test_12443,0.0004977234449402376
test_12444,0.013759394450579266
test_12445,0.9947396945307527
test_12446,0.12650570865167315
test_12447,3.871129216209694e-05
test_12448,2.3200396265000988e-05
test_12449,0.7823536813614619
test_12450,0.9988610653284434
test_12451,0.9998760429149972
test_12452,0.5754966558169078
test_12453,0.9987949825116592
test_12454,0.6370309613617131
test_12455,0.000900545550744837
test_12456,0.00020591042072600223
test_12457,0.00010641300801086646
test_12458,0.9958121350890539
test_12459,0.9888483451619545
test_12460,0.0002672104778261673
test_12461,0.9999857991897639
test_12462,0.022762159821028194
test_12463,0.12809518221935676
test_12464,0.0002277415804861738
test_12465,0.9999878143861589
test_12466,3.453895668510107e-05
test_12467,0.9998302463115496
test_12468,0.005073197978774409
test_12469,0.0005454436579687172
test_12470,0.9999445525560642
test_12471,0.6365435268556245
test_12472,2.7516073975976335e-06
test_12473,0.29677475545365856
test_12474,0.0002256014585034585
test_12475,0.005211394496091946
test_12476,0.9992960153438963
test_12477,0.0008696239456672026
test_12478,0.9999897595153313
test_12479,3.1554330640454194e-05
test_12480,1.6382269500425004e-05
test_12481,1.0283873125657373e-05
test_12482,0.996552723879888
test_12483,0.0006884837998945919
test_12484,0.9999893389176732
test_12485,1.1869852637123285e-06
test_12486,0.00014406584515259626
test_12487,0.018480488909538156
test_12488,1.2030367403082196e-05
test_12489,0.9999630434278045
test_12490,0.01213645424756631
test_12491,0.005544053672583245
test_12492,0.9864719327952097
test_12493,0.999782921964744
test_12494,0.9997910924189574
test_12495,9.449446227077423e-06
test_12496,0.5734305465627437
test_12497,0.0001123136963534133
test_12498,0.8679280981486448
test_12499,0.9915741849018684
test_12500,0.9999005402996382
test_12501,0.9999285226076832
test_12502,5.6840099870915504e-08
test_12503,0.9999603233821757
test_12504,0.9999940459660448
test_12505,0.030427892433857084
test_12506,0.9999756530568251
test_12507,0.9359659483146946
test_12508,0.9998418349898479
test_12509,0.00011043027060100296
test_12510,0.9411494540442988
test_12511,0.0008585991185213225
test_12512,0.013367085609827713
test_12513,0.024126163678702472
test_12514,0.9976337608360646
test_12515,0.020167853407225773
test_12516,0.9990437610422668
test_12517,0.0014520372898749847
test_12518,0.00010729169752625949
test_12519,0.00212334182749542
test_12520,3.4990292166527223e-06
test_12521,0.00015262049607128042
test_12522,0.003907435000655572
test_12523,4.5722477857122186e-05
test_12524,0.999862252551551
test_12525,0.00012331185381820147
test_12526,0.9999767906163812
test_12527,9.534333144574656e-06
test_12528,1.2170111667272483e-06
test_12529,0.001582377926586111
test_12530,0.9984106709582242
test_12531,0.0019131599324550544
test_12532,0.004329231559405261
test_12533,0.9949272723436852
test_12534,0.998885638745789
test_12535,0.9995320491166844
test_12536,0.00010876639154353876
test_12537,0.4190768814807257
test_12538,0.999971313802241
test_12539,0.0004331562356785729
test_12540,0.006760735459432703
test_12541,0.06442460458841555
test_12542,3.884632866033697e-05
test_12543,0.004465418130621796
test_12544,0.003279711862958209
test_12545,0.9995653441004533
test_12546,0.0006254190809980561
test_12547,6.386873107072283e-06
test_12548,0.40039358221765303
test_12549,0.9990108581187059
test_12550,0.9989014961938779
test_12551,0.23745377303235618
test_12552,0.9987124552066405
test_12553,0.9085728989127863
test_12554,1.1399255614405272e-05
test_12555,0.9999950030881558
test_12556,0.0013448869237527418
test_12557,0.4994579397167047
test_12558,1.716802084723106e-05
test_12559,0.9998608449721336
test_12560,0.9997400810534322
test_12561,0.9999824480133025
test_12562,0.014379586639388153
test_12563,0.9985301472644011
test_12564,0.0027333402279424283
test_12565,0.0006268911578547915
test_12566,0.9999906196382193
test_12567,0.0025412547174365444
test_12568,3.3515418464812925e-05
test_12569,0.9997779936417887
test_12570,0.9969407566408099
test_12571,4.53300051116002e-05
test_12572,0.9831305851102191
test_12573,8.677978919221502e-07
test_12574,0.034805025295788695
test_12575,4.034944664882838e-06
test_12576,0.5367200719397028
test_12577,0.0766624326901153
test_12578,0.0330275881775418
test_12579,0.999828465331547
test_12580,2.2952610794307384e-05
test_12581,0.3881663091522495
test_12582,7.908708466207952e-05
test_12583,0.9994128483907753
test_12584,0.9137165091581817
test_12585,0.9998054047250194
test_12586,0.3048866842994904
test_12587,0.8364102338547265
test_12588,2.684341340197037e-06
test_12589,6.354899758524409e-05
test_12590,0.931072395951055
test_12591,0.988616005567869
test_12592,0.0003543197067514272
test_12593,5.6560004529358375e-05
test_12594,0.323023731481974
test_12595,0.9954328000772903
test_12596,2.2019648477289164e-05
test_12597,0.9294541052904686
test_12598,0.0010808276608490533
test_12599,0.0013342418151527284
test_12600,0.9985039041914892
test_12601,0.9940466015935557
test_12602,0.2944127040963937
test_12603,0.9995724015119929
test_12604,0.00018512990030398687
test_12605,0.007101809315529595
test_12606,0.9989992588647363
test_12607,7.662525934145843e-05
test_12608,0.9968886917061496
test_12609,0.6101409242340601
test_12610,0.012457821780643375
test_12611,0.00014656106030369866
test_12612,0.0032533850372827885
test_12613,0.980576171422343
test_12614,0.9654572449932777
test_12615,0.19368357331740843
test_12616,0.0010275265281582504
test_12617,6.977136882958225e-08
test_12618,0.0073710174517341125
test_12619,0.9658198239998658
test_12620,0.994665408994623
test_12621,0.003733496285412707
test_12622,3.851829788742177e-05
test_12623,0.9907555155817255
test_12624,0.9999589601198553
test_12625,2.0749195318779107e-06
test_12626,1.2539260092982475e-05
test_12627,0.000236128661682154
test_12628,8.430932973195738e-05
test_12629,0.9999880631239613
test_12630,6.754474577122478e-06
test_12631,0.9999994786189316
test_12632,0.441088438623427
test_12633,0.000617488273555027
test_12634,0.0012122158164230722
test_12635,0.00011750334920587218
test_12636,0.999293668228642
test_12637,0.9862480624950836
test_12638,7.77882924538789e-07
test_12639,0.9990016263441329
test_12640,0.04014587950920364
test_12641,0.006410795190761382
test_12642,0.4638030608385384
test_12643,0.9999969151629203
test_12644,3.334563648995125e-05
test_12645,0.9999996082154233
test_12646,0.999769201989087
test_12647,0.0001422398042020437
test_12648,0.0009130939827411235
test_12649,1.7437713823852355e-05
test_12650,0.9999956441225701
test_12651,0.9993017466673177
test_12652,5.1876708681362847e-08
test_12653,0.9392225548047327
test_12654,0.00291686469864852
test_12655,0.9999791143293437
test_12656,0.9926627447659371
test_12657,0.9995430045515593
test_12658,0.9999350800684839
test_12659,0.0002011237163300471
test_12660,0.028042160363829567
test_12661,0.9998781209180743
test_12662,0.994229962682617
test_12663,0.00028270656056847
test_12664,0.0005914269958913758
test_12665,0.9340012827590584
test_12666,0.08812353199998395
test_12667,0.3766262457697859
test_12668,0.015059897248191014
test_12669,0.003137895304056345
test_12670,0.9994524542162417
test_12671,0.7075805254163353
test_12672,3.127064237424219e-06
test_12673,3.1011865754082145e-05
test_12674,0.1494660114555407
test_12675,0.31489496911428844
test_12676,0.9999614859130124
test_12677,0.9758863129958965
test_12678,0.0015542438771095153
test_12679,0.9973259256872977
test_12680,0.9954140731713705
test_12681,0.1261133005612926
test_12682,0.9998639047829913
test_12683,0.0038315356908220953
test_12684,0.9997879680514276
test_12685,9.540372084377486e-06
test_12686,0.9997651586636964
test_12687,0.9997995170905599
test_12688,0.9997486284571807
test_12689,0.8549878540240987
test_12690,0.047881632538555784
test_12691,0.9996748179736741
test_12692,0.9844303418478385
test_12693,0.971909742380931
test_12694,0.0007994932951785937
test_12695,3.4944028528259564e-06
test_12696,0.5719521109876232
test_12697,3.537945618549164e-05
test_12698,0.9738303672823747
test_12699,0.42845295272571227
test_12700,0.0028583501608116665
test_12701,0.9584765503180099
test_12702,3.1138911684292756e-05
test_12703,0.0001297401746962698
test_12704,0.9999900050870935
test_12705,0.9999993740980954
test_12706,0.0053431523003014455
test_12707,0.9994597611101699
test_12708,0.995676358488402
test_12709,0.999992491300879
test_12710,0.011111211611855307
test_12711,0.9789532117101832
test_12712,0.9994620408574297
test_12713,0.0017026797130414314
test_12714,0.0008556583944056578
test_12715,0.013032878305071076
test_12716,1.816408981026102e-08
test_12717,0.0003207234065712585
test_12718,0.00013498260148040543
test_12719,0.9403938692999687
test_12720,0.9998263106538205
test_12721,0.9982832851095368
test_12722,0.9996042302986156
test_12723,3.4793366946348135e-05
test_12724,3.0405500060173995e-05
test_12725,0.9881759290644442
test_12726,0.9234752295431519
test_12727,0.7073759178911659
test_12728,0.6950919159373423
test_12729,0.9858924157700782
test_12730,2.1974506065680833e-05
test_12731,0.9999520913540321
test_12732,0.09879078528944249
test_12733,0.9993032917843094
test_12734,0.9998443175435971
test_12735,0.9993870367367759
test_12736,0.9938773253793531
test_12737,0.9998431981586178
test_12738,0.043513759989095666
test_12739,0.9996804632717883
test_12740,0.0018152027602321085
test_12741,1.2221934236496322e-05
test_12742,0.005279240030236496
test_12743,0.0009007732573620666
test_12744,4.746186433655038e-06
test_12745,0.21769178467988765
test_12746,0.9989807445844096
test_12747,0.9993196728358889
test_12748,0.13204880968908983
test_12749,0.0006096552383963842
test_12750,1.76505933451781e-06
test_12751,0.006437171283929601
test_12752,0.9985889720799088
test_12753,0.0002435149329576862
test_12754,0.0001433152718312481
test_12755,0.9913892588051286
test_12756,0.9999310956136931
test_12757,0.9765398285582565
test_12758,0.0034915858768277664
test_12759,4.3140949658077915e-07
test_12760,0.852797550045218
test_12761,0.9594384798102902
test_12762,3.802679751401551e-05
test_12763,0.9956859395670382
test_12764,3.4689126750088605e-08
test_12765,0.9977937536845785
test_12766,1.3834430587776899e-05
test_12767,6.999415765941991e-06
test_12768,0.9999918375703383
test_12769,0.9999938607832822
test_12770,0.000704832206319379
test_12771,3.1933846065282255e-06
test_12772,0.43095140346855243
test_12773,0.9999943041912408
test_12774,4.762870697383098e-06
test_12775,0.9999952425937133
test_12776,0.00023173633725701864
test_12777,1.2985378759360012e-05
test_12778,0.9983791669323627
test_12779,0.007929097910086875
test_12780,0.999984752424144
test_12781,0.9999900540842237
test_12782,1.1382249772910995e-05
test_12783,0.9999835178667386
test_12784,0.017093965619301685
test_12785,0.994190766871738
test_12786,0.6622570548090267
test_12787,0.9999709877339875
test_12788,0.0005789317132283743
test_12789,0.9999330430604496
test_12790,6.801738070126142e-05
test_12791,0.01455237660301331
test_12792,1.425394375161559e-05
test_12793,0.9960208374783268
test_12794,0.0022664665102563155
test_12795,0.9999747360094765
test_12796,0.9995600393018801
test_12797,0.9999872031375819
test_12798,0.9930167194128333
test_12799,7.724499079066337e-07
test_12800,0.22605602818323328
test_12801,0.12208435911313609
test_12802,9.902715018150585e-05
test_12803,0.999883038098606
test_12804,0.9999996919553392
test_12805,0.004037002734532469
test_12806,0.21159506724715452
test_12807,0.9995466582212186
test_12808,4.552491089971674e-05
test_12809,0.9999952337011345
test_12810,0.0006995018926880406
test_12811,0.9624251191510671
test_12812,0.9966406218813667
test_12813,0.9749629382916752
test_12814,0.003002115440949712
test_12815,0.014042202686506515
test_12816,0.0231375204204544
test_12817,6.646405479233217e-06
test_12818,2.1904320678118735e-07
test_12819,1.1682866730239532e-06
test_12820,0.9998468734929786
test_12821,0.0869816354708547
test_12822,0.9629030452971081
test_12823,0.9999989885952607
test_12824,0.00023421122485862468
test_12825,0.09335220471556527
test_12826,0.469541458896584
test_12827,4.7432273575771855e-05
test_12828,0.9384210642137895
test_12829,0.9638802061160252
test_12830,7.990452873573525e-05
test_12831,0.0004285409064139081
test_12832,0.9999981705779081
test_12833,1.8274977740024507e-06
test_12834,0.999949905621015
test_12835,0.9999608186257093
test_12836,0.9259670374715819
test_12837,0.9964828183281681
test_12838,0.9999682537375798
test_12839,6.489298872420411e-05
test_12840,0.0004660390745464291
test_12841,9.131230185006098e-07
test_12842,2.1762430259285536e-05
test_12843,0.9999999185372497
test_12844,0.9607494848482317
test_12845,0.00011611845238729864
test_12846,0.0012159096875581433
test_12847,0.5164166809100378
test_12848,0.9831009044384762
test_12849,2.41749776420045e-06
test_12850,0.991208728138356
test_12851,0.006629488200086379
test_12852,0.002780892743952721
test_12853,0.9985169514386065
test_12854,0.06206601654016885
test_12855,0.0004920344062102703
test_12856,0.9998829597193654
test_12857,0.9992552123415946
test_12858,9.841312430726568e-06
test_12859,0.9982636860152249
test_12860,0.9966425857831736
test_12861,0.004273050167339429
test_12862,1.790352443412459e-05
test_12863,2.6786146363174832e-05
test_12864,0.0004294058692725612
test_12865,0.9999639054113015
test_12866,0.5865052672700243
test_12867,0.9940655602367335
test_12868,0.8624469172301555
test_12869,8.43694668673709e-07
test_12870,0.9999964882989636
test_12871,0.3615333338610189
test_12872,0.9998286758259487
test_12873,0.9997008391505185
test_12874,0.9999830732359278
test_12875,0.0005607194458009029
test_12876,4.211466831744e-05
test_12877,0.0008105168862091433
test_12878,0.9997637056093155
test_12879,0.9994305521411118
test_12880,0.0018557850523739333
test_12881,2.147034833762778e-10
test_12882,0.9999909289115095
test_12883,0.0028503405144436698
test_12884,0.01121457757018166
test_12885,5.139944566121464e-06
test_12886,0.3664025690165748
test_12887,0.07691698762540408
test_12888,0.08157437511604512
test_12889,0.0002567913370494929
test_12890,0.999999434699816
test_12891,0.0019918210002279105
test_12892,0.0014066953695838907
test_12893,0.9997188182090099
test_12894,0.00016396471534745947
test_12895,0.9974505666562009
test_12896,0.8309205470791775
test_12897,0.9995314059646278
test_12898,0.02734174706512425
test_12899,0.0017325722652268556
test_12900,0.9998645812571683
test_12901,0.9856370662191136
test_12902,0.9998371288630412
test_12903,0.7673355895666157
test_12904,0.891686988135682
test_12905,0.9999986002151297
test_12906,0.0005286002648056533
test_12907,0.00035182345446023336
test_12908,0.9998535686500639
test_12909,0.9993778487074905
test_12910,0.00022731715675839356
test_12911,0.9999931410348206
test_12912,0.9999993339143216
test_12913,5.15812994547213e-07
test_12914,4.44727149535603e-06
test_12915,0.017520978960220875
test_12916,0.9999956167728902
test_12917,0.9963192076628371
test_12918,1.5574912916500506e-05
test_12919,0.9851406282520615
test_12920,0.9999984575410426
test_12921,4.9993897731367604e-05
test_12922,0.0007200003432216884
test_12923,0.9985574910955171
test_12924,0.9877365487463218
test_12925,0.9975416194450251
test_12926,0.9999192166396998
test_12927,0.00047687832300257046
test_12928,0.0005541480296494764
test_12929,0.9999160390975356
test_12930,0.9998197541418917
test_12931,0.03566108667428044
test_12932,2.5254545618141108e-05
test_12933,0.9999953282901717
test_12934,0.9918845659570499
test_12935,0.002160831636093211
test_12936,0.8596526628119963
test_12937,0.31344839464889684
test_12938,0.08319137029465938
test_12939,0.9983316054971099
test_12940,0.9991399661126035
test_12941,0.6989613950470269
test_12942,0.01413504128645115
test_12943,0.00017929816692921724
test_12944,0.9999506370175557
test_12945,0.0011101536724854898
test_12946,0.9999998533020393
test_12947,0.9996133775413696
test_12948,0.007673929904143059
test_12949,2.520795093424245e-06
test_12950,0.8528251785899148
test_12951,0.05321191865312224
test_12952,0.9383766892434737
test_12953,0.9999977189290025
test_12954,0.000709842671491116
test_12955,0.03188914243341055
test_12956,0.9997619865295533
test_12957,0.4954099050054
test_12958,1.3788224486348566e-05
test_12959,0.14347756075347032
test_12960,0.9749761689470728
test_12961,0.010207735740433576
test_12962,0.006486465907497445
test_12963,0.9999972208033993
test_12964,0.00018068391445647368
test_12965,0.278717632041821
test_12966,0.9925620972364393
test_12967,0.000239682720589078
test_12968,0.0021491614451833343
test_12969,0.9489084206938451
test_12970,0.31591606154246443
test_12971,0.00019992923885405768
test_12972,0.014626452218843655
test_12973,8.58176369176886e-06
test_12974,0.0031603658509090694
test_12975,0.026049497159613858
test_12976,0.000499632359515718
test_12977,8.967659309283508e-06
test_12978,0.9830485221655338
test_12979,0.0014896592930504135
test_12980,0.00011951761157405271
test_12981,0.9898887030059412
test_12982,0.9997985741155855
test_12983,0.44646195999743427
test_12984,0.8217387433187247
test_12985,0.9982233686238422
test_12986,0.9996710797710819
test_12987,0.9956706374196233
test_12988,0.00023322349769251016
test_12989,0.9687773409753965
test_12990,0.9959511388142508
test_12991,0.003485934794553265
test_12992,0.014875079398547509
test_12993,0.9995879952379025
test_12994,0.00581764854670181
test_12995,0.9985320415413521
test_12996,0.999361891118649
test_12997,7.697345659124181e-05
test_12998,0.9999979543322127
test_12999,0.8983634635348435
test_13000,0.00877574478644629
test_13001,0.9999999077648055
test_13002,2.622674332384656e-05
test_13003,0.9999999899563304
test_13004,0.0015484115987146143
test_13005,0.6785369061787228
test_13006,0.0034394494708367587
test_13007,7.637765355868001e-05
test_13008,0.07913675044400231
test_13009,0.9999886116073378
test_13010,0.011907721895248094
test_13011,0.36139352556778254
test_13012,0.7763384565117393
test_13013,0.9999973526026998
test_13014,0.0010593144207792754
test_13015,0.9998853791695053
test_13016,1.7659105888006154e-07
test_13017,0.9717254779026664
test_13018,8.197246226777424e-06
test_13019,0.9998462557972856
test_13020,0.00020435608349759043
test_13021,0.20830854956375583
test_13022,0.009319626123750993
test_13023,0.6816279681444863
test_13024,0.9998798715869011
test_13025,0.9999588105481922
test_13026,0.9254787434513286
test_13027,0.9949623313781264
test_13028,0.6170119057774948
test_13029,0.8829581767719449
test_13030,0.0007117715291837879
test_13031,0.9057650270057194
test_13032,0.9965001567106267
test_13033,0.0010725743855480474
test_13034,0.9989128886953423
test_13035,0.02311602933811512
test_13036,0.6828412462579916
test_13037,0.9999994987372279
test_13038,0.9805587728919294
test_13039,0.9998443541626271
test_13040,0.9833642063025028
test_13041,0.9996290215922037
test_13042,0.970711747797225
test_13043,0.9881203509353922
test_13044,0.9974602363733026
test_13045,7.402687508597192e-06
test_13046,0.9995504548663207
test_13047,0.0006122483588402529
test_13048,1.0512531575794344e-05
test_13049,0.9996637849765024
test_13050,7.168538686396839e-06
test_13051,5.171236863573728e-05
test_13052,0.9996379711148876
test_13053,0.999837840681417
test_13054,3.0261894191029886e-05
test_13055,0.0017563005938344034
test_13056,0.9968956184979487
test_13057,0.00010124423990143096
test_13058,2.9845289497567106e-05
test_13059,0.9656695475881141
test_13060,0.9953127214857311
test_13061,0.9999326813629872
test_13062,0.9999993334402502
test_13063,0.0030992112851908156
test_13064,0.00015485354229712253
test_13065,0.9999875290192944
test_13066,0.6805710018979345
test_13067,0.0022705314643811023
test_13068,0.9974423709027592
test_13069,0.9998517201230078
test_13070,0.9947685636732365
test_13071,0.001055649856828725
test_13072,8.184939439366046e-06
test_13073,0.6683545097762512
test_13074,0.9995550338940788
test_13075,0.9939083697194062
test_13076,0.0172554610780729
test_13077,0.6491059827890272
test_13078,0.9574332924201003
test_13079,0.9977085290466737
test_13080,0.0009696688448647264
test_13081,0.014138728886060464
test_13082,0.9986454981295234
test_13083,0.8875979606980647
test_13084,0.9976548128185456
test_13085,0.9999575948037137
test_13086,0.987017393026865
test_13087,0.0005114767363763812
test_13088,0.9983128848985073
test_13089,0.0439405634281544
test_13090,4.0855149987859495e-05
test_13091,0.0005790292397638005
test_13092,0.9999629892456519
test_13093,2.8273905219879763e-06
test_13094,0.9994511361189022
test_13095,0.8578711673975499
test_13096,9.693080097715455e-07
test_13097,2.5711944376255705e-05
test_13098,0.0004302716271549228
test_13099,0.0008896942283410232
test_13100,0.00016706312695448803
test_13101,0.06616742414939768
test_13102,0.031637598162374374
test_13103,4.1617563802956997e-05
test_13104,4.6855233978527436e-07
test_13105,0.9998459621272116
test_13106,0.9843742058865048
test_13107,0.9919464703476002
test_13108,0.9952521958693058
test_13109,3.6888836167518604e-05
test_13110,0.9998850488675182
test_13111,0.8702217904616132
test_13112,0.9991802477718084
test_13113,0.07768433216995253
test_13114,0.028748594058158047
test_13115,0.7023133446369803
test_13116,0.8187185775673991
test_13117,0.006432628841776985
test_13118,0.0055627167331641445
test_13119,0.000742048164213651
test_13120,0.0056450637151452075
test_13121,0.04639499007457435
test_13122,6.287590202675219e-07
test_13123,0.000579553264407849
test_13124,0.988880721785952
test_13125,0.9999524493420748
test_13126,0.011089940079464804
test_13127,0.9999536135575176
test_13128,0.9813789168769874
test_13129,0.06478052870189131
test_13130,0.9999877806253615
test_13131,0.0003045442481267065
test_13132,0.9743655595158434
test_13133,0.0007514735837052974
test_13134,0.00030730304696310385
test_13135,1.4147870938048454e-05
test_13136,0.014307988800880847
test_13137,0.9998137244509915
test_13138,0.9981681372093172
test_13139,0.00047549155661512604
test_13140,0.0002655996288775345
test_13141,0.998264874380123
test_13142,7.286384947050118e-05
test_13143,0.998013474005217
test_13144,1.3933378832295417e-05
test_13145,0.0017832953215656995
test_13146,0.999995504457082
test_13147,0.9999288466434012
test_13148,0.00041690354145994257
test_13149,0.00016620564508256045
test_13150,0.005774907686067542
test_13151,0.9999836727377678
test_13152,0.004683530871151772
test_13153,0.9934084322706778
test_13154,0.0017547547886967915
test_13155,0.9999999779164983
test_13156,0.0005287392162116108
test_13157,0.5935424203235191
test_13158,0.022298017479368368
test_13159,0.999985499425753
test_13160,0.8303930790235617
test_13161,0.001957676199840586
test_13162,0.5541107560449893
test_13163,0.9999992252674772
test_13164,0.004145132185367609
test_13165,0.17657176423337342
test_13166,0.00021280893296238108
test_13167,0.5929361038221166
test_13168,0.05169459872246091
test_13169,0.0028499716530660246
test_13170,0.000284830812982021
test_13171,0.007102940845246233
test_13172,0.9999570551138308
test_13173,0.0003068399553447923
test_13174,0.9988470068823888
test_13175,0.00024103093184616565
test_13176,0.0249979275581658
test_13177,0.008058317596248175
test_13178,0.0001884031351293401
test_13179,4.914980526991357e-05
test_13180,0.9995762777067553
test_13181,0.002347759816014406
test_13182,0.9631017405891302
test_13183,0.9999989453574185
test_13184,0.00035501470221085886
test_13185,0.9999970667804188
test_13186,0.9960642753042102
test_13187,0.999229564516384
test_13188,1.8771194098026097e-05
test_13189,0.026299566942791407
test_13190,0.0011080915870889448
test_13191,1.0758712509716247e-05
test_13192,0.9999977772071639
test_13193,0.0015609913099100393
test_13194,0.9990093440910225
test_13195,0.0006413812911744128
test_13196,0.9999993963216312
test_13197,1.7532661552130928e-05
test_13198,0.009338951621645473
test_13199,0.47575213803002275
test_13200,0.0012005495196466774
test_13201,0.0021297564517231593
test_13202,0.968472802113541
test_13203,0.9999706837267274
test_13204,0.04856104225504759
test_13205,0.0038861371839618995
test_13206,4.529693076133864e-08
test_13207,0.9978734196692214
test_13208,1.8903341205568372e-05
test_13209,0.007924138770455667
test_13210,0.9999870736012135
test_13211,0.5536432202831442
test_13212,0.9999819925756294
test_13213,2.9130252793265224e-05
test_13214,1.7595244599083274e-06
test_13215,0.05912477872735408
test_13216,0.9999699013549286
test_13217,0.999945419799037
test_13218,0.999998035804412
test_13219,0.0003406870391982868
test_13220,0.9994434991012687
test_13221,0.010679145394688805
test_13222,0.994398221912042
test_13223,0.02379667989833598
test_13224,0.9990033405155504
test_13225,0.010473974240450282
test_13226,0.9996746297732098
test_13227,0.9999245113928867
test_13228,0.0030317424598653425
test_13229,0.00020361586940760505
test_13230,0.000330372314682581
test_13231,0.995638770570713
test_13232,0.999659096157848
test_13233,2.3619033416369696e-06
test_13234,0.9997131817335514
test_13235,0.0005079957632413063
test_13236,0.08282951506954009
test_13237,3.447085843972017e-05
test_13238,0.9998762329617809
test_13239,0.9593236989253866
test_13240,9.305539313628882e-05
test_13241,6.070911826689088e-05
test_13242,0.00017051902094444336
test_13243,0.9999699832743524
test_13244,0.9975180419974121
test_13245,0.07489188904685126
test_13246,0.9765370366457032
test_13247,0.9999771374741642
test_13248,0.9800941564014657
test_13249,0.06800117631387564
test_13250,0.9999426197791389
test_13251,0.0033404457730227583
test_13252,0.05907585385663686
test_13253,0.007315634698506558
test_13254,0.0025660075324981184
test_13255,0.9902623012937448
test_13256,8.65904234961456e-06
test_13257,0.00013962327228977752
test_13258,0.9713361902836293
test_13259,0.9999948399921341
test_13260,6.692755333617483e-05
test_13261,0.00022598018226001887
test_13262,3.3643951449569734e-05
test_13263,0.00023674457796134517
test_13264,0.9794109930751971
test_13265,0.9994653613455924
test_13266,0.9999492327984476
test_13267,0.22379455455307246
test_13268,0.24260762007533224
test_13269,1.1973775843505301e-06
test_13270,3.772958039600016e-05
test_13271,1.0261365514100947e-05
test_13272,3.484638483035366e-05
test_13273,0.9999986449034255
test_13274,0.002644790820703756
test_13275,0.024650774156815138
test_13276,0.0004581084669135457
test_13277,0.0013925475616537806
test_13278,0.01701112179314867
test_13279,0.0033727511901687594
test_13280,0.0039498571975558365
test_13281,0.983367522185354
test_13282,1.220978211533839e-06
test_13283,0.7658243644495907
test_13284,0.9853134215084173
test_13285,7.155497009219732e-06
test_13286,0.9371109289323367
test_13287,0.00020448065703852268
test_13288,0.999045617692747
test_13289,9.058735076229907e-06
test_13290,0.9993329857253739
test_13291,0.9998909091851514
test_13292,0.9998274691244525
test_13293,0.9999125509307686
test_13294,0.8572598456725907
test_13295,0.9999626655717989
test_13296,0.9998723458848643
test_13297,0.0014521576266199204
test_13298,0.9276944104459711
test_13299,0.9996307145714072
test_13300,0.14261163695373932
test_13301,0.9999764866628368
test_13302,0.9998921118535007
test_13303,3.5544391870880742e-06
test_13304,0.9941896234107104
test_13305,0.8052734974046799
test_13306,8.912443555711595e-06
test_13307,0.001247674893241263
test_13308,0.999789570659365
test_13309,0.9999771264056965
test_13310,0.9999820806207725
test_13311,0.9832456223966287
test_13312,0.002838172107116452
test_13313,0.6118851720151384
test_13314,0.9996025115402992
test_13315,0.9999977153488457
test_13316,0.34397403980600727
test_13317,0.9995860662493643
test_13318,0.0010371613926467888
test_13319,0.9960586786968972
test_13320,0.00047819860279740687
test_13321,0.03313126967949644
test_13322,0.0007607041104037022
test_13323,0.9999998071897162
test_13324,0.005553217537679369
test_13325,4.909733105645845e-06
test_13326,0.009438179162411802
test_13327,0.9944186825749733
test_13328,1.189328283730944e-05
test_13329,0.0001698620367375818
test_13330,0.0003716319010174937
test_13331,0.023036430426997524
test_13332,5.670630791729718e-07
test_13333,0.9999134407824068
test_13334,0.02577052070462634
test_13335,0.00013509942097033787
test_13336,0.004079021008457951
test_13337,0.9999838843327282
test_13338,0.16072864744934284
test_13339,0.7039300399218468
test_13340,0.0032282066618745673
test_13341,0.9999508795675103
test_13342,0.05784549478472555
test_13343,0.9982356534280186
test_13344,0.999650564569515
test_13345,0.9972100228961741
test_13346,0.5597173831646408
test_13347,0.0013356066083576705
test_13348,0.0005119597636256975
test_13349,5.046453914637439e-05
test_13350,4.1476531346657585e-05
test_13351,0.9992083559856
test_13352,0.0003128917273410974
test_13353,0.00020240189160435692
test_13354,0.9997042289188602
test_13355,0.5273308470608455
test_13356,0.999897844002169
test_13357,0.005202151281542787
test_13358,0.9998453586336474
test_13359,0.9999312730375088
test_13360,0.9999998882046107
test_13361,0.0007951428382730312
test_13362,0.9999870745255647
test_13363,0.00022426967962477207
test_13364,0.9998490459142582
test_13365,0.9999994343365541
test_13366,0.9999794141203052
test_13367,0.9999325486910884
test_13368,0.9880189246796695
test_13369,0.004708420261607634
test_13370,0.9443272086803853
test_13371,0.999985853155669
test_13372,0.9999996206106438
test_13373,0.9892743018115654
test_13374,0.9870512629696926
test_13375,0.9996455469223599
test_13376,0.998906948457847
test_13377,0.6311208087658748
test_13378,0.00020953534656239126
test_13379,0.00016020427366989268
test_13380,0.9140000159434006
test_13381,2.7810225691717607e-05
test_13382,0.9927024040273618
test_13383,0.9998758814798414
test_13384,0.9963888313860157
test_13385,0.9934765031964806
test_13386,1.0118470101893933e-07
test_13387,4.61256323329518e-06
test_13388,0.0001361551900288686
test_13389,1.5437384735117928e-05
test_13390,0.00031424699548369647
test_13391,0.9999755621760642
test_13392,4.583921087529523e-05
test_13393,0.9713129787017327
test_13394,0.9994314136139706
test_13395,0.9999902195806784
test_13396,0.999928679486363
test_13397,0.9538579044484207
test_13398,0.1697049533320178
test_13399,0.999594849182873
test_13400,0.9997008274154635
test_13401,0.006320611105470208
test_13402,0.9697922903938376
test_13403,0.9990969807039628
test_13404,0.999795810309511
test_13405,0.9999959537897792
test_13406,0.9988525975201851
test_13407,1.2811858587873187e-05
test_13408,0.002015975735264064
test_13409,0.9708151326796719
test_13410,0.19634381299027343
test_13411,0.9996440075347124
test_13412,0.9999394752417382
test_13413,4.3044026019138195e-05
test_13414,0.23706167970856526
test_13415,0.9997600902839124
test_13416,0.9996725595773693
test_13417,7.977594052449001e-05
test_13418,0.03145565344017699
test_13419,0.8889055280979298
test_13420,0.9994107520213152
test_13421,0.00022005964107568845
test_13422,5.759386708027713e-06
test_13423,0.3614625039891907
test_13424,0.9887910225680926
test_13425,0.007662640778588053
test_13426,0.000372898965692716
test_13427,0.9999528581638993
test_13428,0.9999999357960808
test_13429,0.8905959762478067
test_13430,2.6421950588769632e-05
test_13431,0.9999858111572113
test_13432,0.0003146311244107916
test_13433,5.7001533221865105e-05
test_13434,0.9996819897714675
test_13435,0.08626183903527246
test_13436,2.5958025463572416e-06
test_13437,0.001277057559392338
test_13438,0.9982031111977893
test_13439,0.99994368102457
test_13440,0.9967917751409962
test_13441,0.9996292064161763
test_13442,0.9999993187241741
test_13443,0.7525858730491013
test_13444,0.9997894751425352
test_13445,0.9999985151297225
test_13446,9.564759871574604e-06
test_13447,0.25102385504746605
test_13448,0.0001431166210920109
test_13449,4.044292833429613e-05
test_13450,0.9307608943523763
test_13451,0.8624861090167498
test_13452,0.9859048960859311
test_13453,0.9916450268093641
test_13454,4.0575947508522655e-05
test_13455,0.013057389637534013
test_13456,0.9999999238657102
test_13457,0.6252300674153077
test_13458,0.9791878404109485
test_13459,0.9996194033109694
test_13460,0.006621954080902969
test_13461,0.00048317205350833603
test_13462,0.9992576634357216
test_13463,0.00380298965874657
test_13464,1.0271093946808883e-05
test_13465,0.01101825027704811
test_13466,0.9989074711206588
test_13467,6.013696668066529e-05
test_13468,0.030368150419407356
test_13469,0.994552748093827
test_13470,0.0028492145838296024
test_13471,0.9999962668559823
test_13472,0.9996728374120891
test_13473,0.9999988291836227
test_13474,0.9987393067101384
test_13475,0.9999989848214762
test_13476,0.0026943688457010504
test_13477,0.9987111635039724
test_13478,0.9999981231205639
test_13479,0.999987408208536
test_13480,0.9999451971530177
test_13481,0.9998738685938585
test_13482,0.003118279087913277
test_13483,0.9953768373437201
test_13484,0.034739285245431246
test_13485,0.9990312859395328
test_13486,0.21887829107260748
test_13487,0.04264513727489478
test_13488,0.006752786389128252
test_13489,0.9999707934919525
test_13490,7.143904322169348e-06
test_13491,0.002120360445188861
test_13492,0.9971655774037351
test_13493,0.999057885691607
test_13494,4.2264774257071766e-05
test_13495,0.0012763059878758928
test_13496,0.9999868298698529
test_13497,0.00015092549454405547
test_13498,0.9638163490962418
test_13499,0.016174210041226347
test_13500,0.9999861454498779
test_13501,0.00016963877786786377
test_13502,0.01368146168228951
test_13503,0.006963973374125782
test_13504,3.100160890515358e-05
test_13505,0.0005797753676259148
test_13506,0.010571175716982378
test_13507,0.006596239541603506
test_13508,0.9999162795844883
test_13509,2.3405823325364503e-05
test_13510,0.012201404471516266
test_13511,0.6244282031587884
test_13512,0.9853054340433948
test_13513,0.00011458679032015265
test_13514,0.0003948620937354816
test_13515,0.005683986770949029
test_13516,0.0007189071104009748
test_13517,0.002263215616979356
test_13518,2.188210008987073e-05
test_13519,0.0083876397326817
test_13520,0.04814307905326475
test_13521,0.999998325763203
test_13522,4.372180436804399e-05
test_13523,0.999999213901134
test_13524,0.999955444809714
test_13525,0.999894805842375
test_13526,4.3304333251725495e-05
test_13527,0.9981961293277074
test_13528,0.9996883240103042
test_13529,0.9999724106612742
test_13530,0.9999886159019739
test_13531,0.0005372516557284083
test_13532,0.000301044403677109
test_13533,0.9980588532461012
test_13534,2.2437954069038584e-05
test_13535,0.9999957136795765
test_13536,0.020142528582308496
test_13537,2.706367792229904e-05
test_13538,2.090051127285262e-06
test_13539,0.0003353428643499569
test_13540,0.8018137674882022
test_13541,0.9998936138819247
test_13542,0.0004765799566772706
test_13543,0.0001594062159589171
test_13544,0.9999438945684178
test_13545,0.564684809198585
test_13546,0.9995647191114188
test_13547,4.159506940622281e-05
test_13548,0.48683034286728644
test_13549,0.7851591426577659
test_13550,0.0022372506625666115
test_13551,0.9849062920185105
test_13552,3.344021695526827e-06
test_13553,0.9999550084090983
test_13554,0.9999914366464219
test_13555,0.00017126796846774696
test_13556,0.14096183859388772
test_13557,0.9986841819237716
test_13558,0.0003427835072590264
test_13559,2.681342581895862e-05
test_13560,0.019797299078752748
test_13561,0.004642639004221614
test_13562,0.13704345954603167
test_13563,0.9998270623930654
test_13564,0.9975218694578533
test_13565,0.9999976914291591
test_13566,0.8966307533476657
test_13567,0.9998911022521142
test_13568,0.7293708267088186
test_13569,0.9980985279211976
test_13570,0.9997368390498365
test_13571,0.5259384908843252
test_13572,0.9995552015221782
test_13573,0.9999239005300511
test_13574,0.16934276119161054
test_13575,0.9999869105213368
test_13576,0.017541762750650166
test_13577,0.001024746982472254
test_13578,0.9299928532336935
test_13579,0.0049370671438412365
test_13580,0.00020587771204791928
test_13581,0.6356270959916287
test_13582,0.9876083037250541
test_13583,0.0007967588948206882
test_13584,0.9999978181164924
test_13585,0.9999669495728103
test_13586,0.9999309589017784
test_13587,0.0018095248306382367
test_13588,0.9703576788560936
test_13589,0.9995833125109642
test_13590,0.003558132187571144
test_13591,6.238903119037563e-06
test_13592,0.9691686014054431
test_13593,0.9999507975415395
test_13594,0.05540804451294608
test_13595,2.4506162576407007e-06
test_13596,6.2472620050533025e-06
test_13597,0.00016668551062581842
test_13598,0.005920842086469324
test_13599,0.9984596257368263
test_13600,0.012756016226983868
test_13601,0.9971874649041014
test_13602,0.999969905844739
test_13603,0.9999857212944286
test_13604,0.9969907925074027
test_13605,0.05583195009875091
test_13606,0.9999420864021645
test_13607,0.00326115411039938
test_13608,0.0016340599705180457
test_13609,0.999968036124081
test_13610,0.9995457334119647
test_13611,0.9995208451624686
test_13612,0.9986443658808708
test_13613,0.9445954782252708
test_13614,0.999974855907564
test_13615,0.9961468938646373
test_13616,5.192620780384719e-05
test_13617,0.9999914765563047
test_13618,3.301635018946848e-06
test_13619,0.9943023074359694
test_13620,0.0016490259877558443
test_13621,0.9567816888230779
test_13622,0.9999680645007484
test_13623,0.00016950382531418648
test_13624,3.095249956687014e-05
test_13625,0.9433463383925845
test_13626,0.017004303442898643
test_13627,7.88675901894026e-08
test_13628,0.33579165800173855
test_13629,0.00046106036851649516
test_13630,0.002397784185917213
test_13631,0.28789056650911604
test_13632,0.9967966423119806
test_13633,0.0088040478053247
test_13634,0.9999323205033283
test_13635,0.9954928670695137
test_13636,0.9999482455970861
test_13637,0.9961180931069691
test_13638,0.9795425583650035
test_13639,0.8995258187649955
test_13640,0.10438115133856501
test_13641,0.9065559334458207
test_13642,0.0089925120732668
test_13643,6.759140085219769e-08
test_13644,5.550626295672389e-06
test_13645,0.9999998553516425
test_13646,0.9999938149169604
test_13647,0.9894315249542665
test_13648,0.06817900308153724
test_13649,0.0004427987449974462
test_13650,2.722638323223446e-06
test_13651,0.29367709855599683
test_13652,5.691242901559509e-05
test_13653,0.26787271165115395
test_13654,0.005421661424804993
test_13655,0.00010252109038571479
test_13656,0.9932148528086342
test_13657,0.011463355305928928
test_13658,0.8741973186961103
test_13659,0.9987126127735213
test_13660,0.008802057956936175
test_13661,0.10000686356353823
test_13662,0.9868236940593773
test_13663,0.0004502349609333597
test_13664,0.9999999810612362
test_13665,0.0020165563431616493
test_13666,0.9836271839702845
test_13667,8.606792067981262e-06
test_13668,0.00018123998078610883
test_13669,0.7101009921372913
test_13670,0.0029365629427506473
test_13671,0.00020161064693862758
test_13672,3.6945125403001005e-06
test_13673,0.0008094885891644168
test_13674,0.7255000716684892
test_13675,0.11650831454565737
test_13676,0.7947155290247503
test_13677,0.00948109916225881
test_13678,2.921090810558667e-05
test_13679,0.00028849858937098814
test_13680,0.005367467334745996
test_13681,0.9999995141952271
test_13682,0.9981177221111337
test_13683,0.9999956621789223
test_13684,0.0006427727514725927
test_13685,0.9738407174397519
test_13686,0.000742403021238604
test_13687,0.9997050254214697
test_13688,0.9998970205550922
test_13689,0.9995365858556285
test_13690,0.5558494162878936
test_13691,0.9999034239632226
test_13692,0.02305907402568953
test_13693,0.0005149455671946276
test_13694,0.0004891019112736908
test_13695,0.9999990063862235
test_13696,0.9999960872836063
test_13697,0.016276911756923338
test_13698,0.9999999747795862
test_13699,0.9982650088750256
test_13700,0.9999867267147258
test_13701,8.555237738383751e-07
test_13702,0.9999998994461458
test_13703,0.0008620464828978652
test_13704,0.0005066923534871206
test_13705,0.9999600285968707
test_13706,0.0009352876216136603
test_13707,4.701679428856674e-05
test_13708,2.6180080008153264e-05
test_13709,0.6459426337150154
test_13710,0.004193890675904517
test_13711,0.0007494638156790506
test_13712,0.5053938026881394
test_13713,0.9904441915146206
test_13714,0.0004546506675548452
test_13715,0.006240639834051396
test_13716,0.00035819590162349137
test_13717,0.9985111132805526
test_13718,0.9822682789824904
test_13719,0.813649800170802
test_13720,0.017569299080503732
test_13721,0.9990757521266308
test_13722,0.9903376174564065
test_13723,0.0005237991004589615
test_13724,0.013359890388468309
test_13725,0.9993865330032609
test_13726,0.00010491870842447872
test_13727,0.9834741230786325
test_13728,0.0006389188327926218
test_13729,0.999916321686772
test_13730,3.71525049811465e-05
test_13731,9.23503605207936e-05
test_13732,0.9999992442531123
test_13733,0.9354558156831552
test_13734,0.15956495582134517
test_13735,0.8942446605224499
test_13736,0.9971649746547936
test_13737,3.7254805615039667e-06
test_13738,0.9844496462149752
test_13739,0.9998760180289776
test_13740,5.139318637467126e-05
test_13741,0.09829574261181016
test_13742,9.705611333484615e-05
test_13743,1.3171014677009282e-07
test_13744,0.5034395293483624
test_13745,0.01889296772840736
test_13746,0.8604588695205527
test_13747,0.0013005298789060262
test_13748,9.204229497251771e-06
test_13749,0.9160387516433108
test_13750,2.0064542875222975e-06
test_13751,0.9802981952248683
test_13752,0.0001699175516798013
test_13753,0.743434251403434
test_13754,0.9999977615311645
test_13755,2.3161806616415206e-05
test_13756,0.9999949000369482
test_13757,0.18643135943864741
test_13758,0.10408655833547546
test_13759,0.6751576167328533
test_13760,0.000142887402951547
test_13761,2.091698582451597e-06
test_13762,2.7657210385725607e-06
test_13763,0.9999221248585987
test_13764,0.9981898511855014
test_13765,0.9999958897638469
test_13766,7.257044990763383e-05
test_13767,0.33324698555545557
test_13768,0.9999407597747942
test_13769,0.8997604795710042
test_13770,0.0013206362314790044
test_13771,0.5494455352535267
test_13772,7.211095417569021e-06
test_13773,0.6368727672181301
test_13774,8.004211601446254e-05
test_13775,9.615956381535202e-05
test_13776,0.9998501130331754
test_13777,0.990446974154103
test_13778,0.5541085341898602
test_13779,0.9978112879571223
test_13780,0.99996774536327
test_13781,0.00042100637296857234
test_13782,0.9998411385217152
test_13783,0.007473852963609289
test_13784,0.0012366799060975378
test_13785,0.9999998666309653
test_13786,0.004076609121914744
test_13787,0.9978410530707608
test_13788,0.005745197119076561
test_13789,0.947570679208534
test_13790,0.06999200135931664
test_13791,0.0034821893506991808
test_13792,0.9805401446372307
test_13793,0.01644701178465223
test_13794,3.453070713283009e-05
test_13795,9.20862925379262e-06
test_13796,0.999997648014151
test_13797,0.9999879499983195
test_13798,0.00013148037805117653
test_13799,0.003928335961143835
test_13800,0.9930745551075746
test_13801,0.8705755112283027
test_13802,0.006241899531341305
test_13803,4.961962368574546e-07
test_13804,0.7132527780264322
test_13805,0.017214701337241553
test_13806,0.557276462576848
test_13807,0.012357848240945822
test_13808,0.9991270084324657
test_13809,0.03129019393692888
test_13810,0.9999990692763054
test_13811,0.0007442157566494008
test_13812,0.9968859524918492
test_13813,0.9998143465635416
test_13814,8.357166182918806e-08
test_13815,0.9100780811098148
test_13816,0.9999951033882349
test_13817,0.999378945320641
test_13818,0.7853059727990239
test_13819,0.9689905746590319
test_13820,0.9952116041476169
test_13821,0.0004699700978693808
test_13822,0.0014093398386888195
test_13823,0.9972626439875907
test_13824,0.0007714307890707482
test_13825,0.008591134045853299
test_13826,0.9998483413963372
test_13827,0.9993053761573693
test_13828,0.9952230010295978
test_13829,0.9999855752596195
test_13830,0.001799336523544214
test_13831,7.570978850145126e-05
test_13832,0.9999686909028767
test_13833,0.9999984374607332
test_13834,0.06584367657118091
test_13835,0.993102719559271
test_13836,0.9999196580167118
test_13837,0.004045781101638989
test_13838,0.15199467701377048
test_13839,0.9996182292250094
test_13840,0.9996291229356522
test_13841,1.032664002818051e-07
test_13842,0.9985108392662632
test_13843,0.1409726576219621
test_13844,0.0021476247822328157
test_13845,0.9986351522718196
test_13846,0.9089782848679974
test_13847,8.046860221062338e-05
test_13848,0.9997819580921314
test_13849,0.0020227407761400306
test_13850,0.45837426175514134
test_13851,0.1428279179119292
test_13852,0.9911130016273675
test_13853,0.9999956812370363
test_13854,0.998830053417833
test_13855,0.0019856581579688064
test_13856,0.00011574485532519383
test_13857,0.9999906941964115
test_13858,0.9987685071707774
test_13859,0.9999993255692482
test_13860,0.3872241205529322
test_13861,0.9997249893242343
test_13862,0.9998793001912979
test_13863,0.9998822255664757
test_13864,0.0422608179654962
test_13865,0.9995754948476279
test_13866,9.371356381087362e-07
test_13867,0.04882316965806473
test_13868,0.002135874809725456
test_13869,0.8964088696222144
test_13870,0.23663912912920387
test_13871,0.0031008466170726386
test_13872,0.0019181455784962824
test_13873,0.9788527791092996
test_13874,0.9999943030099155
test_13875,0.0010900921441029264
test_13876,0.9999601092840206
test_13877,7.683602021110413e-05
test_13878,0.9996775104160488
test_13879,0.013737489523159093
test_13880,0.9957059203762479
test_13881,0.9998041323084185
test_13882,0.00041933804214639006
test_13883,0.9998017607201752
test_13884,0.00044907154749577484
test_13885,0.0019069663461214535
test_13886,0.0019494085985631516
test_13887,0.9881244459588981
test_13888,0.09902300341130292
test_13889,0.5781451906891479
test_13890,5.7244629538946997e-05
test_13891,0.9999993668690944
test_13892,0.9999911747299178
test_13893,0.0018570744999899108
test_13894,0.00013896931560880666
test_13895,2.1913886545868554e-06
test_13896,0.9971719941510038
test_13897,1.0010558264971966e-05
test_13898,0.9971599062186169
test_13899,0.999305705788488
test_13900,0.9929350007557295
test_13901,2.42094709001668e-05
test_13902,8.781969351855017e-05
test_13903,0.9994162779732102
test_13904,0.9999947357865611
test_13905,2.1142351664657252e-05
test_13906,0.999981547892637
test_13907,0.9994554191397501
test_13908,0.0009857884099655789
test_13909,0.23871451126106585
test_13910,0.9998778717670542
test_13911,0.6685775723564775
test_13912,0.999272555100816
test_13913,7.26553946450375e-05
test_13914,4.3615708806431926e-05
test_13915,0.008076718690894625
test_13916,0.9925179584969358
test_13917,2.5852918076310534e-07
test_13918,4.058479335194282e-05
test_13919,0.9999911146814285
test_13920,0.21661598170787247
test_13921,0.995396700759731
test_13922,0.9694753980388306
test_13923,0.9999990507058475
test_13924,0.9998513093417668
test_13925,0.9999887591096034
test_13926,0.996500453064401
test_13927,0.0001683440813268687
test_13928,0.9999842909462343
test_13929,0.9976830783272457
test_13930,0.9999957070938613
test_13931,0.9914101717320762
test_13932,0.9999647058349118
test_13933,0.05335125518987489
test_13934,1.5693396867663312e-05
test_13935,0.0026668660089943486
test_13936,0.9997342156077822
test_13937,0.9973283665854338
test_13938,0.9830849541531874
test_13939,0.9999997249613984
test_13940,0.9983733040748846
test_13941,0.002931512180287537
test_13942,0.0008590821211735162
test_13943,0.9886247425412541
test_13944,0.9999880674526234
test_13945,0.001952764059425423
test_13946,0.08271008412609862
test_13947,0.9816400169831433
test_13948,3.421191017108216e-09
test_13949,0.00812593755466047
test_13950,2.6861821598906838e-05
test_13951,0.3149397420879414
test_13952,0.989227977805731
test_13953,0.9988201510178758
test_13954,0.9875544644388817
test_13955,0.9999929486731136
test_13956,0.8996112489209185
test_13957,0.004796043837377823
test_13958,0.9999954118484068
test_13959,0.000294653635414818
test_13960,0.9897022644396053
test_13961,0.9999996256318859
test_13962,0.9973547685482724
test_13963,0.9991453200983642
test_13964,0.5851762851176646
test_13965,0.9620140759553507
test_13966,0.00014912360379894685
test_13967,0.9997620587265933
test_13968,0.949260102601064
test_13969,0.0008832868966570111
test_13970,0.000592419540662348
test_13971,0.4687608199905896
test_13972,0.0009923964301572893
test_13973,0.9998717854314387
test_13974,0.9921326866635033
test_13975,0.9996916393535047
test_13976,0.8885684362987258
test_13977,0.999710625979812
test_13978,0.9506755021021268
test_13979,0.0002022092315734674
test_13980,0.0320294346298234
test_13981,0.0017334215752491994
test_13982,0.05143391760700387
test_13983,0.9998678705020958
test_13984,0.8858595656573564
test_13985,0.9999990311062112
test_13986,0.5036594354184827
test_13987,0.06993090043970303
test_13988,0.9969201573234643
test_13989,0.9994205367937535
test_13990,0.9998642102000073
test_13991,0.004440832060585497
test_13992,0.9991630985928528
test_13993,0.01247997420796434
test_13994,0.007673229414732285
test_13995,0.9954196604467999
test_13996,0.9953964979247394
test_13997,3.2046724836841906e-05
test_13998,0.0004752297064848467
test_13999,0.9999999087946344
test_14000,1.8959345341103217e-08
test_14001,0.00031887647707006206
test_14002,0.00014145727828213873
test_14003,0.5764232082900415
test_14004,0.9983967599225442
test_14005,0.0009604297837009453
test_14006,0.9998216953242038
test_14007,0.9999991781918692
test_14008,0.995800524790892
test_14009,0.9733947178387875
test_14010,0.00011183621900064582
test_14011,0.9925679185700519
test_14012,0.9999982560537048
test_14013,0.9991690610945425
test_14014,0.0322386710028936
test_14015,0.9863689852051651
test_14016,0.9999999168046971
test_14017,0.00021492389807196646
test_14018,0.005799476955782398
test_14019,0.5265041821458802
test_14020,0.9110404610659614
test_14021,0.0006538627502708272
test_14022,0.9999740570717341
test_14023,0.00011057057301830335
test_14024,2.9293834191641472e-05
test_14025,0.9996508576388755
test_14026,0.0028749966865284967
test_14027,0.00037529036910918285
test_14028,0.9999791968661091
test_14029,9.713746952232966e-08
test_14030,0.9999054520537393
test_14031,0.994485742157292
test_14032,1.2239843298937026e-05
test_14033,5.09109250066777e-05
test_14034,9.835734309170215e-06
test_14035,0.06478107872683295
test_14036,0.0005693023513711626
test_14037,0.0008211510007156771
test_14038,2.261293528199748e-05
test_14039,0.6288272280633236
test_14040,0.001836098770971338
test_14041,1.93152907160335e-05
test_14042,0.9999831000828416
test_14043,0.9948875489202761
test_14044,0.7533386581889326
test_14045,0.030077438654490158
test_14046,0.06798753215174763
test_14047,0.9359913084112059
test_14048,8.571172978912466e-05
test_14049,0.0024100589213608
test_14050,0.005356435363614163
test_14051,0.007966038125214313
test_14052,0.9601969984962418
test_14053,0.603735818131559
test_14054,0.9963414529413475
test_14055,0.005316615174184459
test_14056,7.248158147171184e-06
test_14057,0.9999218668834864
test_14058,0.9988319893412335
test_14059,0.997985624901294
test_14060,0.9934322962282518
test_14061,0.9994695751205139
test_14062,0.0005948651880053221
test_14063,7.323059195056482e-08
test_14064,0.9978108477153823
test_14065,0.9989533711642204
test_14066,0.0029969850417215444
test_14067,0.03139708290494062
test_14068,0.9969094229530299
test_14069,0.0003483682007968353
test_14070,0.0010328340509133372
test_14071,0.0005374976192567899
test_14072,0.9430130650027031
test_14073,0.00046782331099905623
test_14074,0.9999978744510074
test_14075,0.014767026837621128
test_14076,1.654499163773085e-05
test_14077,0.9999677228545072
test_14078,0.9990597392867298
test_14079,0.9987277349982323
test_14080,0.9866751278730929
test_14081,0.8946348115657067
test_14082,0.01931240296835563
test_14083,0.025297482363196375
test_14084,0.9683180805782053
test_14085,0.9991261751436169
test_14086,0.20965456783725667
test_14087,0.999999974677626
test_14088,0.9997394758051231
test_14089,0.3225860128801768
test_14090,0.0006446959800479808
test_14091,1.7692116715121608e-07
test_14092,0.7153040352280807
test_14093,0.0024751263988714023
test_14094,0.9958017254440257
test_14095,0.9982874959984234
test_14096,0.9997433902789432
test_14097,0.9993805683534481
test_14098,0.9994154123993516
test_14099,0.004806530580408275
test_14100,0.17972285329576704
test_14101,0.9780931396278959
test_14102,0.18609184776297064
test_14103,0.17687347269832457
test_14104,0.9684541809885636
test_14105,0.00033679880816127187
test_14106,0.9982451507827957
test_14107,0.9825226457119877
test_14108,1.4565587762849573e-05
test_14109,5.146921815131747e-06
test_14110,0.0002918221900517789
test_14111,0.999999080598784
test_14112,0.7032961176120889
test_14113,6.473461690733978e-05
test_14114,0.00020567514005627647
test_14115,9.454466476017119e-08
test_14116,0.9999665933400775
test_14117,0.9892020314177061
test_14118,0.00022978805438200685
test_14119,0.9999996210340829
test_14120,0.0007904383938582162
test_14121,2.196814142126181e-06
test_14122,0.9957312737498097
test_14123,0.999211644706174
test_14124,0.006961436788170672
test_14125,0.9977910818214477
test_14126,0.997550076968404
test_14127,0.9976892912127723
test_14128,2.6684233720238662e-05
test_14129,0.7799368807005083
test_14130,5.317628947545282e-05
test_14131,0.0006358101119847212
test_14132,0.9946934220456966
test_14133,0.00017246711961721963
test_14134,5.966874223797842e-06
test_14135,0.4489920908395171
test_14136,0.29619164876587556
test_14137,0.00017153749494323785
test_14138,0.11320040600065193
test_14139,0.0003350850915546497
test_14140,0.9040938218685673
test_14141,0.9317412308663949
test_14142,0.00028612943930690816
test_14143,0.0002991910413380781
test_14144,7.1794208901062285e-06
test_14145,7.627129678994329e-05
test_14146,0.9946988582081704
test_14147,0.9999516237850131
test_14148,2.8186255578507394e-06
test_14149,0.9996832026992486
test_14150,0.0003653236809880424
test_14151,0.9789982777153817
test_14152,0.4034315180701183
test_14153,0.00012016157819389473
test_14154,0.21773025926861864
test_14155,0.6045088911078648
test_14156,2.4672423351984437e-05
test_14157,0.07543315791514243
test_14158,0.9996364569736006
test_14159,0.00017326979043258834
test_14160,0.009533543291494211
test_14161,0.011066336050330014
test_14162,0.9999634676111899
test_14163,0.9999824988869228
test_14164,0.000697713342630227
test_14165,0.9999927820462227
test_14166,0.0013053718214232984
test_14167,0.9633062796506622
test_14168,1.5405118070671593e-05
test_14169,0.00036162314780624076
test_14170,0.9999998920286678
test_14171,0.9995920231780178
test_14172,0.0006735360019381731
test_14173,4.3658615256253035e-06
test_14174,0.28234252298239304
test_14175,0.9999954591778054
test_14176,0.08319590618079667
test_14177,7.920649667228034e-05
test_14178,0.00015967558476583378
test_14179,0.9999569426037151
test_14180,0.010056222619993284
test_14181,0.01072291059855456
test_14182,0.00040984654517737244
test_14183,0.9902309299054645
test_14184,0.15003216981107875
test_14185,0.999551167171001
test_14186,1.8942879480568144e-05
test_14187,0.00010894370095844163
test_14188,0.0017417350072318663
test_14189,4.566472300698818e-05
test_14190,0.9998627920002388
test_14191,0.9999880206619532
test_14192,0.999998318796175
test_14193,0.08697924921414156
test_14194,0.015948430833877293
test_14195,0.9996982168449342
test_14196,0.999976300746037
test_14197,0.9758125968985193
test_14198,0.6458179726526947
test_14199,0.00014739610046829983
test_14200,0.01759193786555573
test_14201,0.00012826214917527838
test_14202,0.010641983961644055
test_14203,0.9066299423995455
test_14204,0.31767282479839026
test_14205,0.9955047995592027
test_14206,0.9422844132686309
test_14207,0.003920912131935271
test_14208,0.9998509774322686
test_14209,0.003937291233911406
test_14210,0.9992185805070858
test_14211,1.87071459307788e-06
test_14212,0.9999906004355938
test_14213,1.4614968858624438e-05
test_14214,0.9952564023261051
test_14215,0.999039617272597
test_14216,0.0076786086952193395
test_14217,1.620954292900092e-05
test_14218,0.015837075318800995
test_14219,0.9989500224929522
test_14220,1.8037760709511378e-06
test_14221,0.9999747847589292
test_14222,0.00012364481433633245
test_14223,0.15133552299973138
test_14224,8.512227227360139e-05
test_14225,0.9999918629955785
test_14226,0.03535101427595485
test_14227,0.9994788608103952
test_14228,4.9869564075447186e-05
test_14229,0.9999957077718586
test_14230,0.999947467046628
test_14231,0.10835300435961141
test_14232,0.00013158881549469762
test_14233,0.9998822407200211
test_14234,0.0012196349434293317
test_14235,2.9035227044972808e-05
test_14236,3.453587899830251e-05
test_14237,0.9999990754290495
test_14238,0.006321835490111854
test_14239,0.8001659065358524
test_14240,4.7651769594760025e-05
test_14241,0.5874718876535655
test_14242,0.005886848719607893
test_14243,0.9998435461063903
test_14244,0.9955368126469096
test_14245,0.9998282176417856
test_14246,0.9999840726828775
test_14247,0.9229381597477039
test_14248,0.9841443892686694
test_14249,0.0001079788895600097
test_14250,0.9999810980678314
test_14251,0.9992404671434938
test_14252,0.9610876882280522
test_14253,0.999975807926819
test_14254,0.9936494380360446
test_14255,3.6707193961717075e-05
test_14256,0.000569012634928353
test_14257,0.9659679004880297
test_14258,1.4017037385500718e-05
test_14259,0.9073688200763731
test_14260,0.0003727879302250574
test_14261,1.191324867152399e-06
test_14262,0.9999136962046854
test_14263,0.04623076231886765
test_14264,0.9987105427128022
test_14265,0.0006205171361377521
test_14266,0.0003130545740643628
test_14267,0.9974287300320437
test_14268,4.552139431856257e-05
test_14269,0.039345861552384974
test_14270,0.005290578461943574
test_14271,4.0499651561416176e-05
test_14272,0.9937745409416553
test_14273,0.00016894876387822417
test_14274,0.9999756783501319
test_14275,0.061379657525497885
test_14276,2.7417849069447484e-05
test_14277,0.000841596128032936
test_14278,0.996282545124962
test_14279,0.9999903919977933
test_14280,0.9929077158813717
test_14281,0.9998061109429808
test_14282,0.05544459368814489
test_14283,8.88189534403178e-05
test_14284,0.9999986016388424
test_14285,0.56761599576551
test_14286,0.9999934345853404
test_14287,0.5964175350368799
test_14288,0.9611452298850884
test_14289,0.9999774434890836
test_14290,0.0404564415360036
test_14291,0.999890410821443
test_14292,0.0008987900879891608
test_14293,0.9987560082170108
test_14294,0.0004756658335689745
test_14295,0.9999955252398587
test_14296,0.9998571795414626
test_14297,0.990791505400206
test_14298,0.9999869434976918
test_14299,0.29877764350828273
test_14300,0.09204330285655232
test_14301,0.0010062404172422733
test_14302,0.00048510451959634315
test_14303,0.9968439353411139
test_14304,0.2912205332119633
test_14305,0.035433761945942666
test_14306,0.9985604334251057
test_14307,0.9999621069254275
test_14308,0.9992163647336384
test_14309,1.9073257964048182e-05
test_14310,3.296831910930676e-08
test_14311,0.9999982542019059
test_14312,0.9931519862913072
test_14313,0.9992515484995346
test_14314,0.5901700789696053
test_14315,1.6691723620542266e-08
test_14316,7.543994947705322e-05
test_14317,0.9731442443869602
test_14318,0.00037122745620237244
test_14319,0.9994628582726837
test_14320,7.172362339718494e-05
test_14321,0.9999989281387771
test_14322,0.997823044955923
test_14323,0.00358595800386522
test_14324,0.9997067465029056
test_14325,0.0014820992748804723
test_14326,0.0013427545106772497
test_14327,7.310294622732378e-07
test_14328,0.9999852157794046
test_14329,0.0011870672313990557
test_14330,0.0006560130035977107
test_14331,0.18648939093807088
test_14332,0.9991073714372412
test_14333,0.0020778525845695766
test_14334,0.9999273656284567
test_14335,0.9956742119135727
test_14336,0.9999670180408916
test_14337,1.945706717760072e-05
test_14338,0.0002194539689543122
test_14339,0.9997822625723505
test_14340,0.9805148901337173
test_14341,0.999810944482892
test_14342,0.03564894382588827
test_14343,0.9801988030098955
test_14344,0.0006599067639783154
test_14345,8.773854846743204e-07
test_14346,0.9647371137177114
test_14347,0.9999972793018891
test_14348,7.13746112864606e-05
test_14349,0.9999847045604188
test_14350,0.003263748069665829
test_14351,1.0407776134589536e-05
test_14352,5.108158050245703e-07
test_14353,0.9955607745388485
test_14354,2.787182086199166e-05
test_14355,0.9965309157476114
test_14356,0.9750607937065066
test_14357,1.8633331691552272e-05
test_14358,0.9987167075063064
test_14359,0.9985823334357089
test_14360,0.9882503934584669
test_14361,0.00017058733549301882
test_14362,0.9999928207202288
test_14363,0.0004466811630876599
test_14364,0.9996865688271314
test_14365,0.07945014518091141
test_14366,0.9952359428259804
test_14367,0.9947012820588392
test_14368,0.9807421955327553
test_14369,0.9971050777936623
test_14370,0.9998812598664627
test_14371,0.9987261015553177
test_14372,0.0007850683617980074
test_14373,0.00329619825576159
test_14374,0.02789082177148065
test_14375,0.03565729316487641
test_14376,0.006346498622098539
test_14377,3.263828458271746e-05
test_14378,0.8694770092631751
test_14379,9.857233026576275e-05
test_14380,0.9940036505564758
test_14381,0.002321588325654258
test_14382,0.035025663361804044
test_14383,0.999781727581581
test_14384,7.889447404354896e-06
test_14385,0.9626234432172617
test_14386,0.04408618563475387
test_14387,0.7777009810684137
test_14388,0.0022005536182953967
test_14389,0.00016272014547096293
test_14390,0.9999985055825902
test_14391,0.9022595162188933
test_14392,0.9998697036365413
test_14393,0.17419261258476146
test_14394,0.9999876974954699
test_14395,0.9122963589833308
test_14396,0.9999827896604072
test_14397,0.9999352966271631
test_14398,0.9811032761558182
test_14399,0.9984373344786549
test_14400,0.9993774442555255
test_14401,0.13768796707689201
test_14402,1.5059840432910794e-06
test_14403,0.9994135815112304
test_14404,0.4019792837982543
test_14405,0.9999094452819074
test_14406,0.9788507802984131
test_14407,0.9256694189277948
test_14408,0.0685190284747501
test_14409,0.9939277396777331
test_14410,0.2337428864493718
test_14411,1.8983551062507683e-07
test_14412,0.999857000491434
test_14413,0.984854287950838
test_14414,0.00015305709067169274
test_14415,0.8658643525902597
test_14416,0.9996507861394694
test_14417,0.00016892234585848194
test_14418,1.2876997915724906e-05
test_14419,8.866786440500154e-07
test_14420,7.145704684310175e-05
test_14421,0.9950876992318716
test_14422,0.07641532214434393
test_14423,0.37673334654871793
test_14424,7.574122846588376e-05
test_14425,0.022040982813559526
test_14426,0.11847239667028076
test_14427,0.9963649943443001
test_14428,7.403393712462e-05
test_14429,0.9879666522460705
test_14430,0.0007508914069156564
test_14431,0.9999298673556212
test_14432,0.00021987920401507315
test_14433,0.9997874087816621
test_14434,0.9998742007618573
test_14435,0.012307763841649373
test_14436,0.2027086962045831
test_14437,0.9998406409343438
test_14438,0.9999961463260673
test_14439,0.0015881866835204055
test_14440,0.025540745748473488
test_14441,0.9993891834889002
test_14442,0.051155809428197405
test_14443,0.9952918493550144
test_14444,0.995401784949463
test_14445,8.739027688253665e-06
test_14446,0.008126078254782593
test_14447,0.9999977397502836
test_14448,0.006184731083661853
test_14449,0.0030780388412160057
test_14450,0.755542036386495
test_14451,0.9896845326319628
test_14452,1.892975864101436e-05
test_14453,0.9384639979194545
test_14454,0.0001521156329543997
test_14455,0.919568756731974
test_14456,0.9998559952048992
test_14457,0.24203789884584748
test_14458,0.7927337784029974
test_14459,0.000245475737292987
test_14460,0.00798396327908197
test_14461,0.001349606081731206
test_14462,0.9959036184611005
test_14463,0.41910427028392566
test_14464,0.9987274393868524
test_14465,0.9999943283787206
test_14466,0.2622692543470953
test_14467,0.9833776684815486
test_14468,0.6120099983839935
test_14469,0.006989184846737198
test_14470,0.9736175331637574
test_14471,1.1521373455283285e-05
test_14472,0.0003136812097091491
test_14473,0.036685400294093576
test_14474,0.8404023943871647
test_14475,0.9908221677953575
test_14476,0.9981737093689658
test_14477,0.9999341958921533
test_14478,0.9999943393113607
test_14479,0.09776785499422125
test_14480,0.9996961226121236
test_14481,0.13513891645008805
test_14482,0.04855475760587657
test_14483,0.05314303049805652
test_14484,0.9999992905765079
test_14485,0.0015201434504973034
test_14486,4.998179851110441e-05
test_14487,0.9978959089242244
test_14488,0.9924569523813279
test_14489,1.5783519251774765e-06
test_14490,0.14854092386537623
test_14491,0.9997218183338581
test_14492,0.12753874225326217
test_14493,4.845915079364845e-05
test_14494,0.14546410934895163
test_14495,2.017020039847564e-06
test_14496,0.00033381197795483316
test_14497,0.9999765121034634
test_14498,0.9999767233767592
test_14499,0.004964909559538244
test_14500,8.678209381830272e-05
test_14501,3.0828599028672325e-05
test_14502,0.9897963304384463
test_14503,0.9763428227312614
test_14504,0.43557004783587217
test_14505,0.0005848424710459198
test_14506,1.1554816542465572e-05
test_14507,0.9989036064297414
test_14508,0.0007201946034754521
test_14509,0.2555133924230212
test_14510,0.9818013008959137
test_14511,0.9992789737103163
test_14512,0.999901794763008
test_14513,0.004561419036411365
test_14514,0.00021815668911703216
test_14515,6.707101642070479e-06
test_14516,0.9982329969003929
test_14517,1.1487922018723335e-06
test_14518,0.9969294122807837
test_14519,0.9973783884681011
test_14520,0.0009063034156488171
test_14521,0.9996880219883769
test_14522,0.0040975607740304275
test_14523,0.9999924594248926
test_14524,0.8535110576899193
test_14525,0.9947709347831102
test_14526,2.4485611275105168e-06
test_14527,0.9513485954588302
test_14528,0.999942139420685
test_14529,0.10256682611791063
test_14530,0.9990107529554355
test_14531,0.840984378999666
test_14532,8.050249180047671e-05
test_14533,0.00144052430799605
test_14534,0.9998968534891921
test_14535,0.00040320101404805943
test_14536,0.999998693548046
test_14537,0.00017013374118061636
test_14538,0.0015471713869130528
test_14539,4.5542130648565885e-05
test_14540,0.9920113807370871
test_14541,9.623199726767548e-05
test_14542,0.9994253922600311
test_14543,3.5497025780345627e-06
test_14544,0.005541662515710062
test_14545,0.9947182593308409
test_14546,0.991875438955411
test_14547,0.9986913564527838
test_14548,0.3522533404467476
test_14549,0.06206409700993823
test_14550,0.9999101970530169
test_14551,0.9952111789556694
test_14552,0.31696138346563213
test_14553,0.9999244245765107
test_14554,0.00023107025649984157
test_14555,0.011504839448066672
test_14556,0.9878437542656238
test_14557,0.9999770610898212
test_14558,0.022343306260708688
test_14559,0.0006111161318680243
test_14560,6.935343014645519e-06
test_14561,0.9992031374395799
test_14562,0.9999999515867245
test_14563,0.9999099307568645
test_14564,9.989577305024165e-05
test_14565,0.9984296829422358
test_14566,0.07086525156877262
test_14567,0.9809786203657953
test_14568,0.9998278570099385
test_14569,0.004063262212605523
test_14570,0.9997391257566446
test_14571,0.0005541201995583082
test_14572,0.03762901808349782
test_14573,0.9999991073560405
test_14574,0.9934922169333659
test_14575,2.1382151658420512e-05
test_14576,0.0785777992352217
test_14577,0.9999992631145257
test_14578,1.3201765853096561e-06
test_14579,6.641822846627775e-07
test_14580,0.8907663701316465
test_14581,0.9985790284421905
test_14582,0.9999997699407176
test_14583,0.9964777036488601
test_14584,0.995743587370613
test_14585,0.9647912740171789
test_14586,0.18922588004623359
test_14587,0.0566472496891236
test_14588,0.9628263962866642
test_14589,0.004779843833994848
test_14590,0.9999530970324428
test_14591,0.9999866158221785
test_14592,0.9998247746601431
test_14593,0.9995690057067779
test_14594,0.9993904154439924
test_14595,0.999712939913595
test_14596,6.061087697772828e-07
test_14597,0.08910831273624822
test_14598,5.844690845277279e-05
test_14599,0.9997927793885083
test_14600,0.9999998750781817
test_14601,0.9996684019255071
test_14602,0.9954156378541971
test_14603,0.1212488151630981
test_14604,0.9660648162964345
test_14605,0.008098112361359362
test_14606,0.9137347628433419
test_14607,0.0004996895702434594
test_14608,0.9999167095707596
test_14609,0.39606951815383956
test_14610,0.0020828526368528457
test_14611,0.011881569525825246
test_14612,2.847733865194323e-05
test_14613,0.9987798203408613
test_14614,0.999974751879514
test_14615,0.5134690499469847
test_14616,0.025862574595121052
test_14617,0.9999400282498202
test_14618,0.9998624949684528
test_14619,0.8799032791631892
test_14620,0.9983970413093373
test_14621,0.9999266377380662
test_14622,0.9999681318086886
test_14623,0.999999968687883
test_14624,0.9996833465472938
test_14625,0.9996781122428169
test_14626,0.9999992076098244
test_14627,0.9989698293150567
test_14628,0.006957160285292173
test_14629,0.9999971328269854
test_14630,1.0775835072116294e-07
test_14631,0.31523021076982377
test_14632,0.00014537045352850506
test_14633,0.998266709923328
test_14634,0.00272618973919311
test_14635,0.9948051501266988
test_14636,4.2805406617032214e-05
test_14637,0.09771730951714308
test_14638,0.9978036570277822
test_14639,8.47096679966227e-07
test_14640,0.001987329397175262
test_14641,1.2436258270425495e-05
test_14642,0.0003159620685098458
test_14643,0.9672058449672438
test_14644,0.007054223234524623
test_14645,0.07581372963215285
test_14646,0.6567497603030148
test_14647,0.0014567558314488181
test_14648,7.231183015153498e-05
test_14649,0.9986951794576195
test_14650,0.9999948779714319
test_14651,0.9994279010008721
test_14652,0.02291283589668414
test_14653,0.9999214849825804
test_14654,1.622888578605443e-05
test_14655,0.06112718846553353
test_14656,9.874665852717573e-05
test_14657,0.9998496912549735
test_14658,0.00013153466084322768
test_14659,0.7416998734841689
test_14660,0.0003873033584602449
test_14661,0.0166031142397067
test_14662,0.9993133671292669
test_14663,0.9827653822412175
test_14664,0.9999265128295142
test_14665,0.0003077110548072968
test_14666,0.9999911559192015
test_14667,0.3127835432191411
test_14668,0.9966278742190992
test_14669,0.534042865219712
test_14670,0.9999039682978481
test_14671,0.0004740853949188902
test_14672,0.9994322953582596
test_14673,0.7898053794092622
test_14674,0.9996736207029934
test_14675,0.997428976002773
test_14676,0.9999959167542659
test_14677,4.61607336830271e-05
test_14678,0.999478812547255
test_14679,0.9972425141634903
test_14680,0.0009062324671199692
test_14681,0.8247495280146728
test_14682,0.9999641843105923
test_14683,1.8664320375761063e-05
test_14684,0.999715484932767
test_14685,0.9928220226811416
test_14686,0.06429810556882493
test_14687,0.040107349683535534
test_14688,0.9998407035160691
test_14689,7.004029503717613e-05
test_14690,0.8053261176905657
test_14691,0.9649313192834662
test_14692,4.2812001938067656e-05
test_14693,0.9998562808390375
test_14694,0.3910458824561901
test_14695,0.9754593015620969
test_14696,0.9999971350098135
test_14697,0.00022670736010013527
test_14698,0.9998632866027202
test_14699,0.9999998108594965
test_14700,0.9998371707283908
test_14701,0.010750857508049851
test_14702,0.9999853895288855
test_14703,0.0011426378546224465
test_14704,0.9999690303536698
test_14705,0.09092677192537142
test_14706,0.4595323856238257
test_14707,1.8135323864847082e-05
test_14708,0.019348533637671448
test_14709,0.9999903713772759
test_14710,0.9999466671363358
test_14711,2.9957137489845282e-05
test_14712,8.15398406339186e-05
test_14713,0.9999945105254738
test_14714,0.9973741148241445
test_14715,0.4213124109022346
test_14716,0.9997120361677775
test_14717,0.9784623210643537
test_14718,0.00036079364603945087
test_14719,0.05787748723423486
test_14720,0.9999381478748466
test_14721,0.9976464639436144
test_14722,0.9956619897078768
test_14723,0.9999989273326666
test_14724,0.9561537648728737
test_14725,0.9889343783057262
test_14726,0.9992509691283751
test_14727,0.9644835797721663
test_14728,6.379187772814732e-05
test_14729,0.14619835778942028
test_14730,0.9997232357574601
test_14731,0.9999972293669773
test_14732,0.9979232779666141
test_14733,0.9996337671008715
test_14734,0.00011881223348143669
test_14735,0.9989060691960504
test_14736,0.1987209470959368
test_14737,0.9885393592287522
test_14738,3.805727696102669e-06
test_14739,0.978890394441796
test_14740,0.9999999310181605
test_14741,5.533523139268951e-06
test_14742,0.0031679764209210947
test_14743,0.9999994603322125
test_14744,0.999999862723338
test_14745,0.999983636290366
test_14746,0.9959051984468847
test_14747,0.9983764446318519
test_14748,0.015214159453512786
test_14749,0.6611196382703635
test_14750,0.002996554746145665
test_14751,1.9673816918449746e-05
test_14752,0.0001138790070562711
test_14753,0.0024073052967454067
test_14754,0.9999880045798535
test_14755,0.005900565150392076
test_14756,0.9688478513843882
test_14757,0.9997112688584453
test_14758,0.9963088869889749
test_14759,0.0009004270682734705
test_14760,0.8213289179455293
test_14761,0.8998325065500367
test_14762,6.196997845318475e-08
test_14763,0.5858419132078893
test_14764,0.999999833709129
test_14765,2.558093720512914e-07
test_14766,0.9999337583513359
test_14767,0.9999674232311022
test_14768,0.9978436170025675
test_14769,0.9999349689755508
test_14770,0.9995827224326332
test_14771,0.9997588985242291
test_14772,0.004436501511135606
test_14773,0.010627390779037868
test_14774,0.9992563141503495
test_14775,0.008189952128420962
test_14776,0.45552313860929355
test_14777,0.9986730295952377
test_14778,0.9851963875051065
test_14779,0.0399904268576601
test_14780,0.9999696901868247
test_14781,0.014546823331467408
test_14782,0.983911126656532
test_14783,0.008060124914827016
test_14784,0.20850685969741253
test_14785,0.9973966864005827
test_14786,0.0021586331637520172
test_14787,0.005341224689795101
test_14788,0.9912212557812536
test_14789,0.032957040366174944
test_14790,0.029347495950237622
test_14791,0.9998972403038617
test_14792,0.9238798471616695
test_14793,0.9999958509511242
test_14794,8.667235513214214e-05
test_14795,0.8057524697529075
test_14796,0.9930357499132931
test_14797,0.9975578811618674
test_14798,0.9999926304165537
test_14799,0.0014721468015308757
test_14800,0.0019217914839446666
test_14801,0.00017610898180888697
test_14802,3.178794973257583e-07
test_14803,0.7700060664412893
test_14804,1.2751147077210188e-06
test_14805,0.0007041066332356136
test_14806,2.2930684969152266e-05
test_14807,0.24457803049755755
test_14808,0.69953620912465
test_14809,0.9999395489568599
test_14810,0.019293611005708502
test_14811,0.9996845390156154
test_14812,0.999803851837953
test_14813,0.9959017531791824
test_14814,0.9986496925345995
test_14815,0.9827682829497932
test_14816,0.00013987523050550232
test_14817,0.028707910032862362
test_14818,0.22419415766278175
test_14819,0.9998571098660379
test_14820,0.0003388283675712672
test_14821,0.004707817190235281
test_14822,0.999939072839998
test_14823,0.015286488380063874
test_14824,0.9698785814350608
test_14825,0.0023997318036141383
test_14826,0.9580688048848786
test_14827,0.9998334131498978
test_14828,0.0016430701355135966
test_14829,0.988118696405784
test_14830,0.00446264852302517
test_14831,0.9990441313961823
test_14832,0.0024479377024563933
test_14833,0.0020871551143511187
test_14834,0.9972201724459001
test_14835,2.533108184357229e-06
test_14836,0.999561346732768
test_14837,0.001183908805215756
test_14838,5.082577239951787e-06
test_14839,0.0783931038263781
test_14840,0.0007821605154818194
test_14841,0.9994693955385671
test_14842,0.9999991619350488
test_14843,0.00599785299485297
test_14844,0.31365289045701916
test_14845,0.9992908155560991
test_14846,0.999999906324729
test_14847,0.9995317113141108
test_14848,0.9984443146530579
test_14849,0.9999961225199505
test_14850,0.0010360752133643748
test_14851,0.9994305312080296
test_14852,0.014159654335056478
test_14853,2.9388969469350993e-05
test_14854,0.0007582391776609074
test_14855,0.9749922728040641
test_14856,0.010600198046547929
test_14857,0.9986072843499554
test_14858,0.9961840920044218
test_14859,0.9997007378040836
test_14860,0.9999034156849227
test_14861,0.9927458212331526
test_14862,0.9997034592726152
test_14863,0.016946680521224482
test_14864,0.0003220535655038852
test_14865,0.9999353212018408
test_14866,0.029699347105257314
test_14867,0.00021918453307795787
test_14868,0.38322055762183
test_14869,0.9999998538858692
test_14870,0.00038346349070960263
test_14871,0.9997579644178112
test_14872,0.8221632859076332
test_14873,0.00837773757608119
test_14874,0.009852167460826159
test_14875,0.8743726972243085
test_14876,0.0006553473952088898
test_14877,0.0002713384610531011
test_14878,0.9973982991053028
test_14879,0.9997987845103401
test_14880,0.9994497228186837
test_14881,0.057144352149025086
test_14882,2.1349739291173307e-06
test_14883,0.999823227546273
test_14884,0.7357294306316154
test_14885,0.9917679700251112
test_14886,0.9720105104120801
test_14887,0.013522117477169622
test_14888,0.9999741763647666
test_14889,0.0018662250056868744
test_14890,0.00567636663226423
test_14891,0.9996674921441739
test_14892,0.0021649691412240677
test_14893,1.4073589156505438e-05
test_14894,0.6868393123261813
test_14895,0.9818499161890527
test_14896,0.0006271361156802789
test_14897,0.035412246946176104
test_14898,0.9999862025191832
test_14899,0.0004902376092537795
test_14900,0.003248651104648032
test_14901,0.03777387294877048
test_14902,2.480749698718095e-05
test_14903,0.9999399925896744
test_14904,0.4859448553429252
test_14905,0.9999996836911113
test_14906,0.9999735373870294
test_14907,0.03243777295839176
test_14908,0.021372458446451404
test_14909,6.515417954297702e-07
test_14910,0.0060515598365937255
test_14911,0.9999261076541583
test_14912,0.9998923731173872
test_14913,0.9858994513719274
test_14914,0.9992769950913359
test_14915,0.005509562308932088
test_14916,0.9704568072345304
test_14917,0.9845970143920258
test_14918,0.003956357726125067
test_14919,3.0688834436839386e-06
test_14920,0.0051975472950798315
test_14921,0.007029001465116098
test_14922,0.00013438443817810272
test_14923,2.2497830411771225e-06
test_14924,0.9998573250095651
test_14925,0.9999874672844408
test_14926,0.006188154078448503
test_14927,0.00010562847186995682
test_14928,0.9999294991977089
test_14929,4.09410161619022e-05
test_14930,0.03542827525612673
test_14931,0.9999986234796682
test_14932,0.04644120217224307
test_14933,0.06323871946442278
test_14934,0.00352249007867948
test_14935,1.5255858977115045e-05
test_14936,0.9485769610026357
test_14937,0.9947060107731391
test_14938,0.007809460176531709
test_14939,5.275735052492838e-05
test_14940,0.018705814388885404
test_14941,0.9982913854602734
test_14942,0.9940090924911843
test_14943,0.0006583645768625772
test_14944,0.8280917386346978
test_14945,0.001243649516633434
test_14946,0.0002146520844830819
test_14947,0.9724809578786977
test_14948,0.999758339351895
test_14949,0.8122119416205099
test_14950,0.9988222396991808
test_14951,4.214265776633445e-05
test_14952,0.0018840965747233822
test_14953,0.9999991126273607
test_14954,5.3230215239151055e-06
test_14955,5.269028066609025e-06
test_14956,9.421279578726518e-05
test_14957,0.99715223688634
test_14958,4.527327531447805e-07
test_14959,0.0020119124041449404
test_14960,0.9990585120097869
test_14961,0.998645675003227
test_14962,0.9920754165303727
test_14963,0.9861813848810586
test_14964,6.142806395142542e-05
test_14965,0.9999927060202214
test_14966,0.9998354928629611
test_14967,0.001150949204210846
test_14968,6.3834847352737026e-09
test_14969,0.00039559773532249465
test_14970,3.2451687323034376e-05
test_14971,3.909376159095246e-05
test_14972,0.9320512930202122
test_14973,0.008105891698736843
test_14974,0.9999918622311287
test_14975,0.9997499708276771
test_14976,0.0012584317839534778
test_14977,5.514943906463134e-06
test_14978,0.20670177127313194
test_14979,0.0010063421970294773
test_14980,0.9999999120004508
test_14981,0.3682526158348191
test_14982,0.8717451881612984
test_14983,0.9950989888731032
test_14984,0.004495173516328076
test_14985,0.17526466653056844
test_14986,0.9941880040184659
test_14987,1.047289486825149e-06
test_14988,0.001876233589644746
test_14989,0.9999939377747398
test_14990,0.00035929076595211885
test_14991,0.999998236490983
test_14992,0.9921953975506831
test_14993,0.9999298860167996
test_14994,0.948445715124507
test_14995,0.010973636020777302
test_14996,0.9964326304146205
test_14997,4.7740725025089296e-05
test_14998,0.9999851655661018
test_14999,0.33627058048800307
test_15000,0.9995949423372193
test_15001,0.9932610868491754
test_15002,4.06070801743319e-06
test_15003,2.986181833553962e-06
test_15004,0.03650824673229086
test_15005,0.00961835745615523
test_15006,0.00012813018368503792
test_15007,0.14540387660206744
test_15008,0.9998869632532369
test_15009,8.793802211030707e-05
test_15010,5.323442038303178e-06
test_15011,3.9637467491565985e-06
test_15012,0.0010920648100613186
test_15013,0.9985284212764388
test_15014,0.7958741236499212
test_15015,0.9960016960509475
test_15016,8.610751714848905e-05
test_15017,0.38233515656597594
test_15018,0.9985635660073503
test_15019,0.24245083648748458
test_15020,0.9998817540363463
test_15021,0.0013088339442066728
test_15022,9.937814665835634e-07
test_15023,0.9986219724843783
test_15024,0.9967767123523446
test_15025,0.00012099624885423143
test_15026,2.1450838448408816e-05
test_15027,5.499451681728414e-06
test_15028,2.3960473376777373e-05
test_15029,0.9971848350713667
test_15030,0.005756057055322154
test_15031,1.6490101281357473e-06
test_15032,0.0006635399824680326
test_15033,6.945741281705903e-05
test_15034,0.9999999696801594
test_15035,0.9953044958440824
test_15036,0.0008385386718132278
test_15037,0.018215373920582634
test_15038,0.9999873452108603
test_15039,0.00377887201933965
test_15040,0.9849106461152599
test_15041,0.021055627481287895
test_15042,0.9988212373579813
test_15043,0.0070023107076119225
test_15044,0.9235747594659983
test_15045,9.467165588973315e-06
test_15046,7.036341193309002e-05
test_15047,0.9997934854791451
test_15048,0.9999178024681006
test_15049,0.9999991090114813
test_15050,0.9999474630286252
test_15051,0.9997057303611291
test_15052,0.9414585457746721
test_15053,5.905199581268127e-05
test_15054,0.006959992171079991
test_15055,7.138859324550143e-05
test_15056,0.9982523310060999
test_15057,0.9799610400506756
test_15058,0.9902379309417414
test_15059,0.9995939692732416
test_15060,0.21682507369427867
test_15061,0.9998968526354922
test_15062,0.9983143576723335
test_15063,0.9999875689062055
test_15064,0.0063693154035966175
test_15065,0.998632863631171
test_15066,0.06912976496305552
test_15067,0.9159661492002862
test_15068,0.01815329446052951
test_15069,0.00026781587434790725
test_15070,0.9849500735552217
test_15071,0.18058773141512138
test_15072,0.9565127058774575
test_15073,0.00025910864299195723
test_15074,5.438076340345115e-05
test_15075,1.2604115287850232e-05
test_15076,0.990788820164478
test_15077,0.8980882548696579
test_15078,0.0006574660024549237
test_15079,0.0857447992641168
test_15080,0.004663273098297919
test_15081,0.9731882210243674
test_15082,0.9985780096528459
test_15083,0.9999989623369663
test_15084,0.9997730910782331
test_15085,0.9999988464580363
test_15086,0.0006089453724770564
test_15087,0.9799923553508508
test_15088,0.9770169856186349
test_15089,6.24917842857888e-06
test_15090,0.0004767758605384379
test_15091,0.9987320716849373
test_15092,0.99968316900042
test_15093,0.7177700681978242
test_15094,0.9796521189859457
test_15095,0.0005184861902429543
test_15096,2.3796562393462154e-06
test_15097,0.9999971736756071
test_15098,0.0008035396455689057
test_15099,0.9997120196435476
test_15100,0.6273133122171761
test_15101,3.297238597311109e-05
test_15102,0.9998904588963281
test_15103,0.02033750210906366
test_15104,0.9857748590371822
test_15105,0.9995834401972281
test_15106,0.9991947934960352
test_15107,0.18157916608109628
test_15108,1.8844665830522442e-05
test_15109,0.6395485742959628
test_15110,0.9998205103164518
test_15111,0.9967385551426506
test_15112,0.9985292448153927
test_15113,0.7490016540553344
test_15114,0.9998731576858662
test_15115,0.9999947028384221
test_15116,0.9999999448360691
test_15117,0.8226763556658112
test_15118,0.8025263820183557
test_15119,8.42655819791939e-07
test_15120,0.00576822716170887
test_15121,1.0458417851767238e-06
test_15122,0.31054269454536865
test_15123,0.3353662251261793
test_15124,1.6601919672066508e-06
test_15125,0.8900678289517364
test_15126,0.00010584736819639823
test_15127,0.9996083768656393
test_15128,0.0183776110790377
test_15129,0.0004735925490299125
test_15130,1.2302416756108866e-05
test_15131,0.8279618364359739
test_15132,0.08437857687654919
test_15133,0.9991901889653022
test_15134,0.999994660970607
test_15135,0.9997807952352161
test_15136,0.9998809314011772
test_15137,0.8457292386876311
test_15138,0.9999955184918577
test_15139,0.00016178983670272598
test_15140,1.3000983585123275e-05
test_15141,0.9988163193227984
test_15142,0.999997521514135
test_15143,0.4827647461293528
test_15144,0.0005207722002639342
test_15145,0.9999266280748619
test_15146,0.9988606181315325
test_15147,0.0004606656798616716
test_15148,0.039583910316472966
test_15149,0.0609242179608798
test_15150,0.14295335041742302
test_15151,0.9994338792125151
test_15152,0.00023544679150408395
test_15153,0.0003158256122105356
test_15154,0.9996876132166166
test_15155,0.034756044011604696
test_15156,0.1951557770437454
test_15157,0.9997192270576437
test_15158,4.490811528361899e-07
test_15159,0.0009755743982686039
test_15160,0.9430366919340414
test_15161,0.9999940784920404
test_15162,0.9997662763651454
test_15163,0.0004483667561033639
test_15164,0.9993618611692867
test_15165,0.000185125771420249
test_15166,0.003417850237492128
test_15167,0.6666362082977596
test_15168,0.023249676123270252
test_15169,0.0003740608737718136
test_15170,0.06136745260956724
test_15171,0.99732194233753
test_15172,0.0004552415333231593
test_15173,4.603619221942705e-06
test_15174,0.013930843427108729
test_15175,0.9988395772536809
test_15176,0.9997468705994693
test_15177,0.021006779821596815
test_15178,3.053024750275794e-05
test_15179,0.006084019337541499
test_15180,0.999999089920816
test_15181,1.3662220623349028e-06
test_15182,0.9704419647844046
test_15183,0.0005084642870788319
test_15184,0.9999986029682381
test_15185,0.9999986015020763
test_15186,0.9657861362721892
test_15187,0.6683725513211333
test_15188,0.9999771137797444
test_15189,0.9881682434915631
test_15190,1.1646775578369853e-06
test_15191,0.0016618614998589348
test_15192,0.03057149483008412
test_15193,0.13763720448129804
test_15194,0.007377409936694051
test_15195,3.640156221687532e-07
test_15196,0.01921277300700947
test_15197,0.99995989035496
test_15198,6.26689771708504e-05
test_15199,0.00019857625986648145
test_15200,2.493244256523295e-06
test_15201,0.94649187953617
test_15202,0.9999652713981211
test_15203,9.278961266713955e-05
test_15204,0.9064728557244836
test_15205,0.9284078269391127
test_15206,0.9999823622369736
test_15207,0.8757002968388347
test_15208,0.0009524381209827039
test_15209,5.430917677020808e-07
test_15210,0.000533065631744651
test_15211,7.153583251581487e-05
test_15212,6.655762670070719e-06
test_15213,0.9999781514374422
test_15214,0.9998670573641657
test_15215,0.9908332236924469
test_15216,0.9989676056126283
test_15217,0.05285231915440068
test_15218,0.9999908110745672
test_15219,0.9999633774619053
test_15220,0.0003590969644355381
test_15221,3.116897378956735e-06
test_15222,0.9999953369379128
test_15223,0.19760477132212498
test_15224,0.0003289615780033791
test_15225,0.004877358536043793
test_15226,0.9952287761214172
test_15227,5.8523827950076195e-06
test_15228,0.9999310210516831
test_15229,4.8199166501746774e-05
test_15230,0.9996404955635085
test_15231,0.9999924078628211
test_15232,0.4071688126105344
test_15233,0.008368065062458508
test_15234,0.7366769517472542
test_15235,6.285224804458523e-06
test_15236,0.9996471116710803
test_15237,0.0023516761177690675
test_15238,0.9999871798272417
test_15239,0.018170264582053713
test_15240,0.9999797127768234
test_15241,0.9987215496191785
test_15242,3.081905769140257e-07
test_15243,0.006489846307937315
test_15244,0.0016041028286389216
test_15245,0.9998948884051013
test_15246,0.0036870993670348354
test_15247,0.9999467465668717
test_15248,0.6660204536424774
test_15249,0.03976508585078369
test_15250,0.9999608537397966
test_15251,0.9999801633821483
test_15252,0.9928533047055416
test_15253,0.999899981561579
test_15254,2.1486689340793195e-05
test_15255,1.1558143476595503e-05
test_15256,7.66346565725915e-05
test_15257,0.6662780166005126
test_15258,9.49594552351494e-07
test_15259,0.10696942561410996
test_15260,0.9991720770283365
test_15261,0.8846192044771204
test_15262,0.8446803016704868
test_15263,0.9999846823646262
test_15264,0.002297943822863433
test_15265,0.06475862228110736
test_15266,0.9999244494170882
test_15267,0.0003547169681278188
test_15268,1.6355359762145809e-06
test_15269,0.9997506217920955
test_15270,0.9999857320590634
test_15271,0.00010699074224777197
test_15272,0.9997854153656122
test_15273,0.9670650791263246
test_15274,0.0046915042399124866
test_15275,0.000873819462538855
test_15276,0.28596655043608304
test_15277,0.004167628297329404
test_15278,0.9999962133081751
test_15279,0.9996833408238763
test_15280,0.9988685056918931
test_15281,1.2316035150165018e-07
test_15282,0.9999412416850847
test_15283,0.9999966162649496
test_15284,0.4290497748838275
test_15285,0.006001502412748352
test_15286,0.23428985944341357
test_15287,0.8920293370070486
test_15288,6.3049249870305115e-06
test_15289,4.419454247885868e-05
test_15290,0.9882033988942148
test_15291,0.001249078724305825
test_15292,0.007032001605699871
test_15293,0.0022650045234125743
test_15294,0.9999931538386626
test_15295,0.618738676312888
test_15296,0.9996022826109418
test_15297,0.9999941003375089
test_15298,3.8162146522732667e-07
test_15299,0.012040799426563524
test_15300,9.365667838413948e-05
test_15301,0.00015082957748892813
test_15302,0.0019980142289595377
test_15303,0.840711030886911
test_15304,0.9961244454885698
test_15305,0.9999830071233475
test_15306,0.9999198554661088
test_15307,0.9253846915322264
test_15308,0.06769169619920971
test_15309,0.9994620973587507
test_15310,0.035078278498991845
test_15311,3.430562273279471e-05
test_15312,6.477245982330218e-05
test_15313,0.04341204544376287
test_15314,0.023006463785551077
test_15315,0.9874323094334367
test_15316,0.9938186426545607
test_15317,0.002739238943530073
test_15318,0.0005484467286143502
test_15319,0.004165875912519752
test_15320,0.01878383369644375
test_15321,0.9986960001621599
test_15322,0.4287710265461264
test_15323,0.9995137706443088
test_15324,0.9992178735389269
test_15325,0.9999995240098011
test_15326,0.9662485260977429
test_15327,0.7587030178574957
test_15328,0.0007039127385216666
test_15329,0.9993765041796735
test_15330,0.0010913668176998593
test_15331,0.9999055597710124
test_15332,0.9998906826965049
test_15333,2.3621368796029465e-07
test_15334,0.7971329635336882
test_15335,0.00466217101943381
test_15336,0.9974041149166637
test_15337,0.9999910349324656
test_15338,0.0003669750503070717
test_15339,0.04832271397652126
test_15340,0.9840431564070047
test_15341,0.9931811029951287
test_15342,0.0006568837611665028
test_15343,1.3494969651502216e-05
test_15344,0.9999998727067716
test_15345,0.9996814385016487
test_15346,0.024471234498250075
test_15347,0.9344380229788626
test_15348,8.000464374504392e-07
test_15349,0.9999980383733427
test_15350,0.0038300879790738184
test_15351,8.943214306560103e-07
test_15352,0.0008208407627833225
test_15353,0.997130988170534
test_15354,0.9934278624102678
test_15355,0.9859552503851295
test_15356,9.652122147322831e-05
test_15357,0.00047060230955223056
test_15358,0.037738810062521375
test_15359,0.9999928198896315
test_15360,0.9999914431894286
test_15361,0.9837898183216794
test_15362,0.016294903828595473
test_15363,0.35442136321303763
test_15364,0.9968934031063049
test_15365,0.00016521420703638368
test_15366,0.01496695239002225
test_15367,0.999980605921936
test_15368,0.9998576309469707
test_15369,0.9998481915439678
test_15370,0.01040191912194703
test_15371,0.46567363037026743
test_15372,4.51651209421124e-06
test_15373,0.003811167633090792
test_15374,0.8810330183080735
test_15375,0.03194658334853434
test_15376,0.9999813435455958
test_15377,0.9998569692203683
test_15378,0.9991859496623477
test_15379,0.9999805984075625
test_15380,0.9999850932289811
test_15381,0.999899486356846
test_15382,8.328636268745779e-05
test_15383,0.00021840992654173494
test_15384,0.00035997205756872427
test_15385,0.07356141051679024
test_15386,0.9989578908031876
test_15387,0.9999895647319041
test_15388,0.9996172177450675
test_15389,0.9953856609416295
test_15390,0.0005042730047482
test_15391,0.9987401722628034
test_15392,0.00563344516561708
test_15393,0.9968693516480079
test_15394,0.0005143103286424774
test_15395,0.9999875115211289
test_15396,1.676325704680342e-05
test_15397,0.9998428573996698
test_15398,0.9988573567065084
test_15399,0.03712480344985276
test_15400,0.9997527499233164
test_15401,0.9988151960402598
test_15402,0.9676779358257599
test_15403,0.9406613554697718
test_15404,0.565450090681259
test_15405,0.9989537804795472
test_15406,0.866734785805694
test_15407,0.9999828327854706
test_15408,0.10473298241070303
test_15409,0.9983211829448512
test_15410,0.2183538177727885
test_15411,0.9999790450977201
test_15412,0.9999890741728887
test_15413,0.9999991220513941
test_15414,0.9999951852487841
test_15415,0.8559373858759055
test_15416,0.0002137960570353179
test_15417,0.9654614553895822
test_15418,0.9999855743935064
test_15419,0.9990315784973438
test_15420,0.9992182073874628
test_15421,0.9914161738945957
test_15422,0.0008940943462405262
test_15423,0.133343305152848
test_15424,0.9999943337034832
test_15425,0.999909981302061
test_15426,0.9949152943423901
test_15427,0.9999660978875039
test_15428,0.9999921266353806
test_15429,0.14352782857732427
test_15430,0.9989690455220164
test_15431,0.9999770255264527
test_15432,1.935993647931191e-06
test_15433,0.0005381805999070232
test_15434,0.9998677029886635
test_15435,0.9889181179639562
test_15436,0.00048733308901037546
test_15437,0.9997656367088433
test_15438,0.023742005462004653
test_15439,0.9998764140083585
test_15440,0.003566317113461571
test_15441,0.9979957135698796
test_15442,0.0023053896325600886
test_15443,0.027511568837570312
test_15444,8.500099518003467e-06
test_15445,0.9994291123225089
test_15446,0.999248041931328
test_15447,6.649530870404504e-05
test_15448,0.9984835748444835
test_15449,0.00025101003450252456
test_15450,0.9999213490518168
test_15451,2.0291385601000775e-05
test_15452,0.9858145724077219
test_15453,0.9957207430861493
test_15454,0.041637205919428176
test_15455,0.999999930763617
test_15456,0.9993141311397887
test_15457,0.03996312968799373
test_15458,0.0020498106692371557
test_15459,0.01894338811346701
test_15460,0.9996129891193395
test_15461,0.9766605001242706
test_15462,0.999634763341109
test_15463,3.8030378876777656e-07
test_15464,0.00042567720491823235
test_15465,0.9894645026462617
test_15466,0.9999521334788247
test_15467,0.8845925508530658
test_15468,0.9986344397203717
test_15469,0.020840939926246558
test_15470,0.9840942222994848
test_15471,0.16649637303622186
test_15472,5.188484763112197e-07
test_15473,0.04639556584804154
test_15474,0.0009282135632891057
test_15475,0.08640027686088468
test_15476,0.03368203069545564
test_15477,0.9969827017214113
test_15478,0.9999988245316466
test_15479,0.9998793992717319
test_15480,0.13254482347079352
test_15481,0.9998680469733273
test_15482,0.08197952694240508
test_15483,0.9959652622043026
test_15484,0.009340629378601702
test_15485,0.9969788541455615
test_15486,0.2598637151350965
test_15487,0.0008388058965138153
test_15488,0.013567071278577864
test_15489,0.007069066947095936
test_15490,0.0009887751294351324
test_15491,5.328252636985339e-06
test_15492,0.9999883664080679
test_15493,8.840999448691797e-06
test_15494,0.9981620905552657
test_15495,0.0025490946695914717
test_15496,0.0005146343945409895
test_15497,0.9975927867388048
test_15498,0.9273717783355667
test_15499,0.9999473720143973
test_15500,6.666335579660043e-06
test_15501,0.9999406527988899
test_15502,0.9987299540219639
test_15503,0.9999943855445341
test_15504,0.9999857475589818
test_15505,0.999967971521653
test_15506,0.9915068737922081
test_15507,5.9226384770214625e-06
test_15508,0.9992724945208473
test_15509,0.0004486812194266177
test_15510,0.010093517312957963
test_15511,0.9999985188453793
test_15512,7.061779885656245e-05
test_15513,0.9370653784352208
test_15514,0.9998860579752212
test_15515,0.9976872234845092
test_15516,0.9992378084025376
test_15517,0.015544796457604275
test_15518,0.0030088379198509054
test_15519,0.9997573123352198
test_15520,0.0007297236902783204
test_15521,0.9995194830820567
test_15522,0.980146654412823
test_15523,4.940614118589055e-05
test_15524,0.00030949838692896517
test_15525,0.0004956053509766261
test_15526,0.9999988055239045
test_15527,0.9998323418966424
test_15528,0.000730733109571539
test_15529,0.0005090461695325069
test_15530,0.9954298424603338
test_15531,0.06818472234061944
test_15532,0.011066661234373828
test_15533,0.0009899649813892846
test_15534,0.0002888859533202516
test_15535,4.328890758849659e-06
test_15536,0.002453769996827003
test_15537,0.9974356393244856
test_15538,0.4755017570841792
test_15539,0.0006557084797288763
test_15540,0.0003355705732484072
test_15541,0.9999531653938747
test_15542,0.04426371448369728
test_15543,0.022438721229824297
test_15544,0.9876368351173582
test_15545,0.642086337539664
test_15546,0.001204050763558845
test_15547,3.1349852170524213e-06
test_15548,3.0631722482556034e-07
test_15549,0.010794778726000591
test_15550,0.99979249096279
test_15551,5.313457704746359e-06
test_15552,4.2822926572028174e-05
test_15553,0.9996956523661236
test_15554,0.008516336176695461
test_15555,0.9995761515789775
test_15556,0.8550047226234732
test_15557,4.372402427745732e-05
test_15558,0.00015849614820608534
test_15559,0.9383703145297564
test_15560,0.9964111431715152
test_15561,0.674286798079273
test_15562,0.9997957718856952
test_15563,0.9999358360924313
test_15564,3.3038230757186337e-06
test_15565,0.005560421640895291
test_15566,0.9999622058709811
test_15567,0.005660808041995171
test_15568,0.9902556988198781
test_15569,2.3200776611798486e-06
test_15570,0.9999963602654919
test_15571,0.9319136464008329
test_15572,0.0015016746135951724
test_15573,0.9984659855419147
test_15574,0.9995603071937275
test_15575,0.000617407766097019
test_15576,0.9999037932113916
test_15577,0.9331734312192851
test_15578,0.9999994926116119
test_15579,0.963324449254827
test_15580,0.9999988997345473
test_15581,1.595955360088856e-07
test_15582,0.9948687655445623
test_15583,0.00038035893738217396
test_15584,0.010107531482583991
test_15585,0.9998961312410236
test_15586,0.9997924997358368
test_15587,0.03985421390355087
test_15588,0.12376548668914485
test_15589,0.9998637265744156
test_15590,5.425303470340627e-09
test_15591,0.03490548096393238
test_15592,0.9951693416834119
test_15593,0.9999710267592278
test_15594,0.8886633618908337
test_15595,0.0020884330004674123
test_15596,0.9995003032809234
test_15597,0.9982820321271776
test_15598,0.00520922567286611
test_15599,0.0021096743747740366
test_15600,0.0514176287065223
test_15601,0.9998122398168509
test_15602,8.23741239274917e-06
test_15603,0.0054183426921303604
test_15604,0.011986030294150551
test_15605,0.00036030246027046736
test_15606,0.11891104072220902
test_15607,0.9998847762418862
test_15608,0.14537719052536466
test_15609,0.9999998940070197
test_15610,0.2765956242934459
test_15611,0.8340849000981939
test_15612,0.998906770078697
test_15613,0.999401699772799
test_15614,0.126283911815514
test_15615,0.0013204675250020302
test_15616,0.00254944657908195
test_15617,0.9111354197669039
test_15618,0.0003180378559429093
test_15619,0.9999392270413554
test_15620,0.001814233639770675
test_15621,0.9998874002886311
test_15622,0.010881899745560026
test_15623,0.00013331356549060028
test_15624,0.0007946153552058972
test_15625,0.001663055295799317
test_15626,0.9988227576384959
test_15627,0.99995784863131
test_15628,0.0012595135525551616
test_15629,7.4987522768598945e-06
test_15630,0.00024060808913864407
test_15631,0.9999884910043513
test_15632,0.963891635544019
test_15633,0.9986187517741922
test_15634,7.803024570698322e-06
test_15635,0.00010426880463142212
test_15636,0.9991059347404059
test_15637,0.9999567295375132
test_15638,0.999922144489225
test_15639,0.031373052612128596
test_15640,0.9995502151933305
test_15641,0.999829292999672
test_15642,0.9430366426748198
test_15643,0.9992936084634624
test_15644,0.007116282203631276
test_15645,0.9999935935904941
test_15646,0.9999913030881117
test_15647,3.0799231002549183e-06
test_15648,0.0021689533137565797
test_15649,0.018496995151836185
test_15650,0.9999985959768907
test_15651,0.000250994360014936
test_15652,0.9990468594778593
test_15653,4.925921967161373e-09
test_15654,0.99983439482034
test_15655,0.08827169291361708
test_15656,0.9979906740307692
test_15657,0.028951518830811034
test_15658,0.988727150337394
test_15659,0.001360298044545905
test_15660,0.003425434949183493
test_15661,1.6457285322724752e-05
test_15662,0.0010378161437015942
test_15663,0.9999131090782901
test_15664,1.443976023783954e-05
test_15665,0.9988779747505538
test_15666,0.9999495976787276
test_15667,7.066301496947412e-05
test_15668,0.9999999438297047
test_15669,0.9991784985926596
test_15670,0.019525101152833638
test_15671,0.9847765666467061
test_15672,0.9999994075961641
test_15673,0.0005702723902795855
test_15674,0.0021542260619742772
test_15675,0.994364544399403
test_15676,2.42056300143575e-05
test_15677,3.517631611580022e-05
test_15678,0.9999995703697221
test_15679,0.9999253861905629
test_15680,0.9998306467320969
test_15681,0.10082354090365414
test_15682,0.007761922396927679
test_15683,0.15263868666330768
test_15684,0.9984598914160145
test_15685,4.020996773319461e-07
test_15686,0.37104974966631277
test_15687,0.9997542641799012
test_15688,0.998978461141768
test_15689,0.0004063271764618921
test_15690,0.003170075188736222
test_15691,0.00010430788068425851
test_15692,1.2616208016664307e-05
test_15693,0.9999212668606144
test_15694,0.012826705007432644
test_15695,0.042357747123916885
test_15696,0.9922897488023824
test_15697,0.9994215979471439
test_15698,7.679075927716756e-05
test_15699,0.9991055550010779
test_15700,9.151536522848917e-06
test_15701,0.9754815368317362
test_15702,0.9901973586161185
test_15703,0.9919557269095755
test_15704,0.002200584009536202
test_15705,0.01669413406400238
test_15706,0.999946232550052
test_15707,0.9999243525497996
test_15708,0.3986942804954699
test_15709,0.999994659592188
test_15710,0.9997689250319509
test_15711,0.9999599964061417
test_15712,0.00010284017910477464
test_15713,0.9492505569757127
test_15714,0.179171882886447
test_15715,0.9998126989098449
test_15716,0.2567992832788851
test_15717,0.2302816891293252
test_15718,0.9997840370519298
test_15719,0.0024781957932144393
test_15720,0.9928047149174947
test_15721,0.998695598310039
test_15722,0.9850121351251168
test_15723,0.9995543014911401
test_15724,0.975248080237715
test_15725,0.984779313497081
test_15726,0.9942612753140783
test_15727,0.5013220010205183
test_15728,0.006579471661270312
test_15729,0.01010950929952898
test_15730,0.0007270955660722024
test_15731,0.002381993981756541
test_15732,0.9950472622296831
test_15733,0.9656838882534182
test_15734,0.0013518951099888872
test_15735,0.3005253418334273
test_15736,2.7790254020599165e-05
test_15737,0.9999893079626349
test_15738,0.0019317643953303434
test_15739,0.9857613920570427
test_15740,0.01976687822603002
test_15741,0.9999914724167982
test_15742,0.9997601201756312
test_15743,0.9999866718400873
test_15744,0.18661068641155198
test_15745,0.9224080965493522
test_15746,0.9999987787497164
test_15747,0.9999728026333617
test_15748,0.010751658554575085
test_15749,0.9996868069104432
test_15750,0.271012165666406
test_15751,0.9995592226597324
test_15752,0.6875918187105271
test_15753,0.9988805978859193
test_15754,0.0001296250602482799
test_15755,0.9999979028583308
test_15756,0.000326421833943457
test_15757,0.9998713521616077
test_15758,0.7949481654693624
test_15759,0.03181597174794543
test_15760,0.9332417095047314
test_15761,0.9957452655801619
test_15762,0.9168222424158468
test_15763,0.2499657449296193
test_15764,0.9966680508996717
test_15765,0.9882681441555242
test_15766,0.0005312974628422072
test_15767,0.9954706710320684
test_15768,0.001462129545024819
test_15769,0.004140729671302826
test_15770,0.9938205208309332
test_15771,1.500232473669773e-05
test_15772,0.9960905857250288
test_15773,2.280833391202053e-05
test_15774,0.9996147467770742
test_15775,0.9999987489836265
test_15776,4.208056295498325e-05
test_15777,1.3172331068304617e-05
test_15778,4.647662226091197e-05
test_15779,0.00018197828233110046
test_15780,0.03361625367128077
test_15781,0.004284461554527383
test_15782,0.9763245512247368
test_15783,0.9999051611364397
test_15784,0.07245756036043696
test_15785,0.46731883597963675
test_15786,0.9997032876519182
test_15787,0.14559804941878976
test_15788,0.016815109278992522
test_15789,7.58054784315694e-06
test_15790,0.9988927865519833
test_15791,0.5925379784324207
test_15792,0.9816567111633003
test_15793,0.7915809605570924
test_15794,0.9944642466560851
test_15795,0.0005205302710559202
test_15796,0.11731154646891322
test_15797,0.0006143767028589001
test_15798,0.010716497269364817
test_15799,0.024631173137531187
test_15800,0.7735086635727673
test_15801,0.9914703675708986
test_15802,0.024439636771228523
test_15803,0.0008048302450382592
test_15804,2.112138884615971e-06
test_15805,0.99644016714139
test_15806,5.955615652624374e-05
test_15807,0.9984709996063932
test_15808,0.9941532136586962
test_15809,0.43860275745682864
test_15810,3.851675672583918e-06
test_15811,0.9985120567827316
test_15812,0.0023020368095114725
test_15813,0.9841272613331327
test_15814,0.8744777200726456
test_15815,0.001319768896193631
test_15816,0.30186031496255494
test_15817,0.021394481790033525
test_15818,0.8155686307519565
test_15819,0.999814572809519
test_15820,0.0010456134218019596
test_15821,0.9996912978992165
test_15822,0.9669749042614352
test_15823,0.0006112447765136321
test_15824,0.0176522098971088
test_15825,0.05004964244014405
test_15826,0.0001651587998100921
test_15827,0.9924091887370212
test_15828,0.9992158180006174
test_15829,0.9895979290161266
test_15830,0.0010497239165448066
test_15831,3.7642630814872505e-07
test_15832,0.9999969997130543
test_15833,0.9964696669938458
test_15834,0.008547067283794712
test_15835,0.04658836944670682
test_15836,0.9997355108457362
test_15837,0.9995860810780334
test_15838,9.84481797696164e-05
test_15839,0.9999978565207459
test_15840,0.9995829415262654
test_15841,1.398347062224115e-05
test_15842,0.9987845934353063
test_15843,0.02163401788704394
test_15844,0.0466302312772556
test_15845,0.999402571488862
test_15846,0.058479975710271095
test_15847,0.00023725007223728093
test_15848,0.017188463485830113
test_15849,0.8938397590445866
test_15850,7.056392106900797e-05
test_15851,0.650436080915866
test_15852,0.00029205592039375155
test_15853,0.9974764931808526
test_15854,0.9892013288515386
test_15855,0.9933036529109474
test_15856,0.9792116474793523
test_15857,4.86656101466703e-07
test_15858,0.9939486490002222
test_15859,0.9989190815779672
test_15860,4.897748871223763e-05
test_15861,0.9983329504589293
test_15862,0.003945049702991219
test_15863,0.9952920817698836
test_15864,0.999951201510915
test_15865,0.9998933964603898
test_15866,0.9998248014354504
test_15867,0.9999934207197835
test_15868,0.9767633342043602
test_15869,2.9826231914304406e-05
test_15870,0.0005197221279355841
test_15871,0.9646389535520961
test_15872,0.0007525117238783375
test_15873,0.014344461376393622
test_15874,0.0006468405371967414
test_15875,6.054661592169983e-07
test_15876,0.00043018903064095905
test_15877,7.009154424143702e-06
test_15878,0.9802960263171484
test_15879,0.2792167165340907
test_15880,0.025278118228844383
test_15881,3.381131735909357e-06
test_15882,0.9853143085245829
test_15883,0.0005262639301330972
test_15884,0.9999950808998198
test_15885,0.9991176764221813
test_15886,0.003096335149164743
test_15887,0.999616272207369
test_15888,0.11488655475982193
test_15889,0.5990170711741079
test_15890,0.5094621052040698
test_15891,0.9962022860794179
test_15892,0.9893066686561308
test_15893,0.0007800538369612653
test_15894,2.4229082741014725e-05
test_15895,0.9999726608552759
test_15896,0.9937698143725961
test_15897,0.9992661445635165
test_15898,0.8007304167336281
test_15899,2.2929625686944344e-05
test_15900,0.9999989562985574
test_15901,0.9953320183702266
test_15902,0.004180369616338416
test_15903,0.2381379883942555
test_15904,4.241924341058788e-06
test_15905,0.9997010508200951
test_15906,6.583779193498276e-06
test_15907,0.9988916520600818
test_15908,7.914250344834082e-06
test_15909,0.9997291378728886
test_15910,0.9994290586965485
test_15911,0.0029788246404673473
test_15912,0.9071377472345958
test_15913,0.9981211725264352
test_15914,0.9995814501758181
test_15915,2.1685482631526625e-05
test_15916,0.00880979322846054
test_15917,0.0016533526820649402
test_15918,0.0011509497934613989
test_15919,0.9989583548398415
test_15920,0.6898560275203192
test_15921,0.9999794111586546
test_15922,0.00019472048859393753
test_15923,0.9995123751525837
test_15924,0.01640310662667702
test_15925,0.7291553269760757
test_15926,0.9990669332267998
test_15927,0.9999999960186583
test_15928,0.9980318668829353
test_15929,0.9999915143678336
test_15930,0.019875533171986166
test_15931,0.004049851914034103
test_15932,0.995064767422512
test_15933,0.9991369968665677
test_15934,0.0006989047589799044
test_15935,0.9999891308097009
test_15936,0.2608147929706609
test_15937,0.9988847166012704
test_15938,0.9999899698495992
test_15939,0.9981334656943455
test_15940,0.9994990479890254
test_15941,0.9916470045020707
test_15942,2.35130348911032e-05
test_15943,0.9997972937035743
test_15944,0.016792356410394095
test_15945,0.9751276193004162
test_15946,0.002894938644515853
test_15947,0.00012580013129727304
test_15948,0.9994527645815274
test_15949,0.9999832215117281
test_15950,7.544265497411765e-05
test_15951,1.7706947841601283e-08
test_15952,0.9041584231560267
test_15953,0.05190263080134088
test_15954,0.9999558103230636
test_15955,0.005474830918744773
test_15956,0.008026541891827443
test_15957,0.0015604402696701729
test_15958,0.9962248810082559
test_15959,0.9999825950668382
test_15960,0.7045819006390349
test_15961,0.9874105887399799
test_15962,0.9991097071798275
test_15963,0.7278501023316465
test_15964,0.9996544816324876
test_15965,0.000133013367738694
test_15966,0.9999070529736256
test_15967,0.00024149519270230557
test_15968,7.3586161710809e-05
test_15969,0.0689030245038116
test_15970,0.9693597546853179
test_15971,6.517084214468548e-06
test_15972,0.004830681845245647
test_15973,0.015267062891308837
test_15974,0.01550153337754832
test_15975,0.026859422988160988
test_15976,0.9585937216970531
test_15977,0.9330247582984872
test_15978,0.8242281389961533
test_15979,0.9433226204219148
test_15980,0.013442313953841555
test_15981,0.9999644488749277
test_15982,0.00011610743218522143
test_15983,0.9999922686693312
test_15984,0.99932058137247
test_15985,0.0006193554228016783
test_15986,0.0007363183147134445
test_15987,0.00016760157838495234
test_15988,0.9998205337515059
test_15989,0.012101771991135246
test_15990,0.999678961937396
test_15991,0.9998998295365487
test_15992,1.1045044661698503e-05
test_15993,0.9963654423429866
test_15994,9.380037660592482e-07
test_15995,0.7867220500497564
test_15996,0.29281934778595203
test_15997,0.0020610383109070035
test_15998,0.018086698884804603
test_15999,0.812733235026878
test_16000,7.585983203112987e-08
test_16001,0.9561108685646579
test_16002,7.462376391663078e-05
test_16003,0.925690006994803
test_16004,3.516623100440528e-05
test_16005,3.808231969950158e-05
test_16006,0.8444036984804599
test_16007,0.9428822778782406
test_16008,0.0983513521908822
test_16009,1.2650932612373706e-05
test_16010,0.7734897199548846
test_16011,0.010991116241742316
test_16012,0.00021504280842304948
test_16013,0.9999372408218388
test_16014,0.0006016152579816361
test_16015,0.00034825787172223827
test_16016,0.3125072212828388
test_16017,0.06902552179891318
test_16018,0.9999948298627827
test_16019,0.0001346994739166814
test_16020,0.9989361865592394
test_16021,0.9999999198444651
test_16022,0.9903080757827606
test_16023,5.156588133586658e-05
test_16024,0.0005488495482181297
test_16025,0.024502256721117156
test_16026,0.995198318173642
test_16027,0.998755500957724
test_16028,0.00014509398578274528
test_16029,0.00044237825579989467
test_16030,0.002177047941075348
test_16031,0.09786935867241353
test_16032,0.9849009569065458
test_16033,6.94966004899039e-05
test_16034,0.9999996981403286
test_16035,8.942422945109066e-05
test_16036,0.0005183310962765207
test_16037,0.004446154720343344
test_16038,3.659589673638856e-05
test_16039,0.012032612438232723
test_16040,5.1262711304762e-05
test_16041,0.9999992519268813
test_16042,0.9959413187852484
test_16043,0.9997549545210773
test_16044,0.9956066411520292
test_16045,0.9993491458590597
test_16046,5.757690489793047e-05
test_16047,0.3738107637106405
test_16048,0.9999455593371818
test_16049,0.22224007732143058
test_16050,0.371335776804699
test_16051,0.9718370446875711
test_16052,5.055912370098032e-07
test_16053,0.9754458836142247
test_16054,2.5476282929022927e-05
test_16055,0.005366641718432783
test_16056,0.9945800834150247
test_16057,0.8061794498761331
test_16058,0.005228068474877575
test_16059,0.9989253872233065
test_16060,0.12608147109223153
test_16061,0.9973774528931357
test_16062,0.00031606053194448115
test_16063,0.661775151867085
test_16064,0.9998331809166394
test_16065,0.9999012275281688
test_16066,0.9709779237893131
test_16067,0.9990042685482436
test_16068,0.0006920950549496772
test_16069,0.006964532090344795
test_16070,0.8245155382202497
test_16071,0.9877196860861417
test_16072,0.9872909878309974
test_16073,3.6973283268956647e-07
test_16074,0.004901958252982764
test_16075,0.9970559648379328
test_16076,0.7095196073144134
test_16077,0.999875010823274
test_16078,0.5874451123940645
test_16079,0.9677412886187633
test_16080,0.9999950135051945
test_16081,0.9777944241569653
test_16082,0.618207575451399
test_16083,0.003855428387479685
test_16084,8.125020377526831e-07
test_16085,0.0021583308542320627
test_16086,0.9999942081885632
test_16087,0.9960324602468367
test_16088,0.9999422257123163
test_16089,0.00019048414952587046
test_16090,0.0889658834232311
test_16091,0.9984760282060815
test_16092,0.10759032923510498
test_16093,0.012465504946370673
test_16094,0.9999994771566916
test_16095,0.9992376047916403
test_16096,0.9997347066426349
test_16097,0.0025678226030464765
test_16098,0.7881719174489078
test_16099,0.9999676880385393
test_16100,4.4917715080203496e-05
test_16101,1.9099640578316832e-05
test_16102,0.9999936618499553
test_16103,0.0006498470497643041
test_16104,0.01425680983846657
test_16105,0.8871789649881471
test_16106,0.9919849340914136
test_16107,0.9999756671643139
test_16108,0.09995740991201016
test_16109,0.9999992094779538
test_16110,0.0013756087450553336
test_16111,0.9686233582601821
test_16112,0.9999998389971906
test_16113,0.9983340255156024
test_16114,0.05478974195526961
test_16115,0.0002153783381756483
test_16116,0.000755408229329616
test_16117,0.9999956496664673
test_16118,0.5406834234492759
test_16119,0.9961819349448611
test_16120,0.00021796355067158014
test_16121,0.99723204967564
test_16122,1.837896163839771e-06
test_16123,0.9999618118399581
test_16124,0.9983170102029554
test_16125,0.9999961532939367
test_16126,0.08802350712048167
test_16127,0.9999933319879755
test_16128,0.14819247891046158
test_16129,0.014159498613559876
test_16130,0.9998169717539513
test_16131,0.09291683578351327
test_16132,0.9999746207813122
test_16133,0.0023116685071550664
test_16134,0.9999813297813875
test_16135,0.999710056412166
test_16136,0.9999592756989522
test_16137,0.9999999032766245
test_16138,0.8305723478689953
test_16139,0.9997786081335724
test_16140,0.21879276031646025
test_16141,0.0002076195243879685
test_16142,0.017576273217188902
test_16143,0.9953375265658645
test_16144,0.9984492465887052
test_16145,0.02304076294533588
test_16146,3.0570429978633245e-05
test_16147,0.00022114744649721124
test_16148,0.004329394545772293
test_16149,0.026220381781218733
test_16150,0.3109529006350727
test_16151,0.9937953365842466
test_16152,0.0001535566103554683
test_16153,0.9999952240169093
test_16154,0.0050244816592309215
test_16155,0.9999604447669572
test_16156,0.9987373571113435
test_16157,0.0009536776349439
test_16158,0.0006938599173252555
test_16159,0.24455808338285193
test_16160,0.2692996091848436
test_16161,0.9432044266355081
test_16162,0.942449043408198
test_16163,3.815284384943281e-06
test_16164,0.1242822629357097
test_16165,0.0020475797035117236
test_16166,6.178267312624269e-08
test_16167,0.002768646406194426
test_16168,5.816042108772689e-06
test_16169,0.9999978388245356
test_16170,0.9992971848425413
test_16171,0.002706779756545814
test_16172,0.00015945184500999298
test_16173,0.997424270124824
test_16174,0.0002640630707421551
test_16175,0.8515600665148532
test_16176,0.004876518732647088
test_16177,0.0003662278439869261
test_16178,5.135552366989126e-05
test_16179,1.4251730966285034e-05
test_16180,0.0014340463266918685
test_16181,0.9997901044635711
test_16182,0.00011947187066568733
test_16183,0.00024892688527606096
test_16184,0.9917917743771116
test_16185,0.9998814219766349
test_16186,0.00012125522107496029
test_16187,0.00025942378076191085
test_16188,0.002896794541354963
test_16189,0.9998918346438057
test_16190,0.5009286243710895
test_16191,0.08251339721741768
test_16192,0.9915499776236428
test_16193,0.9999433574749634
test_16194,0.0005167176244669324
test_16195,0.9999661445138189
test_16196,0.00036225238846527777
test_16197,0.9999988677375157
test_16198,7.723675151117185e-06
test_16199,0.869080484684115
test_16200,0.007055616832404982
test_16201,1.685684895518495e-05
test_16202,0.9999994707219458
test_16203,0.9876625247630471
test_16204,0.9999872178531916
test_16205,0.7836122626500767
test_16206,0.9999954321031796
test_16207,0.9805952861196191
test_16208,0.7954387834573842
test_16209,0.33889706053034324
test_16210,0.9999516618489509
test_16211,0.9995626088188881
test_16212,0.9999948025773658
test_16213,0.9632538983764474
test_16214,3.196792915997287e-05
test_16215,0.9521919210333536
test_16216,0.9998711737751831
test_16217,0.0005679098443044796
test_16218,0.9999543750704176
test_16219,0.9956894426136507
test_16220,0.9999465036197336
test_16221,0.9997352728677138
test_16222,0.9797178408976341
test_16223,0.35600458308857685
test_16224,0.9999961457494567
test_16225,0.9825735995427186
test_16226,0.9972118250879978
test_16227,0.0015899219564820685
test_16228,0.04420817932122923
test_16229,0.9969028596319348
test_16230,0.9999692768626541
test_16231,0.9632096650302151
test_16232,1.5243873981930777e-05
test_16233,8.157751920380493e-05
test_16234,0.9066977913729767
test_16235,0.9927651958019161
test_16236,1.0026625273290515e-05
test_16237,0.9999944844049996
test_16238,0.028077738396871516
test_16239,0.06566947047231501
test_16240,0.9582209977466966
test_16241,0.00010030813568095486
test_16242,0.22587019453676258
test_16243,0.9978584749987327
test_16244,0.01013371468354018
test_16245,0.9999733096050678
test_16246,0.967301694514893
test_16247,2.496237437039005e-05
test_16248,0.9999749884304199
test_16249,2.6071669603004766e-05
test_16250,0.9739317918647863
test_16251,0.37335593094757574
test_16252,0.001451344816974835
test_16253,0.9986858810315148
test_16254,0.9965102846408949
test_16255,0.0013349875023487205
test_16256,0.007915855349053862
test_16257,0.28024256800397973
test_16258,0.00017596126934770422
test_16259,0.9999846504684908
test_16260,0.10752344293960735
test_16261,0.979565767135186
test_16262,0.9999995728325357
test_16263,0.892048612358849
test_16264,0.0010893139976546808
test_16265,0.9999753273197574
test_16266,0.9985075400828743
test_16267,2.410659812852526e-05
test_16268,0.9999698780651541
test_16269,3.2357370881790855e-07
test_16270,0.9998061623278335
test_16271,0.9999931119284875
test_16272,0.9999994544141805
test_16273,0.9999999632640757
test_16274,0.9907737957652921
test_16275,1.0673274190571155e-07
test_16276,2.4901504046313374e-07
test_16277,0.9999569682848931
test_16278,1.1296607492647755e-06
test_16279,3.915172637186112e-07
test_16280,0.9919049345737421
test_16281,0.9983306247266921
test_16282,0.9993416844003347
test_16283,9.495165451061161e-06
test_16284,0.015430879472536827
test_16285,0.9384801232967172
test_16286,0.08927124309276174
test_16287,0.9995520218971519
test_16288,5.925708724861428e-05
test_16289,0.9837813817597473
test_16290,0.005395700234443275
test_16291,0.9996582629247314
test_16292,0.9925012856091008
test_16293,0.9996515678439614
test_16294,2.074471359867306e-05
test_16295,0.9946850696817592
test_16296,0.006635292945741812
test_16297,0.9996930888419744
test_16298,0.9973474104079839
test_16299,0.8133954967621891
test_16300,4.626866144859028e-05
test_16301,7.845398231834738e-06
test_16302,0.0025156118178311414
test_16303,0.9999467257480747
test_16304,0.0006847704683867541
test_16305,0.999892377755891
test_16306,0.9937424852800898
test_16307,0.9998533280719184
test_16308,0.9998697606582254
test_16309,0.9999946945907112
test_16310,4.216442488878704e-05
test_16311,0.8402353909067334
test_16312,0.0002816767067689237
test_16313,0.018690922137677257
test_16314,0.9999014865289992
test_16315,0.025350725437814563
test_16316,0.5457985151740886
test_16317,0.9987167767552139
test_16318,0.998260381607507
test_16319,0.00035173223855464983
test_16320,0.9999974204745998
test_16321,0.9817230178157222
test_16322,0.36413424184612186
test_16323,0.005375571092222642
test_16324,0.9999120350040706
test_16325,0.977325778894901
test_16326,0.9996695380522245
test_16327,0.007637230350926927
test_16328,0.006851990273738012
test_16329,6.790376512294232e-05
test_16330,0.9994769778624126
test_16331,0.002119105001789593
test_16332,0.8704843179302202
test_16333,0.007853805972343034
test_16334,0.9997995279409649
test_16335,0.9999784555898028
test_16336,0.0004663503631700305
test_16337,0.12438041838505985
test_16338,0.9985375032402928
test_16339,0.9950199787386274
test_16340,0.7829669658986022
test_16341,0.9999936446574168
test_16342,0.9998429417928613
test_16343,0.9987257484990487
test_16344,0.9743030142711069
test_16345,0.006503405801757945
test_16346,0.9995265646174177
test_16347,0.020612658989322262
test_16348,0.9999758508844968
test_16349,0.9999998355057134
test_16350,0.05985415312610102
test_16351,0.9840931199897355
test_16352,9.075887355715577e-06
test_16353,0.9977141288695399
test_16354,0.1821949308488776
test_16355,0.9999909494781885
test_16356,0.04045840627109736
test_16357,0.26591144468591515
test_16358,0.0008225606377798209
test_16359,0.9859976585517052
test_16360,0.000460830477079483
test_16361,1.9368613450609664e-07
test_16362,0.9999593530496962
test_16363,0.01979093765217877
test_16364,0.02452639659298615
test_16365,0.994578653137424
test_16366,0.35454787685602923
test_16367,0.999954118145557
test_16368,0.0008386757505934066
test_16369,4.391563614432756e-06
test_16370,0.005130827311752182
test_16371,0.8859016194745396
test_16372,0.9999987541813995
test_16373,0.5586222039300266
test_16374,6.0756421684935125e-05
test_16375,0.9688500126572426
test_16376,0.9982897138011814
test_16377,0.9999911524203883
test_16378,0.8659292646007045
test_16379,1.0445337539332094e-05
test_16380,0.0008094096081458419
test_16381,0.771118635008817
test_16382,2.7597560543933763e-05
test_16383,0.7028895372713945
test_16384,0.9999950161400695
test_16385,8.31064962617708e-05
test_16386,0.8371525804810873
test_16387,0.9930851538692447
test_16388,0.4447456638605651
test_16389,0.9997286593884261
test_16390,0.999956927702156
test_16391,0.28823242729784093
test_16392,0.999999240906841
test_16393,0.001031417651482512
test_16394,0.9837927952340381
test_16395,0.004848023132511769
test_16396,0.9999737789192444
test_16397,0.0009699025525178586
test_16398,0.9998784435773217
test_16399,0.0028595838214292954
test_16400,5.568665276283384e-06
test_16401,0.9999779903352128
test_16402,0.9997393800275639
test_16403,0.999822606182366
test_16404,0.9999760092166893
test_16405,6.239497057163337e-06
test_16406,9.045254096146335e-07
test_16407,0.9999355514080704
test_16408,0.19874192776593583
test_16409,0.004990329928909753
test_16410,6.565740069690533e-05
test_16411,0.002153534530870618
test_16412,0.00019142900066213106
test_16413,0.00017728189692536406
test_16414,0.9919605854809558
test_16415,0.999999976023295
test_16416,0.0010300203778290302
test_16417,0.00014340163114393963
test_16418,1.9806630873518786e-05
test_16419,0.00014495583110340015
test_16420,1.8444235880940623e-05
test_16421,0.9978887953740212
test_16422,0.9996136343922318
test_16423,0.9999932388677546
test_16424,0.012121772184109252
test_16425,0.005212284367085169
test_16426,0.011203803978511612
test_16427,0.8154133654623722
test_16428,0.000134191836508682
test_16429,0.9998896158249494
test_16430,0.9999858126799918
test_16431,0.8972204744436386
test_16432,0.8005124988952838
test_16433,0.0002310346225654562
test_16434,0.5998801862049817
test_16435,0.000616521984717431
test_16436,0.0016339170354866827
test_16437,0.9775815164446822
test_16438,0.9997332314153969
test_16439,0.9999975751099611
test_16440,0.9999646580747791
test_16441,5.4841244234432583e-05
test_16442,0.9996218184283477
test_16443,0.0008271218326802111
test_16444,0.9999498150358159
test_16445,0.9659367459378838
test_16446,2.0355344307860645e-05
test_16447,0.9974828640979735
test_16448,0.009744465341947874
test_16449,0.9999892089594048
test_16450,0.0901834319878947
test_16451,0.008864029622308933
test_16452,7.653033945759154e-05
test_16453,0.9922258635284769
test_16454,2.2149543952976484e-07
test_16455,0.9976400245397967
test_16456,0.9809615928006816
test_16457,0.07618384599168578
test_16458,2.3277906517310772e-05
test_16459,0.19642217335861656
test_16460,6.549781960642182e-07
test_16461,0.9999947095402675
test_16462,0.05530803961828822
test_16463,0.9999984625993942
test_16464,0.980540296114651
test_16465,0.7155749384107334
test_16466,0.9781042648993078
test_16467,0.9946458573678182
test_16468,0.5759407771855827
test_16469,0.9994392873457134
test_16470,0.9986966915719679
test_16471,0.0011222566243331469
test_16472,7.036376734550694e-05
test_16473,0.04654014097287666
test_16474,0.6482448337721701
test_16475,0.012312023730695483
test_16476,5.176756445406678e-05
test_16477,0.001632603024002708
test_16478,0.9999838803896154
test_16479,0.14277619788042928
test_16480,0.9999610200115976
test_16481,1.2855966924415425e-06
test_16482,0.995687378543619
test_16483,0.0004901573444810117
test_16484,0.994477415605966
test_16485,0.0012516285540442123
test_16486,0.9952028824164817
test_16487,0.32865836322879055
test_16488,0.001031964507568272
test_16489,4.8858359413257754e-05
test_16490,0.9973363576475376
test_16491,0.20216135915267944
test_16492,0.00019710591527454666
test_16493,0.0006671709273025441
test_16494,0.002398352227213455
test_16495,0.006399674032607041
test_16496,0.9981679191106109
test_16497,3.317011475434451e-05
test_16498,0.0003566437976011296
test_16499,0.009011900476691587
test_16500,0.0006399222309817031
test_16501,0.9989315178905983
test_16502,0.0012757360008860072
test_16503,0.026380199465808815
test_16504,1.0363274658817214e-06
test_16505,0.9999808676143083
test_16506,3.330116224301533e-05
test_16507,0.9900094045460343
test_16508,0.9991266755025523
test_16509,4.9341865131488814e-05
test_16510,0.0005660442041352878
test_16511,0.9937407389404131
test_16512,4.377582199880562e-05
test_16513,0.0018979769082804188
test_16514,0.0014277296031518284
test_16515,0.9826258944566314
test_16516,0.9999880170652358
test_16517,1.0504980994455537e-05
test_16518,0.9998757263998436
test_16519,0.9999788363513531
test_16520,0.6370457661082188
test_16521,0.006556960829250548
test_16522,0.9596704777885564
test_16523,0.9999869060706442
test_16524,0.03190254161597438
test_16525,0.0034935195233379585
test_16526,0.9997757309386252
test_16527,6.635479145155027e-05
test_16528,0.0005510003758278304
test_16529,0.9807891755973128
test_16530,0.0005930387962052706
test_16531,0.11049628437719992
test_16532,0.9995759126412532
test_16533,0.0003680848672802965
test_16534,0.9997351562202962
test_16535,0.9756061732868625
test_16536,6.757376349814712e-05
test_16537,0.9639873603600791
test_16538,0.9987468443380353
test_16539,0.9998243954173585
test_16540,1.203937003808036e-05
test_16541,2.1423960651598757e-05
test_16542,0.13557291566838378
test_16543,0.9843075851547667
test_16544,0.4880737167519669
test_16545,8.715789337693385e-05
test_16546,0.9999984685484747
test_16547,0.9971360995425615
test_16548,0.002342986000006989
test_16549,0.01894115198054835
test_16550,0.9999961408368527
test_16551,0.9999999013766265
test_16552,0.9996105987244008
test_16553,0.007357838407398731
test_16554,0.0012507377403872936
test_16555,0.2921154993206754
test_16556,0.9985815551372482
test_16557,0.9999872281578038
test_16558,0.9999905417692504
test_16559,0.9999867838119613
test_16560,0.00012427741096622763
test_16561,0.9967214167676837
test_16562,0.9754395259660269
test_16563,0.00020564722666278513
test_16564,0.9949867227370728
test_16565,0.9851764905254137
test_16566,6.207288096543253e-05
test_16567,0.9997982674419018
test_16568,0.9992258631288436
test_16569,0.014207108230688548
test_16570,0.9548162660311236
test_16571,0.9927520913787482
test_16572,0.10949747552107403
test_16573,1.1119864184246171e-05
test_16574,0.011214205834759763
test_16575,7.40216919248723e-06
test_16576,3.47821312481366e-05
test_16577,0.0002029434287375391
test_16578,0.9999992326395006
test_16579,0.004352682149828767
test_16580,3.930546235665066e-06
test_16581,3.909838467150748e-06
test_16582,0.9347065467299294
test_16583,0.9999676968125119
test_16584,0.9957163467000756
test_16585,1.5669596264269938e-05
test_16586,0.5077345801668202
test_16587,0.9643895790035153
test_16588,0.0077373799342528625
test_16589,0.9992427022535862
test_16590,0.027896493909850027
test_16591,0.999995576493018
test_16592,0.00016319376663985585
test_16593,0.006606537770541861
test_16594,4.580054454925783e-05
test_16595,0.3712467285388189
test_16596,0.0009160965298656636
test_16597,0.21564264947834522
test_16598,0.9994276972139761
test_16599,0.5254714531062518
test_16600,0.9985188195719255
test_16601,6.590975607322128e-05
test_16602,0.9999426639886574
test_16603,0.9791586507064646
test_16604,0.9999762759425497
test_16605,0.00015906422360494724
test_16606,0.0007154437503277953
test_16607,0.025959769826954342
test_16608,0.9999988442025667
test_16609,0.9999997112095308
test_16610,0.00023104244867702854
test_16611,0.5400257286089203
test_16612,0.029911861410182823
test_16613,0.9999721380930215
test_16614,0.99787802162524
test_16615,0.07330949775983346
test_16616,0.00010103571643644665
test_16617,3.7572984233556756e-05
test_16618,0.004296771082396543
test_16619,8.444675365692651e-05
test_16620,0.9992396337618977
test_16621,0.99853423612575
test_16622,0.999955395392901
test_16623,0.17753226015852608
test_16624,0.9952616294223423
test_16625,0.0007180705702721358
test_16626,0.0002860183503295301
test_16627,2.6580977583874944e-05
test_16628,0.0020744413699898107
test_16629,0.010536736377366972
test_16630,1.8681387880842492e-05
test_16631,3.522953328060993e-05
test_16632,0.9994439763827508
test_16633,6.514194574887145e-06
test_16634,0.48302477747378625
test_16635,3.844723193069043e-05
test_16636,0.9988087411270987
test_16637,0.04123749400869157
test_16638,0.9999632633091481
test_16639,0.9998628044461131
test_16640,0.9592938369179259
test_16641,0.5330258399388424
test_16642,0.9998133641914217
test_16643,0.999931846550678
test_16644,0.9999961597620843
test_16645,0.9997680149934995
test_16646,0.9996450023814661
test_16647,0.9925960868677164
test_16648,0.26870646810395943
test_16649,0.9873151993300914
test_16650,0.052112055507511766
test_16651,2.8509705817632925e-06
test_16652,0.0025972447682813893
test_16653,0.9999761029725182
test_16654,0.9999982524553489
test_16655,0.0033651148308927736
test_16656,0.9780645294088589
test_16657,0.9999789506366107
test_16658,0.9996986556875861
test_16659,0.47314718549574625
test_16660,0.9999940432703994
test_16661,2.7998946425339342e-05
test_16662,0.9996079631076505
test_16663,0.0032702902953324862
test_16664,0.9999970786212158
test_16665,0.00039608007958412525
test_16666,0.9999946758439408
test_16667,6.610990067107228e-06
test_16668,0.9996308200234858
test_16669,2.5582799691542902e-06
test_16670,0.002687387480223323
test_16671,0.19831837551080256
test_16672,0.9999999055508912
test_16673,0.0008962761075406848
test_16674,0.009274758323868076
test_16675,0.04453905959135841
test_16676,0.45048393677827847
test_16677,0.9686109188225296
test_16678,0.5743622984658747
test_16679,0.0005474463287028878
test_16680,0.040145389806498226
test_16681,0.0012090644072893367
test_16682,0.9999732377672125
test_16683,0.03380518879716176
test_16684,0.007496981863339853
test_16685,4.40583160941986e-06
test_16686,0.007280729727792363
test_16687,0.9977835549641302
test_16688,0.950673408058332
test_16689,0.9894816374034515
test_16690,0.9997515880059141
test_16691,0.5007637141091016
test_16692,0.9998193234768672
test_16693,0.11061195200700379
test_16694,0.9999958978296739
test_16695,4.453813351541865e-05
test_16696,0.03631332371159551
test_16697,5.994139915567548e-05
test_16698,0.8492949512255087
test_16699,0.00016347412802479298
test_16700,0.8866958010720547
test_16701,1.0310879144942927e-05
test_16702,0.004707034030756655
test_16703,0.9999814738925881
test_16704,0.0013004322129260726
test_16705,0.9280485102130102
test_16706,0.9927531684006435
test_16707,0.670130324206925
test_16708,0.9991164015197772
test_16709,0.9998930149127707
test_16710,0.0005353301575203161
test_16711,0.9944809548696651
test_16712,0.4943077568280648
test_16713,0.0063939580731214975
test_16714,0.0003606558293000171
test_16715,1.3259832231838117e-05
test_16716,0.0002508061728384053
test_16717,0.9396327686371356
test_16718,0.017325127407256488
test_16719,0.8517292041571922
test_16720,0.00010813628481189954
test_16721,0.9518192545115581
test_16722,0.9999981364687098
test_16723,0.9998921874715642
test_16724,0.001771641735421638
test_16725,0.28131556844256134
test_16726,1.901376051153015e-05
test_16727,0.9985883810135541
test_16728,0.04788985340049748
test_16729,0.36980260968597733
test_16730,0.9997598445541686
test_16731,2.158837901929141e-05
test_16732,0.03590544053152929
test_16733,0.0004844127085793155
test_16734,0.9973235097430365
test_16735,5.746508967670214e-07
test_16736,0.9990066444461577
test_16737,0.9999976871418148
test_16738,0.9994998783669818
test_16739,0.9996129099361261
test_16740,0.999937019723918
test_16741,5.595323450543395e-05
test_16742,0.001247230733203312
test_16743,1.5863289242764502e-05
test_16744,0.9825351620640715
test_16745,0.00018767925908183357
test_16746,0.06045094738794741
test_16747,0.7371828250682808
test_16748,0.9998840479640334
test_16749,0.9967204200228788
test_16750,0.007513067436881425
test_16751,0.9999990744373286
test_16752,0.017930725075127708
test_16753,0.9999747697807723
test_16754,0.001102393862019448
test_16755,0.00015157490010448375
test_16756,0.9999941689093149
test_16757,0.00022846970595331455
test_16758,0.9991683061182701
test_16759,0.4147106253494238
test_16760,0.9805686458447449
test_16761,0.9999718796359879
test_16762,0.9895621199395997
test_16763,0.9870946865532547
test_16764,0.001800159846831517
test_16765,0.9998688853322234
test_16766,0.9999993903748953
test_16767,0.0029700192395431305
test_16768,8.023080386922762e-05
test_16769,0.9856758489486971
test_16770,0.7449681516033424
test_16771,0.7630878751614096
test_16772,0.00018824405790063704
test_16773,0.9893716191053495
test_16774,0.9960476520349122
test_16775,0.0006691554197497117
test_16776,0.0007431007082858567
test_16777,0.9948990110752489
test_16778,0.04174536853150295
test_16779,0.0008600549007395348
test_16780,0.9999949184342816
test_16781,6.174385721504319e-05
test_16782,0.9999826134671289
test_16783,0.7743439870653517
test_16784,0.9978216530436737
test_16785,0.9999844984031342
test_16786,1.315024642928944e-06
test_16787,0.2166280175892685
test_16788,0.7014981992570306
test_16789,0.9999993841032165
test_16790,0.17487040647572727
test_16791,5.730586491878307e-05
test_16792,0.9999972998400675
test_16793,5.778516185348516e-06
test_16794,0.9996896425295182
test_16795,1.5392372779894534e-07
test_16796,0.9912696449553298
test_16797,0.007909802325628882
test_16798,0.8967724867499057
test_16799,0.9998893884269635
test_16800,0.9886194421406574
test_16801,0.9999961650825475
test_16802,0.9999623437885488
test_16803,8.181787769370689e-05
test_16804,0.9999884769827988
test_16805,0.9932075517343417
test_16806,0.9999491333969072
test_16807,0.9991391548738953
test_16808,3.748957813251982e-07
test_16809,0.013597678164220386
test_16810,4.626393780194178e-06
test_16811,0.9991879508695707
test_16812,0.0007303835582818783
test_16813,5.468219927313748e-05
test_16814,0.01143779127984921
test_16815,0.9994396581999487
test_16816,3.076219186638158e-05
test_16817,0.9999793273122657
test_16818,0.0004355145760707432
test_16819,0.9999380733303892
test_16820,0.0009623835501053113
test_16821,0.9889989913045228
test_16822,0.9992277404405793
test_16823,0.9996639730455505
test_16824,0.9999998332334069
test_16825,0.48236099771093094
test_16826,0.9930382190794124
test_16827,0.009721532854896367
test_16828,7.404264242460474e-06
test_16829,0.0028434346057801545
test_16830,0.0004243619452971382
test_16831,0.999924360745346
test_16832,0.9999907998565161
test_16833,0.013845444999082347
test_16834,0.9264708142291556
test_16835,0.9995027529140676
test_16836,8.533238633336852e-05
test_16837,0.9999739042701615
test_16838,0.778411815041138
test_16839,0.9643176936922054
test_16840,0.9969270244872229
test_16841,0.9803293795865762
test_16842,0.9622095938699029
test_16843,9.013421410398684e-07
test_16844,0.9999997277822165
test_16845,4.013897245878042e-07
test_16846,1.629549557236537e-05
test_16847,0.704677335248237
test_16848,0.9999974871824948
test_16849,0.99990374314215
test_16850,0.2284992979190622
test_16851,9.367055904229723e-05
test_16852,0.016013143980002312
test_16853,0.015241742850235109
test_16854,8.160736859761347e-05
test_16855,9.860379087019375e-06
test_16856,0.9821567184467168
test_16857,0.9999993127134795
test_16858,0.9753904762308404
test_16859,0.00027630707418841403
test_16860,0.9989202176879847
test_16861,0.37458913223020895
test_16862,0.00011517097757534497
test_16863,0.9999969791487449
test_16864,0.031134778813390638
test_16865,0.00548384907866857
test_16866,0.0013319134668795948
test_16867,0.9683955834381738
test_16868,0.9915344174104079
test_16869,0.998520501736758
test_16870,0.9996704039696829
test_16871,0.9999817386429999
test_16872,0.999997847926543
test_16873,0.45472439442039636
test_16874,0.082679292531928
test_16875,4.175958767251477e-05
test_16876,0.996722626673043
test_16877,8.409373742911767e-05
test_16878,9.099528881717206e-05
test_16879,0.8571483567084334
test_16880,0.9912434709371777
test_16881,0.0012867965040863915
test_16882,0.00040515495878793253
test_16883,0.9999994686952204
test_16884,0.999935270585291
test_16885,0.009441595708169413
test_16886,0.8380432888114083
test_16887,0.9985185353938529
test_16888,0.9998745154318756
test_16889,0.9999400236258377
test_16890,0.9718749585792134
test_16891,0.09221332803368155
test_16892,0.9999684159976605
test_16893,0.8991935613031726
test_16894,0.9999468082081141
test_16895,0.000915525455616294
test_16896,0.9991705419173557
test_16897,0.000267960363774429
test_16898,2.4813133380870907e-05
test_16899,0.11206851088465254
test_16900,0.00320488042903409
test_16901,0.007177504314761141
test_16902,0.004266152388518945
test_16903,0.9999959425179978
test_16904,0.9999937428823322
test_16905,0.003036390353240623
test_16906,0.11245285111415762
test_16907,0.9997799192498008
test_16908,2.676705485441103e-05
test_16909,0.9957349776648889
test_16910,0.007961621430342253
test_16911,0.09647899663135807
test_16912,0.9999996237106282
test_16913,0.16302960520847504
test_16914,0.0003506595401628688
test_16915,0.9998928805449399
test_16916,0.998025878871143
test_16917,8.62407071072264e-08
test_16918,0.9634721958883883
test_16919,0.030208488800838786
test_16920,0.9989434256727001
test_16921,0.9999056426930414
test_16922,0.8523876139042245
test_16923,0.00818435483698372
test_16924,0.9880716759774831
test_16925,0.0002968010369027185
test_16926,0.0003762821424328449
test_16927,0.010407017049302419
test_16928,0.07765704149457894
test_16929,0.013494224243579432
test_16930,0.10536206805508366
test_16931,0.9979178401926669
test_16932,6.000006727590996e-06
test_16933,0.9997538062145163
test_16934,0.9996436399696175
test_16935,0.050966110249344145
test_16936,0.9990618508702671
test_16937,0.9782675686289753
test_16938,0.006476300965974379
test_16939,0.9937810037877979
test_16940,0.9952188204928174
test_16941,0.9993104807887743
test_16942,0.0693027714346839
test_16943,0.9756764861791496
test_16944,2.884145286393585e-05
test_16945,1.6304301375742513e-05
test_16946,0.9972470809094568
test_16947,8.1881684937647e-06
test_16948,0.003722148969913482
test_16949,0.9995551151789897
test_16950,0.5163881891536161
test_16951,0.9998466991610399
test_16952,0.9893867321647425
test_16953,0.9999886658095473
test_16954,0.0019464195197593866
test_16955,0.959636675447959
test_16956,2.301485564974592e-07
test_16957,0.3202949774188507
test_16958,0.9999852983779278
test_16959,0.016465834989409494
test_16960,0.9998669868528082
test_16961,0.0010699330531676917
test_16962,0.021646488049025567
test_16963,0.9702958599154338
test_16964,7.637480832406438e-06
test_16965,0.9996756694743067
test_16966,0.0023742402161653527
test_16967,0.2207780898268128
test_16968,5.63118145703898e-07
test_16969,0.9880313862798733
test_16970,0.009752330920634876
test_16971,0.9987513461499589
test_16972,0.5955210260371501
test_16973,0.999161057282288
test_16974,0.8929646650301957
test_16975,4.03013261833288e-05
test_16976,0.02320693391154849
test_16977,0.006063173128393453
test_16978,0.9989528542648394
test_16979,0.013937785038851038
test_16980,0.9999015158190208
test_16981,0.9590414974396784
test_16982,0.0006555764082794557
test_16983,0.9999975879536553
test_16984,0.0012067162667435698
test_16985,8.744724983684413e-05
test_16986,0.08620450856386223
test_16987,0.0003618394101689539
test_16988,0.006141255164945194
test_16989,0.00034520106063095095
test_16990,0.0008235741969721374
test_16991,0.0013725708647446652
test_16992,0.9999954577436094
test_16993,0.6371789551997993
test_16994,0.00012295265233551957
test_16995,0.9645124553065464
test_16996,0.6594328662166873
test_16997,0.9261074754725356
test_16998,0.0004062884469270207
test_16999,0.999999516446495
test_17000,0.6581857409432722
test_17001,0.44549497582496633
test_17002,0.9991128979964291
test_17003,5.32917452772782e-06
test_17004,0.9998912800942107
test_17005,0.8095344089934112
test_17006,0.9503531575991117
test_17007,0.9417579063362801
test_17008,0.9992465389519285
test_17009,1.120055264084212e-08
test_17010,0.00024846462558018417
test_17011,0.20450109676262404
test_17012,0.9821748516901407
test_17013,0.5881693875368808
test_17014,4.4572504671667745e-06
test_17015,0.16983005694285333
test_17016,0.9245626588491076
test_17017,0.9394714868503039
test_17018,0.0003760800897088748
test_17019,2.4540392021267774e-06
test_17020,0.9998326028095268
test_17021,0.9999636745961693
test_17022,0.0002735663286664837
test_17023,1.7264715148333838e-05
test_17024,0.999680069137462
test_17025,0.001458580187674476
test_17026,0.0007016371487603428
test_17027,0.9999920787358045
test_17028,0.9992766174261574
test_17029,0.0259896622656085
test_17030,0.9999990222642289
test_17031,0.0043294587343524005
test_17032,0.9796108884245975
test_17033,0.9948332911593353
test_17034,0.0007354597504489447
test_17035,0.9395807510645046
test_17036,0.9999994432742891
test_17037,6.472373587710195e-05
test_17038,0.8641517732573373
test_17039,2.156878206212357e-06
test_17040,0.08364122952889198
test_17041,0.6649966819800119
test_17042,0.015180572868424069
test_17043,0.0002018685999874505
test_17044,0.11193453677442611
test_17045,0.0022592187077367116
test_17046,0.9999803166104506
test_17047,0.9989180235779432
test_17048,0.7555396008173914
test_17049,0.9999992346486093
test_17050,0.6516620630566252
test_17051,0.975877374403213
test_17052,5.609533894739641e-05
test_17053,0.946193933202458
test_17054,0.9988812145264635
test_17055,7.566668327867895e-06
test_17056,0.9999969195138608
test_17057,0.9994691842290327
test_17058,1.8128275300819853e-06
test_17059,0.00015512540586565482
test_17060,0.6156893648860365
test_17061,0.00044391541932827633
test_17062,0.9965148766792683
test_17063,0.9998641577761915
test_17064,2.736506685689553e-06
test_17065,0.9716974940816612
test_17066,0.9156282857354934
test_17067,0.9966981834253892
test_17068,0.00010282224280686738
test_17069,0.9453806494061715
test_17070,6.206383747678435e-05
test_17071,0.9925688975885713
test_17072,0.9925677130837662
test_17073,0.008429754749763247
test_17074,0.9996131660838378
test_17075,0.9421455451816649
test_17076,0.003396121532085821
test_17077,0.9993317970033013
test_17078,0.07924036040007751
test_17079,0.9996536650008951
test_17080,0.9999945332688581
test_17081,6.834699239767692e-05
test_17082,0.9989211696650945
test_17083,0.023238618716614205
test_17084,0.7573786864308499
test_17085,3.8971177403808945e-05
test_17086,0.9791845942419326
test_17087,0.9899218047274686
test_17088,0.9998697601727856
test_17089,0.022595761961753877
test_17090,0.09776041443790463
test_17091,0.0017728910221055003
test_17092,0.04740338549673297
test_17093,0.6413740001003437
test_17094,0.00048133867991220547
test_17095,0.9999039856245118
test_17096,0.004185209300330445
test_17097,0.9995169621700435
test_17098,0.7448750062286156
test_17099,0.9999727951824788
test_17100,3.6702480681606994e-05
test_17101,0.047713469610265326
test_17102,0.999986527252272
test_17103,9.64044236134219e-07
test_17104,0.9777232601027259
test_17105,0.9999342536213829
test_17106,0.9944875526670672
test_17107,5.810229264633567e-05
test_17108,0.003987777179106515
test_17109,0.9998130277113603
test_17110,0.9996568489768992
test_17111,0.9837655935157389
test_17112,0.9999914511472103
test_17113,0.9965530947045381
test_17114,0.9985069933376988
test_17115,0.3691064858081771
test_17116,0.9533983709625541
test_17117,0.0010933699681393372
test_17118,0.9787126980030046
test_17119,0.995629855727099
test_17120,0.9741290158379117
test_17121,0.9951344092126235
test_17122,0.999999965676967
test_17123,0.006660125473843316
test_17124,0.00820622029090677
test_17125,0.9795848500572448
test_17126,0.4972140371789362
test_17127,0.0005488302748796876
test_17128,0.0004247638462406674
test_17129,0.9999993034708601
test_17130,0.9935757321814771
test_17131,0.002237335458555792
test_17132,0.9752523314257607
test_17133,7.494509660652297e-05
test_17134,0.003983169556361557
test_17135,0.0028265965099047653
test_17136,0.9995825783575933
test_17137,0.9596589089368583
test_17138,0.6942494977288315
test_17139,0.006462352092610333
test_17140,0.012908568353296915
test_17141,0.7240063562440787
test_17142,0.9999968494553547
test_17143,0.999981422960087
test_17144,0.014212677168507677
test_17145,6.384325559654171e-05
test_17146,0.99999740522308
test_17147,0.9999999800168056
test_17148,7.570504844581231e-05
test_17149,0.17033293012927644
test_17150,0.0017400257955887885
test_17151,0.999316512288799
test_17152,0.00046883387256952313
test_17153,3.1225655050581845e-05
test_17154,0.0003699478231968687
test_17155,0.0009093270145176361
test_17156,0.0002467228998817609
test_17157,0.9805135366242997
test_17158,0.3943092462042822
test_17159,4.7304666908293767e-05
test_17160,0.9958125058253203
test_17161,0.999517866297324
test_17162,0.00014034800256275753
test_17163,0.9996329050848604
test_17164,0.9860284258868031
test_17165,0.9988129151862374
test_17166,1.6375849339002773e-05
test_17167,0.009435359669663237
test_17168,0.9718855757099716
test_17169,0.9999976162928286
test_17170,0.22610771785433387
test_17171,3.9581381144711013e-05
test_17172,0.9708930313616483
test_17173,0.9799217696769754
test_17174,0.9992436967035256
test_17175,0.016888149566115458
test_17176,0.011752020696854833
test_17177,0.999785206625374
test_17178,0.45166645784088805
test_17179,0.9311460826629835
test_17180,0.9797463387771757
test_17181,0.9999982355052842
test_17182,0.014903344114911059
test_17183,0.9926984786166291
test_17184,0.0007720855895427024
test_17185,0.9999819168389972
test_17186,0.4353990165739008
test_17187,0.9950099662357641
test_17188,0.006151745139888973
test_17189,0.0005058503683793205
test_17190,1.0071928629310075e-05
test_17191,0.023561736263773902
test_17192,0.007528833047363251
test_17193,0.001432203487615756
test_17194,0.9965184257260077
test_17195,4.726848710450445e-06
test_17196,0.006956557231889161
test_17197,0.019438373042408256
test_17198,0.00018388733345948318
test_17199,0.001572972078022064
test_17200,0.9825975080127952
test_17201,6.147685032303284e-05
test_17202,0.0001262817846413899
test_17203,0.9999978362805905
test_17204,0.9882433211146194
test_17205,0.0024202492381744625
test_17206,0.9987163570547173
test_17207,0.0005027027699906058
test_17208,0.9989118245581542
test_17209,0.038977184916680514
test_17210,0.1741227907754741
test_17211,0.015482659966314143
test_17212,0.9991219712558249
test_17213,0.2836891969649007
test_17214,0.9998047548118805
test_17215,0.9999773416029185
test_17216,0.004278165294448357
test_17217,0.08572032728755331
test_17218,0.00010132001922230989
test_17219,0.005309735818705465
test_17220,0.00025143954368921854
test_17221,0.004260298976935203
test_17222,0.9999976406177009
test_17223,0.0030003310961192373
test_17224,0.000417799897020549
test_17225,0.01051607883037472
test_17226,0.0020440551178677532
test_17227,0.9979847042128064
test_17228,0.9999994011437008
test_17229,0.9999890782236617
test_17230,0.9975341858728417
test_17231,0.9955532600557464
test_17232,1.8173594573324285e-07
test_17233,0.03305554786427745
test_17234,0.046765801172460555
test_17235,0.9999970900904726
test_17236,1.5055461200956707e-06
test_17237,0.9934121442801055
test_17238,5.4219412136100025e-05
test_17239,0.9988467487979253
test_17240,0.011914273185798366
test_17241,0.02087902752443529
test_17242,0.9990612843803223
test_17243,4.588597487895735e-05
test_17244,0.9987881407270127
test_17245,5.947292311868301e-05
test_17246,0.001565365329611461
test_17247,0.004593863153285406
test_17248,0.006257584462815003
test_17249,0.9780731209904943
test_17250,5.575241965550285e-05
test_17251,0.9999384349488022
test_17252,0.9998084501531533
test_17253,0.5472957149288533
test_17254,0.01781947355361544
test_17255,0.9999287016212007
test_17256,0.000909723546061549
test_17257,0.012518583893726523
test_17258,0.6329214856784867
test_17259,0.9999297586973156
test_17260,0.00024731755527257135
test_17261,0.9992152957183302
test_17262,0.6066479210198231
test_17263,0.9703922141800054
test_17264,0.9999073667106745
test_17265,0.9999999442795158
test_17266,1.7375301711458082e-05
test_17267,0.006617435742160176
test_17268,0.001940238140718414
test_17269,0.00036767129862673876
test_17270,0.926617218530707
test_17271,7.99212117293167e-07
test_17272,0.9987062785730607
test_17273,0.9986340629003154
test_17274,0.196560513036899
test_17275,0.05898056997232068
test_17276,0.9832871891841823
test_17277,0.9993800794678845
test_17278,0.0018023674737454656
test_17279,2.6457086768762732e-05
test_17280,0.8149022299495136
test_17281,1.6925247410123031e-06
test_17282,0.996732547781571
test_17283,6.021106729752048e-07
test_17284,0.9968156336294814
test_17285,0.9999890489861234
test_17286,0.9999998719612688
test_17287,0.00024344080757895858
test_17288,0.9996936203852244
test_17289,0.17769478919799656
test_17290,4.531244870852642e-05
test_17291,0.9374816137706131
test_17292,0.9999830190555066
test_17293,0.018793918922575297
test_17294,0.9695634038040182
test_17295,0.058971505016052174
test_17296,0.998801526880332
test_17297,0.9986160370151053
test_17298,0.000764819890434245
test_17299,0.8940831782008737
test_17300,0.003501290342460586
test_17301,0.9988679930665684
test_17302,0.006868620339627503
test_17303,0.0006263658864934769
test_17304,0.0015557236809470546
test_17305,0.8937650952704821
test_17306,0.995123808210039
test_17307,0.999018213675187
test_17308,0.9229578654220896
test_17309,0.0002051986377753865
test_17310,0.9941396388198196
test_17311,1.885661265008301e-08
test_17312,0.9800563001309934
test_17313,0.9978179589702092
test_17314,0.995361889293642
test_17315,0.9783828390472868
test_17316,6.706586947898014e-05
test_17317,0.823729019717544
test_17318,0.9983039692109498
test_17319,0.9998292530078762
test_17320,0.999246364965404
test_17321,0.9995234926767107
test_17322,0.003026941559395142
test_17323,0.997227869096977
test_17324,9.794108963639321e-06
test_17325,0.003769564988248401
test_17326,0.9975313965010341
test_17327,3.901747706757563e-05
test_17328,0.3140827127943153
test_17329,4.8623832584062646e-05
test_17330,2.059564864923072e-06
test_17331,0.50634224522059
test_17332,0.9987292148975287
test_17333,0.9862362918524924
test_17334,7.926007803644071e-05
test_17335,0.9991413050677025
test_17336,0.40255368510124484
test_17337,0.0025701052108317328
test_17338,0.9999945039868581
test_17339,0.00059271629092452
test_17340,0.0004374572038591732
test_17341,1.1113381049028548e-07
test_17342,0.009097171512222073
test_17343,0.00015997164848482773
test_17344,0.9995639098754191
test_17345,0.974099638090176
test_17346,0.9968160790438554
test_17347,3.838905140671976e-05
test_17348,0.9999402179597731
test_17349,4.1151872754300815e-05
test_17350,0.00011188355701138482
test_17351,0.951999941270062
test_17352,0.9999958313196876
test_17353,0.9999961366068644
test_17354,0.9864727636846231
test_17355,1.2542165215602072e-06
test_17356,0.018172626564591867
test_17357,0.9867174887794404
test_17358,0.0010240517644931344
test_17359,0.9828585591282558
test_17360,0.999430037924186
test_17361,0.9993751869251444
test_17362,0.001003958560378079
test_17363,0.0004358093392200659
test_17364,0.0001731977454272907
test_17365,0.0004428065628806866
test_17366,0.00512426229847633
test_17367,0.959187820384815
test_17368,0.00014664997361286185
test_17369,0.99936178377516
test_17370,0.9404212929918171
test_17371,0.9999828245004513
test_17372,0.7531228123348784
test_17373,0.0016393893308595468
test_17374,0.9207301490986556
test_17375,0.0031744270219456654
test_17376,0.9984417167880666
test_17377,8.542865141894627e-05
test_17378,0.005677256687816528
test_17379,0.6146737036010531
test_17380,0.9999457532421838
test_17381,0.0003980315514010884
test_17382,0.9310534720287098
test_17383,0.9999800381924819
test_17384,0.10698717199524604
test_17385,0.0008327569164186313
test_17386,2.7828992715240095e-05
test_17387,0.9990106263620999
test_17388,2.2343321574385166e-06
test_17389,0.00012156884193290928
test_17390,0.298470458324896
test_17391,0.006821660334935317
test_17392,0.0036019470023874486
test_17393,0.32172679039182434
test_17394,0.0002883295955276738
test_17395,0.002576850362171106
test_17396,0.9999638774238276
test_17397,0.0007760725837264584
test_17398,0.9994640003634948
test_17399,0.9045975583857178
test_17400,5.0670035214811845e-06
test_17401,0.9919540991273865
test_17402,0.9991800394825877
test_17403,0.9924117279977438
test_17404,0.9961808938476302
test_17405,0.9947018154463082
test_17406,0.00037019153799155237
test_17407,0.8078998761108452
test_17408,0.004015852378455213
test_17409,0.9967692715024666
test_17410,0.9471486437586357
test_17411,0.9999080642225207
test_17412,0.009022292886721708
test_17413,0.9301622432430177
test_17414,0.000171533203034905
test_17415,0.003901845871408441
test_17416,0.9997399619511663
test_17417,0.9999754337777615
test_17418,0.06969151163192386
test_17419,1.6746901974491917e-05
test_17420,0.9998824134897625
test_17421,0.9786740302501951
test_17422,0.9408202880681514
test_17423,0.9981512192645392
test_17424,0.18778032600469788
test_17425,0.8116809260795671
test_17426,0.9988506438111837
test_17427,0.9995524352536896
test_17428,0.0013584355552817371
test_17429,0.0015905616102246149
test_17430,0.9902651065791324
test_17431,1.1337909475173319e-06
test_17432,0.019742423180701196
test_17433,0.009342553361789954
test_17434,0.12788098679218668
test_17435,0.9773024097075307
test_17436,4.7482681453395446e-05
test_17437,0.4360941772385727
test_17438,0.9999561210269995
test_17439,9.475313488651396e-07
test_17440,2.823916530618902e-06
test_17441,0.9999368720196818
test_17442,3.991220676102746e-06
test_17443,0.9997971214036099
test_17444,0.00021796537324653988
test_17445,3.78898133455648e-05
test_17446,0.999895830991986
test_17447,0.0005595317586264976
test_17448,0.9689125235798369
test_17449,0.9972744041139902
test_17450,0.9993831179544064
test_17451,0.005282961318005249
test_17452,4.373461644124009e-06
test_17453,0.9999786519459909
test_17454,0.999894902195643
test_17455,0.048019780179011845
test_17456,0.3283289902936513
test_17457,0.9605422385508453
test_17458,0.013752859548372213
test_17459,0.9192694291765504
test_17460,0.00488138868642085
test_17461,0.999653671799601
test_17462,0.0010059895844812862
test_17463,9.80357444952335e-05
test_17464,8.066348516294561e-05
test_17465,7.0820754265764965e-06
test_17466,0.2957169236234519
test_17467,0.9992720374054092
test_17468,0.9999973287548126
test_17469,0.010872557601201076
test_17470,0.006292492863972228
test_17471,0.738455426762342
test_17472,0.9631198269109221
test_17473,0.9999483976522628
test_17474,0.9982376172729633
test_17475,0.1370825785112959
test_17476,0.9481864178383027
test_17477,0.0006979712303983511
test_17478,0.002242881014346351
test_17479,3.956007636079954e-06
test_17480,0.999996781554243
test_17481,0.8894358311273372
test_17482,0.9925031327264116
test_17483,0.00032198506531034904
test_17484,1.5025958628162954e-06
test_17485,0.9995696637311976
test_17486,1.9277112919840674e-06
test_17487,0.7285318141598913
test_17488,0.0003796970715809796
test_17489,0.9999700923543677
test_17490,0.00018446036544980457
test_17491,0.6333867932246628
test_17492,1.895472767138035e-06
test_17493,0.9999680245590817
test_17494,0.23820231336758335
test_17495,0.006459028115216592
test_17496,0.028682559132769316
test_17497,0.01763492831573437
test_17498,0.013715336410439047
test_17499,0.9996481074717584
test_17500,5.641619718882346e-07
test_17501,0.2701696172716571
test_17502,1.383813240266937e-05
test_17503,0.9999545414135788
test_17504,0.00020475734561784607
test_17505,0.005592288921151701
test_17506,5.586660719953976e-06
test_17507,0.9998430582548684
test_17508,0.9999966053936974
test_17509,0.9995870705194488
test_17510,5.088557238090408e-06
test_17511,0.9972810722517416
test_17512,0.0645931856926188
test_17513,0.9974468259205057
test_17514,0.998970876226494
test_17515,0.9998826633086075
test_17516,7.43818473980496e-05
test_17517,0.9277863080740235
test_17518,0.0012931107135400893
test_17519,8.935832620536981e-05
test_17520,0.014040757033130465
test_17521,0.9999366149737305
test_17522,0.9805057873739391
test_17523,0.004542727729052423
test_17524,0.7094687459980376
test_17525,0.5942466450287744
test_17526,0.999999923786947
test_17527,0.001663093985410036
test_17528,0.9966699584574006
test_17529,0.009113138845783493
test_17530,0.9989597434012084
test_17531,0.0017774682540325768
test_17532,0.1561049891433171
test_17533,0.9999982733319295
test_17534,0.9936124726590194
test_17535,0.9981171745599704
test_17536,0.9999952940768551
test_17537,0.6000300747132558
test_17538,0.993865154417858
test_17539,0.2253366974376584
test_17540,0.0005078642637742784
test_17541,0.9999890959675678
test_17542,0.9999229438987504
test_17543,0.999149143250942
test_17544,3.3271691559572977e-06
test_17545,0.9996920392388936
test_17546,0.9956552279752883
test_17547,0.0038756152210048657
test_17548,0.9987158440740068
test_17549,2.2336728161440853e-06
test_17550,0.9818843081774095
test_17551,0.0010430088561828284
test_17552,0.999976278546865
test_17553,0.05446032406248381
test_17554,0.9361418531696475
test_17555,0.000331648766519553
test_17556,4.481838070664538e-05
test_17557,0.9997680174770842
test_17558,0.9934754582524083
test_17559,0.9999803476242903
test_17560,0.0005164814897533571
test_17561,0.019099908459043576
test_17562,4.20029334960095e-07
test_17563,0.3214042202851039
test_17564,0.0055392819376459315
test_17565,0.000100146525501658
test_17566,6.152856276221519e-06
test_17567,0.9917152615870487
test_17568,0.9502598084993669
test_17569,0.0023525004522985168
test_17570,0.7280003298056328
test_17571,3.16559960782385e-05
test_17572,0.999797111477707
test_17573,0.9931494372198783
test_17574,0.0006656360012051593
test_17575,0.0002418419347786143
test_17576,0.9182088822849557
test_17577,0.9994098956885222
test_17578,0.00019791742401113508
test_17579,0.3693039651547551
test_17580,0.0011339246882509123
test_17581,0.0039139538522837474
test_17582,0.9895743520615098
test_17583,0.5291124422609292
test_17584,0.9989445015581907
test_17585,0.9993737094264092
test_17586,1.836026674454137e-06
test_17587,0.012145842253147878
test_17588,0.011354529953901937
test_17589,0.9961840768136367
test_17590,0.0002921648543861791
test_17591,0.8577509438523251
test_17592,0.010266351420465909
test_17593,0.9999960320825273
test_17594,2.1002476992256086e-06
test_17595,0.9998124657350654
test_17596,0.999240427966504
test_17597,0.9977509979789129
test_17598,0.04228284148291077
test_17599,0.9983375898358984
test_17600,0.5377970295099181
test_17601,0.06731264655527414
test_17602,0.8083591564307564
test_17603,0.0007175974531445735
test_17604,1.4490875901782279e-05
test_17605,0.00010034827188405513
test_17606,2.6088272864745113e-05
test_17607,0.0001261852454187102
test_17608,0.0020089614110305526
test_17609,0.9997160138405642
test_17610,0.9345218997017772
test_17611,0.9994238350243121
test_17612,0.214474626548311
test_17613,0.1683713713343946
test_17614,0.9993883709232065
test_17615,4.773068886297218e-07
test_17616,0.9997714173076311
test_17617,0.0003122763780459291
test_17618,1.277678130178912e-05
test_17619,0.9514092672093034
test_17620,0.9945728333980569
test_17621,0.17695285931034355
test_17622,0.012100073843836316
test_17623,0.9864434888404172
test_17624,0.9999060996611305
test_17625,0.9999713371675811
test_17626,0.0055656223516627095
test_17627,0.03044086335513406
test_17628,0.9992065395958405
test_17629,0.9999286336804537
test_17630,0.9992614932398978
test_17631,0.9960796064331281
test_17632,0.003485639600177598
test_17633,0.9999995053432091
test_17634,5.588605650417673e-05
test_17635,0.937697042302698
test_17636,0.0005645508121640654
test_17637,0.01217656033146079
test_17638,0.9864593787369749
test_17639,0.72816982700207
test_17640,0.9458187912023546
test_17641,0.0035636097500462744
test_17642,0.9994563585811824
test_17643,9.049898301057826e-06
test_17644,0.9825809433556271
test_17645,0.9999529515388682
test_17646,0.9904702866890991
test_17647,1.3496349943779938e-07
test_17648,0.7664010281700337
test_17649,0.004847168783535786
test_17650,0.0032058834718143173
test_17651,0.9855325747372746
test_17652,0.15513617968253948
test_17653,0.0014383594547141764
test_17654,0.0007033777489865617
test_17655,9.528850680907143e-07
test_17656,0.9999043660095587
test_17657,0.9956689522586031
test_17658,0.10222383717527486
test_17659,0.00017095432542854673
test_17660,0.9975134774773722
test_17661,0.9108893077849389
test_17662,0.004263985102605795
test_17663,0.9999996242189946
test_17664,5.8257839612555704e-05
test_17665,0.0013329079123087697
test_17666,0.0043631334499702554
test_17667,0.9999289258157008
test_17668,0.0003815942418912569
test_17669,0.6636742683053839
test_17670,2.3364783085017566e-09
test_17671,4.331837621178914e-05
test_17672,0.9999662750023693
test_17673,0.0042851632194375
test_17674,0.0009669166712944823
test_17675,0.9999998158856159
test_17676,0.9995883388037208
test_17677,0.9949574826755648
test_17678,0.0001459579005178052
test_17679,0.9953903919695397
test_17680,0.00022338743015796572
test_17681,0.011942003146482577
test_17682,0.9848504895294078
test_17683,0.9999230452207162
test_17684,0.9999929277512885
test_17685,0.9972323335059837
test_17686,0.006365884571340172
test_17687,0.0002485469988495726
test_17688,8.313401918026321e-06
test_17689,0.9999316220914471
test_17690,0.0021901409536807977
test_17691,0.8481341160382132
test_17692,0.9474465243911319
test_17693,0.9933371971453022
test_17694,0.9998127250441884
test_17695,0.9989509819894173
test_17696,0.9999889620014604
test_17697,0.9998085466702602
test_17698,5.952035423087871e-05
test_17699,0.00017157471418543436
test_17700,3.0744985668833556e-05
test_17701,0.9998516185268512
test_17702,0.007955922859866496
test_17703,0.000363469786649095
test_17704,3.636189191763853e-07
test_17705,3.54842440264542e-06
test_17706,0.9958766763415942
test_17707,0.00011077323296085016
test_17708,0.999889025008338
test_17709,0.004312958760185353
test_17710,0.9888449628770751
test_17711,0.004394554408022615
test_17712,0.01215540681828392
test_17713,5.466174827699419e-06
test_17714,0.00031697124291462086
test_17715,0.05651852466407113
test_17716,0.0003262085666428209
test_17717,0.9999975761653609
test_17718,0.007447952368848953
test_17719,2.3462354473107192e-06
test_17720,0.001734680299859553
test_17721,0.19295173116077213
test_17722,0.0004869455865901737
test_17723,0.8871561222815907
test_17724,0.9995139697774494
test_17725,0.00018103969069794008
test_17726,0.9979874337216977
test_17727,0.9967075235238386
test_17728,0.8869142360918807
test_17729,0.9867425320502308
test_17730,0.999999612633726
test_17731,0.10984141285624466
test_17732,0.9999478022497363
test_17733,0.9998155006820542
test_17734,1.0850075843459462e-06
test_17735,0.989840245298023
test_17736,0.9999854720690906
test_17737,0.011800550626737474
test_17738,0.0332771924410359
test_17739,0.9905282763121525
test_17740,2.979376770383316e-08
test_17741,0.9999185509840665
test_17742,0.009582935397006895
test_17743,0.9999844914010322
test_17744,0.9993107370240694
test_17745,9.685166955127944e-07
test_17746,0.0013620783331439875
test_17747,0.00023274844772078199
test_17748,0.9885362706661857
test_17749,0.9983336527872706
test_17750,0.001074239990351132
test_17751,0.5338251290939057
test_17752,0.015837068527072604
test_17753,0.9551636319894788
test_17754,7.91771442904783e-05
test_17755,0.6955957034088349
test_17756,0.5466151113699688
test_17757,0.9983252648776275
test_17758,0.000717247581825587
test_17759,0.9999950327685484
test_17760,0.8166350662936936
test_17761,0.450199426263316
test_17762,0.00011330802443200336
test_17763,0.052216000597179645
test_17764,0.01399240590002594
test_17765,0.9999934906862951
test_17766,0.00028011072628002324
test_17767,0.007029661483293696
test_17768,0.9999776866287068
test_17769,2.503353494430754e-05
test_17770,0.9983531846090457
test_17771,0.86263314124942
test_17772,0.9707264800975576
test_17773,0.003546686956485392
test_17774,9.236437975553622e-06
test_17775,0.011003860059512233
test_17776,0.9999705816824702
test_17777,0.0005863939577854263
test_17778,0.013840585180851562
test_17779,0.0002957553341446245
test_17780,0.9999889151290358
test_17781,3.546190617720137e-05
test_17782,0.9999848834616618
test_17783,0.00012967985147903068
test_17784,0.9997709232339201
test_17785,0.9999029563019916
test_17786,0.9603536077039818
test_17787,0.9030566889631569
test_17788,0.9996738760615174
test_17789,0.0015590548322974834
test_17790,0.0017914761283737348
test_17791,0.9866512953778893
test_17792,0.003928108725591632
test_17793,0.021141043164085927
test_17794,0.002654287805465784
test_17795,0.00014152038665949624
test_17796,0.0018515447423668706
test_17797,0.9996633293401944
test_17798,4.7223220438635903e-07
test_17799,0.00010489615990112181
test_17800,0.9974344925058846
test_17801,0.001964561340836033
test_17802,0.13164424288057838
test_17803,0.00024736216409043367
test_17804,0.9994872624841055
test_17805,0.9990653457855454
test_17806,0.999635371513144
test_17807,7.90368957531916e-05
test_17808,0.010374969754646817
test_17809,0.005836612212727184
test_17810,0.00014725841762084502
test_17811,0.07014850786732112
test_17812,0.06247326451510248
test_17813,0.10567298449233357
test_17814,0.8736375184470314
test_17815,0.9997722917514442
test_17816,0.9998630310061286
test_17817,0.00026995346120398914
test_17818,0.5333411394430309
test_17819,0.9999977304877964
test_17820,7.603573176978417e-08
test_17821,0.9981147400117161
test_17822,0.00027061556846796393
test_17823,0.0012860561026130262
test_17824,0.9901339005664775
test_17825,2.579989718955238e-05
test_17826,0.014758463917167565
test_17827,0.9876746635982435
test_17828,0.9996942691112937
test_17829,0.7922906430788597
test_17830,0.9991371653395926
test_17831,0.00035070889090927515
test_17832,3.338016497609217e-05
test_17833,0.9987744831722046
test_17834,0.005513510785439294
test_17835,0.9999999602156335
test_17836,0.935472642698184
test_17837,0.9489208371676706
test_17838,0.9999976953770853
test_17839,0.999997026410411
test_17840,0.8804084578881392
test_17841,0.9313185495309853
test_17842,0.9999984917525051
test_17843,0.006517939079822091
test_17844,0.002563664937565206
test_17845,0.7702155760145272
test_17846,0.000591039300573183
test_17847,0.996011089418355
test_17848,0.9990353430296299
test_17849,3.549877305259076e-05
test_17850,0.007004023442815486
test_17851,0.9102780264098717
test_17852,0.999355325276169
test_17853,0.9991987609954134
test_17854,1.7408400732948885e-06
test_17855,0.00011422333264840807
test_17856,0.9999927033453556
test_17857,8.524541710054716e-07
test_17858,0.9341403352314767
test_17859,0.7931072593727947
test_17860,1.296189889540557e-05
test_17861,0.9987809387718983
test_17862,0.9999985429469223
test_17863,3.0168544978457934e-05
test_17864,0.009634462231463895
test_17865,0.9924523751451345
test_17866,0.00047467851313296903
test_17867,0.11864147356015892
test_17868,0.12867898083511856
test_17869,7.586620638119524e-05
test_17870,0.9984064888505565
test_17871,0.8789756045982776
test_17872,0.06994748533700483
test_17873,0.9997861485573802
test_17874,5.906578630855171e-05
test_17875,0.9999944662241183
test_17876,0.00011953689697567812
test_17877,0.0010066731298585033
test_17878,0.09259271898549336
test_17879,0.9999706416915644
test_17880,0.00012864261442727042
test_17881,0.8372380388660005
test_17882,0.004792934533393468
test_17883,0.5819060443939854
test_17884,0.9979572267858345
test_17885,0.99996356049411
test_17886,0.00011682527821512733
test_17887,0.9999999513611563
test_17888,0.0008392177614152318
test_17889,0.9999992440455795
test_17890,0.9999653859372003
test_17891,0.9857981917887462
test_17892,0.9999894127528262
test_17893,0.9994589767782754
test_17894,0.9618246286581706
test_17895,0.02730870307313213
test_17896,0.7736700811316757
test_17897,1.0300638584866662e-05
test_17898,0.9328665271725665
test_17899,0.6077180475387832
test_17900,0.9997044641891475
test_17901,0.0004865084094556698
test_17902,0.09226575958625868
test_17903,0.9999984335154114
test_17904,0.9980595083446929
test_17905,0.07522592519259606
test_17906,0.9999987585130649
test_17907,0.6849609827132043
test_17908,0.10314099469723548
test_17909,0.973230686326649
test_17910,7.884503348909087e-06
test_17911,0.0009360560536071146
test_17912,0.9992596479115239
test_17913,0.9259795462099552
test_17914,0.005048263790959314
test_17915,0.9989372482439497
test_17916,2.600751419640475e-05
test_17917,3.2953080174320736e-05
test_17918,0.00886464400938643
test_17919,0.0019181384188619055
test_17920,0.0005251916789150278
test_17921,0.9999462212126942
test_17922,0.9986405386763367
test_17923,0.9848833750065353
test_17924,0.00023670858991878618
test_17925,0.018017693794448463
test_17926,0.00014429874460024619
test_17927,0.1084920377954591
test_17928,0.9995008453170051
test_17929,0.001258612769939632
test_17930,0.9995975281732853
test_17931,0.9995617445789048
test_17932,0.002067974988729522
test_17933,0.9995949305761637
test_17934,8.206669318531477e-06
test_17935,0.029808703851762566
test_17936,0.9993691672602787
test_17937,0.0010331066847640747
test_17938,0.0007441462267637911
test_17939,0.999776919907351
test_17940,0.9999999458792186
test_17941,0.2545038461574396
test_17942,0.9999988248240611
test_17943,0.9980441824624052
test_17944,0.9999835947318799
test_17945,7.190688974100575e-05
test_17946,0.4405788227788289
test_17947,0.03551695626476858
test_17948,0.001939574582951118
test_17949,0.6505919650532989
test_17950,0.9993722207908827
test_17951,0.20539807042046296
test_17952,0.042733389473473056
test_17953,0.999987536399169
test_17954,0.0016445803805999353
test_17955,3.8552310931192265e-05
test_17956,0.9975258201370069
test_17957,4.759911392382134e-05
test_17958,0.0010586879859422493
test_17959,3.9988097643927895e-06
test_17960,1.180306756667353e-06
test_17961,0.628957104576205
test_17962,2.0384916580091723e-05
test_17963,0.998865871514258
test_17964,0.9445359706909502
test_17965,0.9999550373351884
test_17966,0.9982859692350691
test_17967,0.99672164832603
test_17968,0.028276943969778562
test_17969,0.0004150284527853906
test_17970,0.000167933658874751
test_17971,0.999933190217343
test_17972,0.005617277019975108
test_17973,0.9999514114310365
test_17974,0.1607521254917981
test_17975,4.637003065012414e-05
test_17976,0.870975238563001
test_17977,0.00635242283756744
test_17978,0.9990949842475176
test_17979,0.9956347746144273
test_17980,0.046468285678618895
test_17981,0.621420205055815
test_17982,0.9999992999070925
test_17983,0.8521930799512025
test_17984,0.0006946479140299458
test_17985,0.04111617184951112
test_17986,4.172360331709417e-05
test_17987,0.07151571252533878
test_17988,0.9998867403769083
test_17989,0.9999998233355679
test_17990,0.011198210566265125
test_17991,0.9998689335340954
test_17992,0.9990884962009896
test_17993,0.057727679280317856
test_17994,0.008283791988196523
test_17995,0.0017153112527470721
test_17996,0.9999984233936531
test_17997,6.7862338582621534e-06
test_17998,0.2908893841043413
test_17999,0.29301520023543776
test_18000,0.8469534263423755
test_18001,6.947808152392875e-05
test_18002,0.9999817766220175
test_18003,0.9982035881884079
test_18004,0.022273754284658248
test_18005,0.985662131919361
test_18006,0.8444273438637446
test_18007,0.9843884444819173
test_18008,0.99956124379909
test_18009,0.9999944444974114
test_18010,8.599483678092601e-05
test_18011,0.9999643205480877
test_18012,0.00016199727569607392
test_18013,0.9870897985484093
test_18014,0.0004104869750891345
test_18015,0.0006030037475776254
test_18016,0.32896675100219724
test_18017,0.0012704577675999556
test_18018,0.11955908558878113
test_18019,0.0002174054368130694
test_18020,0.05809939041996192
test_18021,0.38687005729297197
test_18022,0.999441474399131
test_18023,0.9996395297525785
test_18024,0.1346798483464844
test_18025,0.0009235346648187266
test_18026,0.9842331103103426
test_18027,0.0001681405092153642
test_18028,0.9845253831510083
test_18029,0.04029059729473385
test_18030,0.9739166395211705
test_18031,0.9982882011873395
test_18032,0.0028577840979611075
test_18033,0.9971500477928688
test_18034,0.9999852438446051
test_18035,0.31598927697352946
test_18036,0.9957136992552482
test_18037,0.20078409806091194
test_18038,0.5952264696971087
test_18039,0.9802877105657962
test_18040,0.9999999760030515
test_18041,0.9973882161498095
test_18042,0.9999993045215848
test_18043,9.49630344230849e-06
test_18044,0.999753533823186
test_18045,4.644763668385917e-05
test_18046,0.9791462595815169
test_18047,0.04254506039374594
test_18048,0.08243137444581722
test_18049,0.9999925272269191
test_18050,0.9995422977133076
test_18051,1.8751977426843083e-07
test_18052,0.005046695725796697
test_18053,0.01543110560769686
test_18054,0.03289020995942576
test_18055,0.9965762299742797
test_18056,0.00404967106209594
test_18057,0.1945732572405865
test_18058,0.9988274688257254
test_18059,0.21709542950550906
test_18060,0.9875797731191869
test_18061,0.9996722308932384
test_18062,0.999981114645019
test_18063,0.001254783081548375
test_18064,0.9993444295904261
test_18065,0.9912234972533658
test_18066,0.034683920947086694
test_18067,0.9795540196269611
test_18068,0.06106055966585796
test_18069,0.9834515073867456
test_18070,0.9999610793911465
test_18071,1.9733824278325248e-05
test_18072,0.019134773055417633
test_18073,0.17961173156163668
test_18074,0.02996921513756688
test_18075,0.9999805277525196
test_18076,0.9999829684854878
test_18077,1.4518159223988268e-07
test_18078,0.9994839657230485
test_18079,0.9989794482409683
test_18080,0.9999981421379933
test_18081,0.9998174327938713
test_18082,0.9966945331711726
test_18083,0.9499236025541633
test_18084,0.998981019558373
test_18085,0.0008397087035517087
test_18086,0.9999994553111595
test_18087,0.001115235218021158
test_18088,0.998091196978758
test_18089,0.00411649489111396
test_18090,0.00825370006474018
test_18091,0.9782202516946693
test_18092,0.999997427363676
test_18093,0.5887760186754084
test_18094,0.019571373745932638
test_18095,0.9877566788194576
test_18096,0.8640766631273357
test_18097,0.9999803743080454
test_18098,0.9998795014361664
test_18099,0.9999999363283022
test_18100,0.0002978710813848961
test_18101,0.004367773653707952
test_18102,0.999986066588372
test_18103,0.9149329811087048
test_18104,0.9954678457994363
test_18105,0.9995489324898319
test_18106,0.7083871486222845
test_18107,0.5287709286620043
test_18108,0.0032142240847935406
test_18109,9.642116639830949e-06
test_18110,0.9941981166395139
test_18111,0.3976236993419119
test_18112,0.31119976409069033
test_18113,0.0032175038872570786
test_18114,0.291198639913231
test_18115,0.9978658808726965
test_18116,0.9999775848056364
test_18117,0.004463032900644563
test_18118,0.00032885983308931875
test_18119,0.008093871713720018
test_18120,0.0006704183761465008
test_18121,0.9538191411430412
test_18122,0.004425444802641903
test_18123,0.9785782811198721
test_18124,0.0017088302041900942
test_18125,0.9999780940517095
test_18126,0.9933078426647826
test_18127,9.571305734969185e-06
test_18128,0.0030884056516067185
test_18129,8.485351724102433e-06
test_18130,6.4462529273942655e-06
test_18131,0.9986169929099445
test_18132,7.397612356381195e-06
test_18133,0.01894531887589374
test_18134,0.007928297466918196
test_18135,0.01338358535273067
test_18136,0.0013331805749376327
test_18137,4.1423355788644005e-08
test_18138,0.00032305506330943554
test_18139,0.00750574021569518
test_18140,6.613885713921033e-07
test_18141,0.001220995376569925
test_18142,8.309812307466505e-05
test_18143,0.9907355457634662
test_18144,8.946128787935683e-07
test_18145,0.9970497902268989
test_18146,0.9983190020124493
test_18147,2.7659934354690722e-05
test_18148,0.004319619036474867
test_18149,0.998506779973073
test_18150,0.9998948270718304
test_18151,0.9636287328477026
test_18152,0.9999848181775088
test_18153,0.00037258018808965075
test_18154,0.9999805318620095
test_18155,0.9999996530653839
test_18156,0.013527592280274725
test_18157,0.00023513579999405275
test_18158,0.9333146042783306
test_18159,0.14345350566312012
test_18160,0.9991699349643413
test_18161,0.9876991836998438
test_18162,0.11776829931964122
test_18163,8.565739566249626e-06
test_18164,0.9992968988704033
test_18165,0.08049230870750015
test_18166,0.11175843591498176
test_18167,0.9999994077075687
test_18168,0.9999904913251948
test_18169,0.9975016349130185
test_18170,0.9999022533539955
test_18171,0.9852989037060523
test_18172,0.9976504228149187
test_18173,0.9999990425912697
test_18174,0.9999996998501023
test_18175,0.002231623750679205
test_18176,0.9999992268740299
test_18177,0.9999451975714395
test_18178,0.998802962904743
test_18179,0.9851130160006409
test_18180,0.0007571212851587373
test_18181,0.8900762519933524
test_18182,0.9997535033483308
test_18183,0.9758435257772137
test_18184,0.9485386356072876
test_18185,0.9848424451255602
test_18186,3.2813914459941772e-06
test_18187,3.0511672227795905e-06
test_18188,0.04222759982936655
test_18189,0.18455281993377945
test_18190,0.9999947730635774
test_18191,0.9972410559063174
test_18192,0.9999990300375743
test_18193,0.6497999804620428
test_18194,0.0017726215645862884
test_18195,0.995349483139962
test_18196,0.9814461405324283
test_18197,0.9843481214876424
test_18198,0.027415242867422033
test_18199,0.9778723940858141
test_18200,0.013885769634769335
test_18201,0.983365731554763
test_18202,0.9835887673700707
test_18203,0.9739248488133683
test_18204,0.9999133477548545
test_18205,0.7833373919938331
test_18206,0.00047107577074769516
test_18207,0.9430650658797787
test_18208,0.0012030588863118146
test_18209,0.9992810297634375
test_18210,0.9997549558147748
test_18211,0.011171364402426318
test_18212,0.00209927413940576
test_18213,0.07259173491186505
test_18214,0.0009523896356657079
test_18215,0.8559799257225565
test_18216,0.022994136827969257
test_18217,0.00019393949304219774
test_18218,0.9999993056212338
test_18219,0.0020966696235822915
test_18220,0.9997582421600631
test_18221,0.02289157002164808
test_18222,2.3850209048077784e-07
test_18223,0.00019775987974845173
test_18224,0.9999315543560435
test_18225,0.9999815254254169
test_18226,0.9999411845949939
test_18227,0.9976411002599579
test_18228,0.9999313805410042
test_18229,0.02452402529266062
test_18230,0.9999962587454618
test_18231,0.9715408144889589
test_18232,0.013199650751171773
test_18233,0.992930742366778
test_18234,0.0030514415535461453
test_18235,0.9972023619945456
test_18236,3.5420084323674037e-05
test_18237,0.002527704067625687
test_18238,0.9975982584107312
test_18239,0.9997453721111883
test_18240,0.26351132192819876
test_18241,0.8798413316168255
test_18242,3.3539649115998004e-06
test_18243,0.002301102718337527
test_18244,0.9999849647540564
test_18245,0.9903981629167107
test_18246,0.9993817890244383
test_18247,0.030205054887254248
test_18248,0.978348463620234
test_18249,0.005359210198686976
test_18250,6.506514388398516e-06
test_18251,0.1181577746126464
test_18252,0.9857322445195714
test_18253,0.9998598829080461
test_18254,4.481418536805046e-06
test_18255,1.3296813079240194e-06
test_18256,0.0003380609594144078
test_18257,7.154927242771284e-07
test_18258,0.9817345410000621
test_18259,0.006555846365754957
test_18260,0.9989609397515538
test_18261,0.9999334264626301
test_18262,0.00016665270978680977
test_18263,0.9836344779531243
test_18264,7.947330514358961e-05
test_18265,0.00030435747836501616
test_18266,1.0990482157717008e-05
test_18267,0.9790514273568486
test_18268,0.9966649721405608
test_18269,1.2051121071386907e-06
test_18270,0.9984947100133755
test_18271,0.0017418498418348336
test_18272,3.9846857886551265e-06
test_18273,0.0028247165955419115
test_18274,0.0011218353189802216
test_18275,0.003398133186633549
test_18276,0.0007143045556891698
test_18277,5.362569951354201e-06
test_18278,0.00015741940233461927
test_18279,0.9427504657360815
test_18280,0.999998748222533
test_18281,0.0008774446896373084
test_18282,0.3591895776575675
test_18283,0.004265744068974622
test_18284,0.9881170108587658
test_18285,0.9998784639595952
test_18286,0.01160578466548366
test_18287,0.0001792400215033044
test_18288,1.5597490778267465e-05
test_18289,0.9948656629031676
test_18290,0.9999265352185076
test_18291,0.00014051592095744368
test_18292,0.012918505243246739
test_18293,0.9804416921366963
test_18294,0.9142064552457408
test_18295,0.9830492090709224
test_18296,0.002085690972648153
test_18297,0.0020248089629208983
test_18298,0.9811965196337995
test_18299,4.61316543467889e-05
test_18300,0.622318119079059
test_18301,0.00626712534441946
test_18302,0.0016780221429197532
test_18303,0.0007174938829156186
test_18304,6.535056362018978e-06
test_18305,0.9850044515880677
test_18306,4.303915362046749e-05
test_18307,0.0015850515740914743
test_18308,0.00592224319202391
test_18309,0.9848795613639026
test_18310,0.9997635194504394
test_18311,0.040337214423230114
test_18312,0.00024539254022166686
test_18313,0.9999879212713799
test_18314,0.06129311500008854
test_18315,0.014916367005676938
test_18316,0.964896449108215
test_18317,0.13195015550303413
test_18318,0.9916740262313667
test_18319,0.00014243350951649954
test_18320,0.48608520458817417
test_18321,3.904666011107411e-05
test_18322,0.9961772271030956
test_18323,0.9205399587352868
test_18324,0.9943047947589585
test_18325,0.4654486470674851
test_18326,0.999998154216268
test_18327,0.02069279484953812
test_18328,0.030934665445315316
test_18329,0.9999935518501927
test_18330,1.642914551424393e-05
test_18331,0.9999402074704357
test_18332,0.0006810612051264968
test_18333,0.0306473268614889
test_18334,0.9999626612912259
test_18335,0.004407915718192215
test_18336,3.8383597076774004e-05
test_18337,0.9999829555672557
test_18338,0.9554330882103317
test_18339,0.0011699380741306432
test_18340,0.9999995491785046
test_18341,0.014452235442102385
test_18342,2.1531949860529394e-06
test_18343,0.9998937260173644
test_18344,0.9994755157182239
test_18345,4.907008618209774e-06
test_18346,0.00032062294236649875
test_18347,0.9912647715394004
test_18348,6.207710295664985e-05
test_18349,0.02549542660009081
test_18350,0.9926670380809172
test_18351,0.0008705252079810828
test_18352,0.010614011363613268
test_18353,0.01783633997826943
test_18354,0.5240037188085991
test_18355,0.9918682368320558
test_18356,0.00764921175548122
test_18357,0.9998236873907437
test_18358,3.223168698067204e-05
test_18359,1.0940242822947017e-05
test_18360,0.9998757208833158
test_18361,0.9993544401663914
test_18362,0.05795623200299762
test_18363,0.9999725919900536
test_18364,0.06322429575965766
test_18365,0.9966913736070292
test_18366,0.9978295894017781
test_18367,0.015600087539006198
test_18368,0.9999999888961563
test_18369,0.9999608179782729
test_18370,0.9999642519741201
test_18371,0.04716131436554037
test_18372,0.9343856740693764
test_18373,0.34986847338127547
test_18374,0.9999547925898379
test_18375,0.9999692363115549
test_18376,0.00020138765503088457
test_18377,0.9990612251587232
test_18378,0.08081670954035491
test_18379,0.997616888204649
test_18380,0.004077328473993014
test_18381,0.9905515871436078
test_18382,0.2260926773884606
test_18383,0.9993272764303599
test_18384,0.2634603005331253
test_18385,0.9974493821751548
test_18386,0.9989366267999553
test_18387,0.02466314401651784
test_18388,0.9999284469770867
test_18389,0.996878027282674
test_18390,0.9997729325242237
test_18391,2.7434581790318004e-05
test_18392,0.16594354491817492
test_18393,0.6875338660537798
test_18394,8.200805185673864e-06
test_18395,0.0011014658808961473
test_18396,0.009228032598929714
test_18397,0.9999899861431681
test_18398,0.9657058785813671
test_18399,0.9999228112735641
test_18400,0.0007655023929267347
test_18401,0.9682346795166141
test_18402,0.9998476437421532
test_18403,0.9998117253002494
test_18404,0.9799464238602206
test_18405,0.0020275368546327187
test_18406,0.9829395283623412
test_18407,0.9975953834830446
test_18408,0.997034004864343
test_18409,0.00019764267052322707
test_18410,0.9999997830483083
test_18411,0.9887688941680038
test_18412,0.999660760413045
test_18413,0.9998869892471342
test_18414,0.0005770719606943988
test_18415,7.34681204370528e-08
test_18416,0.9999932423348625
test_18417,4.138032699620946e-06
test_18418,0.9934566455610562
test_18419,0.9997185122466794
test_18420,0.5064799913613627
test_18421,0.35319300758760114
test_18422,0.9982378454778335
test_18423,0.9978666799150855
test_18424,0.9999907112075955
test_18425,0.001336126147104181
test_18426,0.9999994322875442
test_18427,0.9988016155493554
test_18428,9.000798101323487e-05
test_18429,4.2753885953794387e-07
test_18430,0.9939229201529776
test_18431,0.9999694457013313
test_18432,0.00012048001818830392
test_18433,0.9999988285110882
test_18434,0.9998856347418347
test_18435,0.9998102130216047
test_18436,0.994638307113129
test_18437,0.38111924000069186
test_18438,0.00020070647551988607
test_18439,0.9998411813045627
test_18440,0.027262253419665067
test_18441,0.9116979896214507
test_18442,0.9999024277577041
test_18443,0.011557037248930393
test_18444,1.534096588804402e-05
test_18445,0.9999804608637293
test_18446,0.9720015069775001
test_18447,0.02454335776007487
test_18448,0.0010557138457054258
test_18449,8.276073256209285e-07
test_18450,0.6894791529739015
test_18451,0.04270533617334199
test_18452,0.01838128720284942
test_18453,0.9999909652411048
test_18454,0.00017370876668250238
test_18455,0.9993079450043588
test_18456,0.9990880737821922
test_18457,0.03515374302127999
test_18458,0.9981682094011541
test_18459,0.9575568225518843
test_18460,0.9996032986170371
test_18461,0.9963214024401901
test_18462,0.9967850009948215
test_18463,0.9976098787840549
test_18464,0.8164356154489403
test_18465,4.346080391892886e-06
test_18466,0.9981044973539006
test_18467,0.06138642470181539
test_18468,7.160131527720486e-05
test_18469,0.1676350451537067
test_18470,0.8412012550619895
test_18471,0.9997460588181403
test_18472,1.4375817224129398e-06
test_18473,0.9999999521249475
test_18474,0.04801508665931202
test_18475,0.019875363510186737
test_18476,0.999989718614693
test_18477,0.00013756283640781655
test_18478,0.0005344304601463751
test_18479,0.9996951005329434
test_18480,0.7904982703612093
test_18481,0.05093932400873695
test_18482,1.2470808630755081e-05
test_18483,0.9999839365953025
test_18484,0.9377181595683691
test_18485,0.999344913478487
test_18486,0.0151399362832424
test_18487,0.93463714166047
test_18488,0.9495393322327859
test_18489,0.023640687397630228
test_18490,0.9997843466853799
test_18491,4.689284320165051e-06
test_18492,0.015464907168541975
test_18493,0.010463535484082609
test_18494,0.0018782862318048347
test_18495,0.9999263649762993
test_18496,0.05234165399746642
test_18497,0.9966229504442394
test_18498,0.9999665347529582
test_18499,7.369219818919804e-05
test_18500,0.025655607147031745
test_18501,0.9981047257131996
test_18502,0.9825659503572042
test_18503,0.0007516850772484103
test_18504,0.9746045122507716
test_18505,0.0035389585557980582
test_18506,0.9999999352095366
test_18507,0.9999982112300845
test_18508,0.0003848422940479139
test_18509,0.9999932551735189
test_18510,0.9954412096016108
test_18511,0.002052519188534616
test_18512,0.999881885655735
test_18513,0.00024514464578713393
test_18514,0.8660128366362052
test_18515,0.02209017595432771
test_18516,0.9999481508452642
test_18517,0.9948388642427343
test_18518,0.5376049579040358
test_18519,0.998776946804766
test_18520,0.010104203849140056
test_18521,0.45677412890027913
test_18522,1.734687231993675e-05
test_18523,0.9286309096640555
test_18524,0.015182693108904941
test_18525,0.18492894196387227
test_18526,0.9182756723524051
test_18527,0.004568060812584765
test_18528,0.0008808988840805218
test_18529,0.9999867192693069
test_18530,0.9951454272079306
test_18531,0.9999885758817898
test_18532,2.4720178540369183e-06
test_18533,0.999885346998338
test_18534,2.3578237074420818e-08
test_18535,0.0002829148448075451
test_18536,0.9995541635349221
test_18537,0.9456504981855184
test_18538,0.9183477620982535
test_18539,0.02327558461094921
test_18540,0.8093405301601831
test_18541,0.6632342204261051
test_18542,0.003646736896249139
test_18543,0.9997317478195498
test_18544,0.7385935502460332
test_18545,0.9998343470916601
test_18546,0.9998046084818739
test_18547,0.9959731749376203
test_18548,0.9896339686651717
test_18549,0.8923651087592771
test_18550,0.9993562000308758
test_18551,0.9998385994187272
test_18552,5.360441852825954e-05
test_18553,0.02541794545279044
test_18554,0.9999694574891539
test_18555,0.9988738745879044
test_18556,0.9958876742487912
test_18557,0.15879224857535837
test_18558,0.45213464203480314
test_18559,0.9999436747964539
test_18560,6.039721625333882e-05
test_18561,0.04979568022197467
test_18562,0.9993767845778267
test_18563,0.999918823152633
test_18564,0.0013555129053168847
test_18565,0.9894438487859132
test_18566,0.022078248858009263
test_18567,0.8497740941168811
test_18568,0.9223713490224846
test_18569,0.972468124420718
test_18570,0.013680383085362586
test_18571,0.00010010034628678245
test_18572,0.0002986480878772211
test_18573,0.997114916170567
test_18574,0.993300251033631
test_18575,9.68831532455839e-08
test_18576,0.0005963490343364024
test_18577,0.0006347484046289383
test_18578,0.9993671162154077
test_18579,0.9997552327235393
test_18580,0.005627005899081128
test_18581,4.048863039078625e-06
test_18582,0.9999573842628163
test_18583,0.0011136905556608965
test_18584,0.016817592062949947
test_18585,0.0023498386269560365
test_18586,0.9999995359425164
test_18587,0.9944584043921063
test_18588,0.999302765211011
test_18589,0.0004051443809315175
test_18590,0.9999927732969979
test_18591,0.002257392712276808
test_18592,2.82000672566528e-05
test_18593,0.0013843214269565133
test_18594,0.0015838458161040966
test_18595,0.9995978119526279
test_18596,0.9989932373411456
test_18597,0.9999261183981432
test_18598,0.9999884480997743
test_18599,0.9999943370995048
test_18600,0.9977056670217204
test_18601,0.9976760215508277
test_18602,0.999847899992221
test_18603,0.9740393951289963
test_18604,0.010980337843390794
test_18605,0.0022718729198348037
test_18606,0.9954237553689554
test_18607,0.9880703144497941
test_18608,4.507146437068656e-05
test_18609,2.614165169973931e-06
test_18610,0.009462287280339817
test_18611,0.9942723431916133
test_18612,0.9999633439727922
test_18613,0.9531200730296591
test_18614,0.0001325782291723283
test_18615,0.999985945911378
test_18616,3.0521399730188228e-06
test_18617,0.9998594276967255
test_18618,0.022354289156490972
test_18619,0.9990208037065655
test_18620,0.9999994518071568
test_18621,0.39513131544564717
test_18622,0.0029537087562792144
test_18623,0.9999200935588075
test_18624,0.011473648825069791
test_18625,0.9971954152754468
test_18626,0.0014481825086845091
test_18627,0.9638749753683745
test_18628,0.003375820758332849
test_18629,0.65668955430531
test_18630,0.9999769422596073
test_18631,9.975621244656296e-05
test_18632,0.019015491278437487
test_18633,2.086646397492658e-05
test_18634,0.9999980590474812
test_18635,0.992893292089595
test_18636,5.529579087147501e-06
test_18637,0.9991725932159792
test_18638,0.008510289199370738
test_18639,0.9999380549700064
test_18640,0.9999572649587999
test_18641,0.03996024871223567
test_18642,0.0008041995618625357
test_18643,1.1170676915971992e-05
test_18644,0.00327338745051446
test_18645,0.0002100941525083375
test_18646,0.9297394304422965
test_18647,0.038822435232207166
test_18648,0.999989461090365
test_18649,0.0042549780010854256
test_18650,0.0002001159281453642
test_18651,0.9999358807438439
test_18652,0.004110009879000112
test_18653,6.741089552936085e-07
test_18654,0.0017598104726464332
test_18655,0.10248213780604189
test_18656,0.2921686125979624
test_18657,0.0038027702765873433
test_18658,0.0005408622337645604
test_18659,0.9959702937410361
test_18660,0.91145210175478
test_18661,9.916204368420026e-07
test_18662,4.142451519640492e-06
test_18663,0.5533758926338515
test_18664,0.9999821477742089
test_18665,2.9651895145752943e-05
test_18666,0.5739498827424799
test_18667,0.9997789486061713
test_18668,0.9999868822786177
test_18669,0.9991005953730535
test_18670,0.00014755388419537209
test_18671,4.870657203071213e-05
test_18672,0.00036335316186907426
test_18673,0.9978251674483382
test_18674,0.10235531214148383
test_18675,0.005772236960016702
test_18676,0.9954246331453949
test_18677,0.04856146833744365
test_18678,8.31388068091304e-06
test_18679,0.9996379515920335
test_18680,0.9999893452076352
test_18681,0.8153352142520324
test_18682,0.9993122509111914
test_18683,0.9991499636868841
test_18684,0.9989961535086502
test_18685,0.8915214873759301
test_18686,0.9572686657028089
test_18687,0.9988628388027279
test_18688,4.02230831301239e-05
test_18689,0.9994909035855384
test_18690,0.9998887203733731
test_18691,0.9711368779387844
test_18692,0.0003494730483690051
test_18693,0.9999679256920203
test_18694,0.030296764326159055
test_18695,0.9996295682248072
test_18696,0.9999856242629043
test_18697,0.0016361745804653874
test_18698,1.909006435191351e-05
test_18699,0.2235363912972865
test_18700,0.9972781815300049
test_18701,0.8126490580631358
test_18702,0.23660267488697367
test_18703,0.0003554121167032102
test_18704,0.4441898607812453
test_18705,0.00118730097495063
test_18706,0.9970763380953938
test_18707,0.0013363728938912763
test_18708,9.235345896723789e-06
test_18709,0.9999434767172116
test_18710,0.9970341982205111
test_18711,0.9991249964776707
test_18712,0.013540465271435306
test_18713,0.9999999937582795
test_18714,0.010248825454240738
test_18715,0.9999986287878206
test_18716,0.9990932752020951
test_18717,0.027636816456567754
test_18718,0.2504031382343607
test_18719,0.9833923712152661
test_18720,0.0004992564732405293
test_18721,0.9067382402474532
test_18722,0.9123495085309062
test_18723,4.950296693917393e-06
test_18724,0.9985827939367754
test_18725,0.9998180868924663
test_18726,0.999027992091153
test_18727,0.9942441949229277
test_18728,0.8817357604491352
test_18729,0.8306110372767721
test_18730,0.03265486527029536
test_18731,0.9999744272250746
test_18732,3.7766148327718305e-07
test_18733,0.9999740635586564
test_18734,0.475735764639432
test_18735,0.00013907321008782436
test_18736,0.9999919977302566
test_18737,0.9999382487517049
test_18738,5.555332666818742e-07
test_18739,0.9984119395972565
test_18740,0.0668713912752577
test_18741,0.0009632632374120789
test_18742,0.02997041811074186
test_18743,0.9999965796548834
test_18744,0.9993502025336395
test_18745,0.999903744006169
test_18746,0.9999595018496771
test_18747,0.001284511944377613
test_18748,0.9995001879347223
test_18749,0.9999982870548111
test_18750,0.005434150215667713
test_18751,0.1321737140901777
test_18752,8.701660286371752e-05
test_18753,0.9999906363824048
test_18754,0.9873633945495651
test_18755,0.9422203913437119
test_18756,0.4361642574831653
test_18757,0.002964592889823944
test_18758,2.9563553447326262e-05
test_18759,0.9964214600597493
test_18760,0.10622955477253727
test_18761,0.6600398157681812
test_18762,0.9987936903965497
test_18763,0.9996788161746827
test_18764,0.9998563358092386
test_18765,0.00045825384170934544
test_18766,0.00018290372071529283
test_18767,0.9997946201590525
test_18768,0.12601826954917458
test_18769,0.0001162272156764548
test_18770,0.8532456653943618
test_18771,3.724769291916761e-05
test_18772,0.00012836278377257644
test_18773,0.702291195979864
test_18774,3.0495304386537848e-05
test_18775,4.209064473744802e-05
test_18776,0.0007854227378043197
test_18777,0.00043536325815736324
test_18778,0.9997319418125152
test_18779,0.6788877962132416
test_18780,0.9502540473815574
test_18781,0.010731922848823605
test_18782,0.9999064980378185
test_18783,0.008761436341444407
test_18784,5.128131697533941e-05
test_18785,0.8723900403000308
test_18786,0.0008378922046025216
test_18787,0.9999996951739912
test_18788,0.9999690429144773
test_18789,0.0001262153315944673
test_18790,1.8817585024760143e-06
test_18791,0.00232826207393181
test_18792,0.9824160127461519
test_18793,1.0050918525936879e-08
test_18794,0.9998728681538419
test_18795,0.001521487762385177
test_18796,0.9933061885019215
test_18797,0.9999186253990798
test_18798,0.0031438277422592116
test_18799,0.9997248595403044
test_18800,0.5696903216777179
test_18801,0.11826405411322624
test_18802,0.9998836422158688
test_18803,0.13532257499419803
test_18804,3.30629671414784e-05
test_18805,0.0013907501277420845
test_18806,0.9999422919083708
test_18807,0.0007102407422765926
test_18808,0.0009864108750828218
test_18809,3.6114837942913875e-05
test_18810,0.00020322790900528592
test_18811,0.8161061563766029
test_18812,2.4100502530491134e-05
test_18813,0.9996976537833429
test_18814,0.9378621953629535
test_18815,0.02394342935207924
test_18816,0.9999106162133323
test_18817,5.5109391719704115e-05
test_18818,0.0031218452323278044
test_18819,0.9929125819761703
test_18820,0.9850178432658847
test_18821,0.9999992092870307
test_18822,0.9727403349123246
test_18823,0.9999986200808596
test_18824,2.320821050212602e-06
test_18825,0.014167601688193667
test_18826,9.415304484373187e-05
test_18827,2.705245917112287e-06
test_18828,0.0008948984730473476
test_18829,0.0009917510725655436
test_18830,0.0031150871953444055
test_18831,0.9989103147120107
test_18832,0.004719908702608364
test_18833,0.006510167101867177
test_18834,0.9989610779416289
test_18835,0.9998541190622592
test_18836,0.9948418229485575
test_18837,0.9986694913535349
test_18838,0.000365676370343341
test_18839,0.9999433063705496
test_18840,0.9273652472799664
test_18841,0.0003302260679442034
test_18842,3.084532544783605e-05
test_18843,0.9999827767804473
test_18844,1.6604542383297358e-06
test_18845,0.9975187294709923
test_18846,0.9906818292664804
test_18847,0.02957773834579482
test_18848,0.016077130557448832
test_18849,0.9985444987559319
test_18850,0.6503106941236794
test_18851,0.9995406745228554
test_18852,1.7679748736976232e-06
test_18853,0.008848790973257132
test_18854,0.8759326508521024
test_18855,8.380266628404227e-06
test_18856,0.06377024392627764
test_18857,2.5722530294495455e-06
test_18858,0.969606879836713
test_18859,0.009740689582039195
test_18860,0.9941842390403515
test_18861,0.0025350514276621674
test_18862,0.006220878260600378
test_18863,0.0040461932095814295
test_18864,0.9998963617362854
test_18865,1.0113717296183425e-06
test_18866,0.00033032684807763376
test_18867,0.9999295592439051
test_18868,0.00011131256475410257
test_18869,0.6903440595559782
test_18870,0.9998605832694651
test_18871,0.0002712995216349796
test_18872,0.8493526310501217
test_18873,0.08993864887042022
test_18874,0.11627811545037862
test_18875,0.02287338396134202
test_18876,0.9994232104961187
test_18877,0.00015247128343771083
test_18878,0.9976438638489651
test_18879,7.754200254169726e-06
test_18880,0.9999499210621277
test_18881,0.9999992497659582
test_18882,0.00017918488851040803
test_18883,0.2924965989072898
test_18884,0.3351239579339115
test_18885,0.0017924882850555803
test_18886,0.5567501527341396
test_18887,0.3777989662089766
test_18888,0.026074243534757742
test_18889,0.0006835194812193165
test_18890,0.013220065247022468
test_18891,0.00010509641313819839
test_18892,0.9999840493272458
test_18893,0.9853023270430972
test_18894,0.9999841320468126
test_18895,0.9722499684914397
test_18896,0.9997511232974148
test_18897,0.9897953313272169
test_18898,0.9890121883037872
test_18899,0.4016988989727886
test_18900,0.139062516515086
test_18901,0.9973383634749677
test_18902,0.9957251710180736
test_18903,0.002988254543626628
test_18904,0.05929208105460598
test_18905,0.1471603558266918
test_18906,0.00010754315088668422
test_18907,1.5961217471233626e-05
test_18908,0.7498603513128141
test_18909,0.9993611583422402
test_18910,2.7402086460801138e-05
test_18911,0.010616517126777643
test_18912,0.9899737417331165
test_18913,0.0003989489801408063
test_18914,0.002617937831868511
test_18915,0.053725451264868045
test_18916,0.00011654254683866773
test_18917,0.043674117212113575
test_18918,0.9999999138175196
test_18919,0.9998308146490736
test_18920,5.191987585209248e-06
test_18921,0.999853720946597
test_18922,0.00039959847068865985
test_18923,0.9898829344351566
test_18924,1.925496797985363e-05
test_18925,0.0006843552192119269
test_18926,0.00010149712908514957
test_18927,0.9862827930712685
test_18928,1.597157378717534e-07
test_18929,0.1945017284500269
test_18930,0.9999982815556882
test_18931,0.9999212674309161
test_18932,0.0037312641349640766
test_18933,0.008936678906181718
test_18934,0.9999999587258407
test_18935,0.07587836932252472
test_18936,0.0005069727084243355
test_18937,0.999396387402755
test_18938,0.0003077018735500189
test_18939,0.007888472081543146
test_18940,0.00020400226182524763
test_18941,0.9953225137203557
test_18942,9.284467924739461e-05
test_18943,1.1973830977883689e-05
test_18944,0.0017244497927518863
test_18945,0.9999976806970515
test_18946,4.727432931352854e-05
test_18947,0.9999842200019461
test_18948,0.4622848994621468
test_18949,0.9986254958968146
test_18950,0.052601515206907465
test_18951,6.366721980075473e-05
test_18952,0.8345649346927914
test_18953,0.8800732125971177
test_18954,0.9999974190651687
test_18955,0.004871593132343859
test_18956,0.018392595387255087
test_18957,0.9999696228947457
test_18958,0.9990106188151463
test_18959,0.00014910692744956764
test_18960,0.3330103561828598
test_18961,0.1256915713944733
test_18962,8.27381848648805e-05
test_18963,0.000769737352405873
test_18964,0.006400282067142865
test_18965,0.005314984809748108
test_18966,0.9588556337986676
test_18967,0.9999986308967816
test_18968,0.9985846593432562
test_18969,0.9999359475830004
test_18970,1.4304410043257783e-05
test_18971,0.9999836364491653
test_18972,0.027302428011005107
test_18973,0.9990409037542118
test_18974,0.9999904971606673
test_18975,0.9991504775705922
test_18976,0.996512886362175
test_18977,0.9999955186018197
test_18978,0.9997566205506951
test_18979,0.9999984910149764
test_18980,0.999750579994532
test_18981,0.011686582748193966
test_18982,8.004794836884007e-05
test_18983,0.9928557847815972
test_18984,0.998912514120043
test_18985,0.04410528663232914
test_18986,0.6949414704612353
test_18987,0.9989381568273767
test_18988,0.010327345532654224
test_18989,0.9999900149791053
test_18990,0.999902295118682
test_18991,0.9997994552556186
test_18992,0.0001798709727763555
test_18993,0.9999671471828226
test_18994,0.9856691607637752
test_18995,0.9994179207924907
test_18996,2.4554671482319026e-07
test_18997,0.0006788306327305048
test_18998,0.9999537571021044
test_18999,0.0031023556005825245
test_19000,0.9989613776571332
test_19001,0.00024923847103252005
test_19002,0.007739922272769848
test_19003,1.7727248411914616e-05
test_19004,0.9133343013394787
test_19005,0.004073522345689186
test_19006,0.9787144456068583
test_19007,0.015625515766584334
test_19008,0.08265379555022398
test_19009,0.00013837282578449406
test_19010,0.793007228917306
test_19011,0.9999098054599805
test_19012,1.7226497908649217e-05
test_19013,0.0023289947279752053
test_19014,0.9999433426938643
test_19015,0.0021939075274970228
test_19016,0.9996990909214828
test_19017,0.0027985169121158217
test_19018,0.012341275317446679
test_19019,0.999674556342402
test_19020,0.0539762104022951
test_19021,0.00020231514853073912
test_19022,0.777899664002331
test_19023,2.854763444397377e-05
test_19024,0.9701197747489587
test_19025,0.9935935907093741
test_19026,0.9972402042450887
test_19027,0.06577727195984048
test_19028,0.12558379095245606
test_19029,0.9998144541031662
test_19030,1.4984213370261787e-06
test_19031,0.9999738348992909
test_19032,0.016318835135256515
test_19033,0.9998711902677254
test_19034,0.9992978356691529
test_19035,3.178591700174756e-05
test_19036,0.8669377660227366
test_19037,0.999974009028391
test_19038,1.565213181345175e-05
test_19039,0.0001236413465464717
test_19040,0.998758954122265
test_19041,0.9687516773278555
test_19042,0.9999998857230785
test_19043,0.9771097856259228
test_19044,0.0746634659345798
test_19045,2.216933460000479e-05
test_19046,0.9998463353066429
test_19047,0.9881862206023514
test_19048,0.9925750378392744
test_19049,0.9999036714510651
test_19050,0.9995434898706677
test_19051,0.002489544293321997
test_19052,0.2573198948231153
test_19053,0.9394623941979353
test_19054,0.0003574955184367705
test_19055,0.9989514679904845
test_19056,0.375510563429185
test_19057,0.9999960807167667
test_19058,0.00019605353812346144
test_19059,6.53314455799195e-06
test_19060,1.0654429739979993e-06
test_19061,0.9542598932374593
test_19062,0.016433030153616055
test_19063,0.9992149377436916
test_19064,8.970275261020317e-06
test_19065,0.0019830952097346652
test_19066,0.00027699232550735744
test_19067,0.9975654704235838
test_19068,0.99996116803644
test_19069,2.440016109143053e-05
test_19070,0.8661386517972317
test_19071,0.11570283243233706
test_19072,0.0012202555882039185
test_19073,0.9999732515739634
test_19074,0.9997790095918591
test_19075,0.9994597225081764
test_19076,0.9999969805104618
test_19077,6.578023653433511e-05
test_19078,0.0035626650949534557
test_19079,0.4991477212368255
test_19080,0.0016045669328350247
test_19081,0.9998915237350151
test_19082,0.7070763212139513
test_19083,0.43201008333511415
test_19084,0.995429109085752
test_19085,0.00035377040145926627
test_19086,0.00118949505891979
test_19087,3.019662433279742e-05
test_19088,2.119149184929272e-05
test_19089,0.9040918183726874
test_19090,0.00010938247194996648
test_19091,0.999978534788911
test_19092,0.9971405490325423
test_19093,0.0004435293270672635
test_19094,8.637601397708467e-05
test_19095,3.1406498035449285e-06
test_19096,0.9999999484290838
test_19097,0.18598790525336742
test_19098,0.2874065559503639
test_19099,0.9999995129283904
test_19100,4.653565507465314e-05
test_19101,0.9999900074627243
test_19102,1.5743582642732218e-06
test_19103,0.007598978234149856
test_19104,0.0037696084878983934
test_19105,0.9971725888254626
test_19106,0.02359708562420368
test_19107,0.999991199901412
test_19108,0.020127127885672697
test_19109,0.005625614508718304
test_19110,0.0007886486510920031
test_19111,4.798422837560552e-08
test_19112,0.999977892116838
test_19113,0.026049787413076866
test_19114,0.03763209692123571
test_19115,1.8340397575536087e-06
test_19116,0.9927634844207927
test_19117,0.0014728260220032924
test_19118,0.00042258502021678247
test_19119,0.124915337107325
test_19120,0.0018601781665060072
test_19121,0.9920941877971231
test_19122,0.990258596339864
test_19123,0.9999656113578335
test_19124,5.088935040503069e-05
test_19125,0.9985450534942009
test_19126,0.5680407365382624
test_19127,0.2030642899284548
test_19128,0.5215497115057004
test_19129,0.00013492606257228644
test_19130,0.999946095679935
test_19131,0.9925533307193228
test_19132,0.12213309002247173
test_19133,0.0007965846188740664
test_19134,0.5153424949343872
test_19135,6.112157574435169e-06
test_19136,0.9999732318451497
test_19137,0.9961400310866264
test_19138,0.002698945434742124
test_19139,0.0031798933736735336
test_19140,0.9999968735969937
test_19141,9.266524213636355e-06
test_19142,0.9998215214684465
test_19143,0.00040368355460332746
test_19144,0.9986728280035306
test_19145,0.9999815152545909
test_19146,0.9980675827342298
test_19147,0.9999729560098223
test_19148,0.9998274543306002
test_19149,0.996544608266847
test_19150,0.002020920577246601
test_19151,1.3791709745182495e-06
test_19152,0.9939574260998909
test_19153,0.34965714033345746
test_19154,0.005928431150666266
test_19155,0.999656244291774
test_19156,0.2920584710206495
test_19157,0.9995890604308287
test_19158,0.9311410597807614
test_19159,0.9999565632444914
test_19160,1.2211144898903877e-07
test_19161,0.0522047452333221
test_19162,3.276404591006791e-06
test_19163,0.9992713704228293
test_19164,0.02057572605776955
test_19165,0.00018915137495879568
test_19166,0.9986263214408985
test_19167,0.5138304787322249
test_19168,0.9988816199674166
test_19169,6.363382682017925e-06
test_19170,0.9999980662284305
test_19171,0.9999977269057767
test_19172,0.9907064646866253
test_19173,0.9947862365390998
test_19174,0.9769233712487173
test_19175,0.056703298498537606
test_19176,0.003641764997000623
test_19177,0.998848713514891
test_19178,0.9989909269455793
test_19179,0.14349905562810988
test_19180,0.0009061624534815142
test_19181,0.6668670123877121
test_19182,1.1061995927003388e-05
test_19183,0.9992534612016586
test_19184,0.9684202916481115
test_19185,0.9698042021619544
test_19186,0.9538659902833034
test_19187,0.9994273284936317
test_19188,0.9984681479053192
test_19189,0.99784050305014
test_19190,0.9979753964739071
test_19191,4.247662169728002e-05
test_19192,0.9998260188401402
test_19193,0.00477714794250293
test_19194,0.0006854457397720174
test_19195,4.300555668657242e-05
test_19196,0.9935672214678888
test_19197,0.001897664978014239
test_19198,0.999395308216669
test_19199,2.734303633967372e-05
test_19200,0.9997305746995909
test_19201,0.9977434819055713
test_19202,0.9799029582298279
test_19203,0.9999994935591134
test_19204,0.5931074411527476
test_19205,0.029736146994992916
test_19206,0.9995554634652752
test_19207,0.00034690487271899477
test_19208,0.9999980232085866
test_19209,0.9999030209052653
test_19210,0.0036773723874584377
test_19211,2.1709650026015038e-05
test_19212,0.9999391242042157
test_19213,0.9542472250688364
test_19214,0.0002101273773792386
test_19215,0.0034390363040842256
test_19216,0.00017711738783678232
test_19217,0.9998733508823102
test_19218,0.0035090922989311226
test_19219,0.1667994607103345
test_19220,0.5286887050533119
test_19221,0.8288050498045944
test_19222,0.9567331556729141
test_19223,0.9999586386280396
test_19224,0.0012245841753315433
test_19225,0.001081345779664432
test_19226,0.9974688777600537
test_19227,0.08411114623132857
test_19228,0.9999985549248714
test_19229,8.380591545154045e-08
test_19230,0.1251060747181188
test_19231,0.9986898195002608
test_19232,0.9999974076556194
test_19233,0.9974955853797977
test_19234,6.544683567177688e-05
test_19235,0.0005404238176755969
test_19236,0.0019352571770476605
test_19237,2.9687237313641605e-07
test_19238,0.0042212586305471825
test_19239,0.011276458380661797
test_19240,0.999809753673533
test_19241,0.6873689876108174
test_19242,0.9511681455620483
test_19243,0.2813036323376534
test_19244,0.9994570622507257
test_19245,0.9999701640231669
test_19246,0.9998822700125213
test_19247,8.5303405413598e-05
test_19248,0.999992664484526
test_19249,6.937122158855661e-06
test_19250,0.9998369287897253
test_19251,0.9968592068269315
test_19252,2.4390183790497426e-06
test_19253,0.00013845882811333422
test_19254,0.983793686554309
test_19255,0.7156301032281567
test_19256,0.9932045247020543
test_19257,0.00020164664670969576
test_19258,6.516172088602262e-05
test_19259,6.047041019571803e-05
test_19260,0.49182142311841076
test_19261,0.997005940186816
test_19262,0.9903565654848653
test_19263,0.00675677878271985
test_19264,0.008149209619360099
test_19265,0.8694995641565647
test_19266,0.01986640941646448
test_19267,0.9754040613347074
test_19268,0.999943257974758
test_19269,0.00014136482377977088
test_19270,0.0008211704929917383
test_19271,3.081832279491903e-05
test_19272,0.9960453433758737
test_19273,0.9994081906680055
test_19274,0.002447697005808893
test_19275,0.161827867367503
test_19276,0.9989131779149258
test_19277,1.4959072466295797e-06
test_19278,0.00020948506690102235
test_19279,0.48657763788834696
test_19280,0.982350305463858
test_19281,0.6413067919520596
test_19282,0.00022469759564548773
test_19283,0.10600050994622476
test_19284,0.9260491653913553
test_19285,0.06097156938262933
test_19286,6.058993181969203e-05
test_19287,0.9996877342073551
test_19288,0.5276925600386911
test_19289,7.357433418868613e-06
test_19290,0.9999998008078327
test_19291,2.8270150690741295e-06
test_19292,0.0559066857361928
test_19293,3.9983238484502484e-05
test_19294,0.9992722778283607
test_19295,0.9999969754336424
test_19296,0.9934977335714303
test_19297,6.04380556039187e-06
test_19298,0.9996280353665006
test_19299,0.09076342201610936
test_19300,5.547426857040649e-05
test_19301,0.7396562160264424
test_19302,0.9999393773251469
test_19303,0.9999989743197735
test_19304,0.9945540608231971
test_19305,0.07498372402302234
test_19306,0.9999983374994817
test_19307,0.9999867472148138
test_19308,0.99981168625629
test_19309,0.1047916936268357
test_19310,1.1264720575384718e-05
test_19311,4.409937238495921e-07
test_19312,0.0018005153194359488
test_19313,0.0010244362442472662
test_19314,0.007584092117279438
test_19315,0.9999946376799976
test_19316,0.9995018279883032
test_19317,3.885711688402361e-05
test_19318,0.9936686816582367
test_19319,0.002332295028783481
test_19320,0.9994735696299757
test_19321,0.04033342584902229
test_19322,0.00039413838673525985
test_19323,0.9995127792071679
test_19324,0.00027178204253190913
test_19325,1.4049048548439797e-06
test_19326,0.0005508100655789905
test_19327,0.9949935154695216
test_19328,0.00011209671647521563
test_19329,0.0010293075223583262
test_19330,0.9605360025404037
test_19331,2.7279419899165417e-05
test_19332,0.999915799100247
test_19333,0.00037066656480305547
test_19334,0.00022555480992746962
test_19335,0.00026978074062250436
test_19336,9.381901499780219e-06
test_19337,0.005495307565372617
test_19338,0.999995215167896
test_19339,0.003972953317390155
test_19340,0.9996477458914392
test_19341,0.0005722886349376612
test_19342,0.9993529340443051
test_19343,0.9998496891452158
test_19344,0.0013981442261566922
test_19345,0.9996340430881379
test_19346,0.17329935829524742
test_19347,0.008932442082057755
test_19348,0.0014072870497466921
test_19349,0.003160062979481468
test_19350,3.7514928750666688e-06
test_19351,0.0035044625635037296
test_19352,0.9937729991111285
test_19353,0.0034082339152850527
test_19354,0.9999999160713483
test_19355,0.0001635839205775964
test_19356,0.21621986735354054
test_19357,0.8857778538925681
test_19358,0.9947487863352541
test_19359,0.9476292329546945
test_19360,0.03507569347848913
test_19361,0.001422115048079433
test_19362,5.4635243662170825e-05
test_19363,0.002751745228720899
test_19364,0.9994685109596144
test_19365,0.0014851993507785453
test_19366,0.19789587384201293
test_19367,0.6841486415694642
test_19368,0.9997849528318405
test_19369,0.9326905683027009
test_19370,0.2595283579738434
test_19371,1.7394349805510245e-05
test_19372,0.00017602481931895247
test_19373,0.2989710053622325
test_19374,0.9999250475855678
test_19375,0.2080300308948253
test_19376,0.99999685586401
test_19377,0.9999454362114857
test_19378,0.9985789486404463
test_19379,0.00033477695021958206
test_19380,0.997741856818184
test_19381,0.9898228270966616
test_19382,3.7136260713832416e-08
test_19383,0.9999976569497034
test_19384,0.999994590735484
test_19385,0.9996647882160484
test_19386,0.4834694593785214
test_19387,0.5956657096452225
test_19388,0.989477692826401
test_19389,0.6550549071422664
test_19390,0.9999945668140251
test_19391,0.9969872169343055
test_19392,0.000377096524229111
test_19393,0.9836548776489507
test_19394,0.9999934574999291
test_19395,1.6620549301464442e-07
test_19396,0.9872163281444397
test_19397,0.061897895081868375
test_19398,0.013469299164394741
test_19399,0.586774151857876
test_19400,7.521898116932283e-05
test_19401,0.998988676456443
test_19402,0.007074681217399165
test_19403,0.006653793837218983
test_19404,0.005262292518757213
test_19405,0.998481110163418
test_19406,0.9999717649040645
test_19407,0.001184536025936181
test_19408,0.740997957441674
test_19409,3.5905654592261706e-06
test_19410,0.0030492303596411506
test_19411,9.424333528619571e-05
test_19412,1.719374580629834e-05
test_19413,0.9949738505422958
test_19414,0.02009825669674016
test_19415,0.002086997411854576
test_19416,0.9903280726084308
test_19417,0.019251551334624462
test_19418,6.307404158824302e-05
test_19419,0.9975886522574356
test_19420,0.0010118803624037168
test_19421,0.9987045601130187
test_19422,0.9994086753302597
test_19423,0.9790596283541642
test_19424,0.014176028235722081
test_19425,0.00016209787053727805
test_19426,8.51253935411626e-05
test_19427,0.00010314043769845614
test_19428,0.9998783411901317
test_19429,0.9994418031009392
test_19430,0.6064037043381962
test_19431,0.9999048712195711
test_19432,0.9998972416974494
test_19433,1.1460141684432013e-05
test_19434,0.9834744747743008
test_19435,0.9999992837940868
test_19436,0.9999729745679187
test_19437,0.9981782066357334
test_19438,9.005560365880665e-05
test_19439,0.36476155204406174
test_19440,0.004180334293583302
test_19441,0.9985321524382178
test_19442,0.3857864271088785
test_19443,2.6353288141116337e-05
test_19444,0.005447915143956915
test_19445,0.0016857145202072079
test_19446,0.998645791119894
test_19447,7.295482047543399e-05
test_19448,0.9997628042988128
test_19449,0.9999952970090423
test_19450,0.9999803774703321
test_19451,0.9995432371702362
test_19452,0.99999998752137
test_19453,0.9644143621601102
test_19454,0.9994127172061197
test_19455,0.0062104103380817705
test_19456,3.908704634031786e-05
test_19457,0.9972069379066512
test_19458,0.96988422759651
test_19459,0.9999456752326574
test_19460,1.4475126797062695e-06
test_19461,0.0001968568327255817
test_19462,0.9581263188718993
test_19463,0.01863915157832873
test_19464,0.012456068704181353
test_19465,0.047848470214989725
test_19466,0.663235091659984
test_19467,0.6964036479721618
test_19468,0.990629503261982
test_19469,0.999975054403829
test_19470,0.00012065260250396257
test_19471,5.6360106992370014e-08
test_19472,0.9999969920597817
test_19473,0.9999768847530552
test_19474,0.9703696878739341
test_19475,0.9998798553275995
test_19476,0.9961143495781277
test_19477,0.022778938513303586
test_19478,0.011806964434976896
test_19479,0.9999933531983207
test_19480,0.9999977830290601
test_19481,0.9992544548965484
test_19482,0.0056771684851849285
test_19483,0.9984336991132432
test_19484,0.979157005746794
test_19485,0.9999766155247868
test_19486,0.010835756379546816
test_19487,0.7894273738399402
test_19488,0.9995900480880436
test_19489,0.5956793461893278
test_19490,0.00042464479309295455
test_19491,0.22737818234495283
test_19492,0.00017030838195328013
test_19493,0.9999999318053754
test_19494,0.24717487664671708
test_19495,0.9994229400996609
test_19496,0.9972894139216285
test_19497,0.000494137980218362
test_19498,0.99835748802255
test_19499,0.9341156224795282
test_19500,2.9986637593391624e-05
test_19501,0.9926429306356264
test_19502,0.0006837082205727424
test_19503,0.5824881250720235
test_19504,0.0003112970179882977
test_19505,0.9998288103174632
test_19506,0.3473158921664888
test_19507,0.999950576719607
test_19508,0.9999826890679749
test_19509,0.9960462180564239
test_19510,0.9999868297898168
test_19511,0.8834049652376573
test_19512,0.9992966202248562
test_19513,0.8310193779685865
test_19514,0.999009656883999
test_19515,9.91848722451098e-05
test_19516,0.9954983052043783
test_19517,0.02552644462144942
test_19518,0.9996692943583996
test_19519,0.9998123524687814
test_19520,0.005397618755928674
test_19521,0.997810190958414
test_19522,0.0008150833801429942
test_19523,0.6722412878459861
test_19524,0.295537650875117
test_19525,0.00017288758797109321
test_19526,3.459930685524861e-05
test_19527,0.9781770356354251
test_19528,7.062890112815333e-05
test_19529,0.36758756901936734
test_19530,0.00036566143047222355
test_19531,0.004496402740456705
test_19532,0.9587993104674474
test_19533,0.0038147260712170852
test_19534,0.9996501800700576
test_19535,0.007975314072661362
test_19536,0.9946784898644224
test_19537,0.013144195374069186
test_19538,0.9998849703786881
test_19539,0.9999995587596273
test_19540,0.000756335273593436
test_19541,0.8393447366495936
test_19542,0.9925870972160733
test_19543,1.0776410716999683e-05
test_19544,0.9991596597159099
test_19545,0.9879379601370589
test_19546,0.99991808040455
test_19547,0.0023108889782979523
test_19548,0.9996816784706867
test_19549,1.8744912793242933e-05
test_19550,3.3136558040197794e-05
test_19551,0.9950642098535782
test_19552,0.9990968810056169
test_19553,1.820114002740886e-05
test_19554,0.0031852943548877693
test_19555,0.9941325546973987
test_19556,0.07925478752909677
test_19557,0.03137381248434104
test_19558,8.514332035756641e-05
test_19559,0.00829268086880174
test_19560,0.9999614689575168
test_19561,0.9999494655499642
test_19562,0.9990416396196949
test_19563,0.9999867394242224
test_19564,7.490236554880051e-06
test_19565,0.6061899980771207
test_19566,0.00261009341815969
test_19567,0.9658125051662966
test_19568,0.3181013513964359
test_19569,0.10397597393622048
test_19570,0.9626317898320012
test_19571,0.9805729579421698
test_19572,0.999397397003055
test_19573,0.997544923932481
test_19574,7.343966573309284e-06
test_19575,2.32942009427433e-05
test_19576,0.9999934292500412
test_19577,0.9995076567255886
test_19578,0.9989389360109497
test_19579,0.0001791151092560321
test_19580,0.00024682384318353793
test_19581,0.6124388616820494
test_19582,0.9904379270307768
test_19583,6.340927845744982e-06
test_19584,0.0008649434288939368
test_19585,0.9996862547559018
test_19586,0.9957734726598825
test_19587,0.03122075027739622
test_19588,0.9998934533133227
test_19589,2.8566373963339933e-05
test_19590,0.9990171571755723
test_19591,0.9903269158247925
test_19592,0.9556642741756993
test_19593,0.9486483262041139
test_19594,0.0001999458099517221
test_19595,1.0482010200369553e-05
test_19596,0.9990366209309326
test_19597,1.3330473566357045e-05
test_19598,0.0008791322765233139
test_19599,0.9997749613507405
test_19600,1.7773134661483303e-05
test_19601,0.00046566699227047477
test_19602,0.00010857835617983438
test_19603,0.9994275305434831
test_19604,0.9998813597751505
test_19605,0.004307352477243155
test_19606,0.9995689451898846
test_19607,1.4358312925730566e-06
test_19608,0.0017773966591171624
test_19609,0.05138525531815583
test_19610,0.9991136945547919
test_19611,0.998268473400118
test_19612,0.006355651276805367
test_19613,0.9999949064223593
test_19614,0.3731874870561189
test_19615,0.9902284437984421
test_19616,9.215896691892479e-07
test_19617,0.00857456696940197
test_19618,0.9962430367969828
test_19619,0.9970474255809971
test_19620,0.35954501708572734
test_19621,7.951358768863846e-06
test_19622,3.4581091864003925e-05
test_19623,0.002383659090937712
test_19624,0.0004990738981464544
test_19625,0.9999865611542685
test_19626,1.1186502201773954e-06
test_19627,0.00018907329294017605
test_19628,0.9999856569644952
test_19629,0.00019593512785052802
test_19630,0.9998708866372482
test_19631,0.9690312103444071
test_19632,0.9976565761272462
test_19633,0.9908075219938033
test_19634,0.7370850447378301
test_19635,0.9999141966386182
test_19636,0.9846110853467973
test_19637,0.11388587637869055
test_19638,0.9997533093674921
test_19639,0.5118081052656976
test_19640,2.5956070673446577e-05
test_19641,0.35914112254891944
test_19642,5.309242593390182e-06
test_19643,7.499227964360447e-07
test_19644,0.0007337321633431153
test_19645,0.190971971694667
test_19646,0.0026736678202950196
test_19647,0.999996387097807
test_19648,0.005014869544835719
test_19649,0.9903443665678415
test_19650,0.0001491541203552601
test_19651,4.8459111240965534e-05
test_19652,1.777932800783705e-08
test_19653,0.6290831033006338
test_19654,0.00016860072389936296
test_19655,0.00023554067373973543
test_19656,0.10742319828681217
test_19657,0.0002520436203448281
test_19658,0.022787657827651426
test_19659,0.8890153552993398
test_19660,0.9999589490813725
test_19661,0.002290377957571216
test_19662,0.8470364116214867
test_19663,0.027908142506998693
test_19664,0.46574889837053884
test_19665,0.9999097717486988
test_19666,0.999988336505331
test_19667,0.9992961509481308
test_19668,2.080634408900573e-05
test_19669,0.0010025412251794237
test_19670,0.9986049833229638
test_19671,0.0020995791477475233
test_19672,0.9999089040667886
test_19673,0.015467095090899191
test_19674,8.579738744730977e-05
test_19675,0.809691971214637
test_19676,0.9996474283766994
test_19677,0.9996541139690873
test_19678,5.934621692159554e-05
test_19679,0.8294013285716919
test_19680,0.9894971340130281
test_19681,0.09127443574535206
test_19682,0.00018845794473903765
test_19683,0.9995541471032052
test_19684,2.1822884346617975e-05
test_19685,0.9999412923072877
test_19686,0.9896481781998244
test_19687,1.55070883424583e-06
test_19688,0.9976827310834333
test_19689,0.9999999705352367
test_19690,0.05014600991237616
test_19691,0.9999011566427135
test_19692,0.9869723000820815
test_19693,0.7685967786638631
test_19694,0.9664054863628713
test_19695,0.9071078566725247
test_19696,0.9969270727944555
test_19697,0.10970615738928673
test_19698,0.9895543101618308
test_19699,0.9999959759870457
test_19700,0.031263866369126904
test_19701,0.004957298227274907
test_19702,0.0013237010539159468
test_19703,8.949076182172314e-08
test_19704,0.9452708748025782
test_19705,2.9206100615031897e-06
test_19706,0.0017009592319166794
test_19707,0.9999082135740198
test_19708,0.976526739994962
test_19709,3.7639955383815425e-05
test_19710,0.9999928501049093
test_19711,0.0012329122896695788
test_19712,0.974594104102724
test_19713,0.9999695228601956
test_19714,5.820551053824938e-05
test_19715,0.000327135069430101
test_19716,0.00037639727703864424
test_19717,0.9997205248387842
test_19718,0.9984208251987405
test_19719,0.9999982359175466
test_19720,0.99996620230721
test_19721,0.8352280606952223
test_19722,1.2950708847852302e-05
test_19723,0.9994791851532812
test_19724,0.0011067411390172192
test_19725,0.9989383902824225
test_19726,0.9999958444162084
test_19727,0.0009644330294463387
test_19728,0.9959320951976841
test_19729,0.09202975909592918
test_19730,0.0001668436316910985
test_19731,0.03981806945971599
test_19732,0.9999616929452232
test_19733,0.7212736368468063
test_19734,0.9898328292851816
test_19735,0.9874433111128832
test_19736,0.9984145681841881
test_19737,0.029586606973674937
test_19738,0.8558278486262784
test_19739,8.065148038831351e-06
test_19740,0.9922642264039865
test_19741,0.9996715016557968
test_19742,0.00010507668200244705
test_19743,6.790302344549323e-06
test_19744,0.9998329191058428
test_19745,0.9913770387977203
test_19746,6.190624084484189e-05
test_19747,0.944994534339104
test_19748,5.966390608536533e-06
test_19749,0.6799123038100096
test_19750,0.999966730842607
test_19751,0.0004328579982652307
test_19752,0.999766372500653
test_19753,0.00016943922033263618
test_19754,0.18029430967741575
test_19755,0.992467490444881
test_19756,0.9816951903737502
test_19757,0.9956911374512075
test_19758,0.00030954279951916295
test_19759,0.9979754927968306
test_19760,0.9655826088973783
test_19761,0.0002171117312038642
test_19762,1.4239187553496135e-06
test_19763,0.03134518854020359
test_19764,0.655095872020125
test_19765,0.9995630040876201
test_19766,3.059591010896926e-06
test_19767,0.0002474242157345847
test_19768,0.0037246057781464225
test_19769,0.08784713191989733
test_19770,5.0343649974674366e-05
test_19771,0.9999374529539212
test_19772,0.9999875095544055
test_19773,1.5081808505914602e-05
test_19774,0.0029734563586712765
test_19775,0.0009687790186773743
test_19776,0.9997622811593128
test_19777,0.0001320038102494417
test_19778,0.9995306641424055
test_19779,0.9877416406615411
test_19780,0.9812273145877534
test_19781,0.0006127899212135866
test_19782,0.9692204683195481
test_19783,0.0034203963118658253
test_19784,0.9999822191270777
test_19785,0.9374788050362469
test_19786,0.9999160319867427
test_19787,1.764328414823753e-07
test_19788,0.9947222461944792
test_19789,0.9773238998456754
test_19790,0.9992031513346112
test_19791,0.4101778717659767
test_19792,0.7485522517027259
test_19793,0.1747849456164357
test_19794,1.1351658265987428e-05
test_19795,0.9785175385433506
test_19796,0.00349864796452281
test_19797,0.9970689449378003
test_19798,0.0019892091360320793
test_19799,0.9642499580837888
test_19800,3.424691942319057e-07
test_19801,0.04546055569351575
test_19802,0.09800735272999413
test_19803,0.9978504817352923
test_19804,0.9680694431685049
test_19805,6.015971854442792e-05
test_19806,0.2631167618027084
test_19807,0.9999831131845586
test_19808,2.158302220825045e-05
test_19809,2.2794239693171045e-05
test_19810,0.991335813075774
test_19811,0.996202374331204
test_19812,0.008058861415776974
test_19813,0.023826082686737745
test_19814,0.9999188245415126
test_19815,1.1971405245398286e-05
test_19816,0.00015281384863973676
test_19817,0.9996384657386881
test_19818,1.7511183212514433e-05
test_19819,0.9945442700444909
test_19820,0.0006691379913629216
test_19821,0.9817187417143395
test_19822,0.9998036975556452
test_19823,0.999931711146626
test_19824,0.9990612089222222
test_19825,0.9691920126406404
test_19826,0.004841301377263148
test_19827,0.9999974886032268
test_19828,2.595567577466796e-05
test_19829,1.8052355774695456e-05
test_19830,0.9912938507007396
test_19831,0.0018314984270692352
test_19832,0.9967409589471938
test_19833,0.013403198791253856
test_19834,0.023476016437637363
test_19835,0.09359822025260346
test_19836,9.995492461215063e-06
test_19837,0.9999870247133256
test_19838,0.9999998564007784
test_19839,0.04528196303611183
test_19840,0.8082397650268689
test_19841,0.0002586131960457769
test_19842,0.006450330071626267
test_19843,7.73062610525062e-07
test_19844,6.3943611938471095e-06
test_19845,0.00047119691851801887
test_19846,0.9985881242118704
test_19847,0.999839846214862
test_19848,0.08197908592768961
test_19849,0.03915579428207249
test_19850,0.999914865989118
test_19851,0.01864006120743233
test_19852,0.6129984818234729
test_19853,1.0513742854532969e-05
test_19854,0.9886560124069997
test_19855,0.18563386849686997
test_19856,0.9999613965755139
test_19857,0.007051897676719555
test_19858,0.9930744581129897
test_19859,0.75509645665521
test_19860,2.480133857392301e-05
test_19861,0.00046757747204603486
test_19862,1.0543072425773128e-05
test_19863,0.9963725138440799
test_19864,4.223645081341066e-05
test_19865,0.8899887632415446
test_19866,1.809429602351812e-05
test_19867,0.9999874867083031
test_19868,0.5292829968239012
test_19869,0.0015683241613280417
test_19870,3.6014600018771076e-07
test_19871,0.9999437217474653
test_19872,0.9820499286884457
test_19873,0.8481940469322525
test_19874,3.3436734583416435e-07
test_19875,0.00029772821131923835
test_19876,0.8560153556728344
test_19877,0.9972791317056391
test_19878,0.9911185872875931
test_19879,0.9944649427297546
test_19880,0.25833465234811964
test_19881,0.0001192867442076047
test_19882,0.9999775087152701
test_19883,0.9660635797232786
test_19884,0.00422944315403802
test_19885,0.6773839347515446
test_19886,0.9999983620052509
test_19887,0.9999960766184224
test_19888,0.000282764424733031
test_19889,0.9999282465576518
test_19890,0.99998855226497
test_19891,0.052673726045521084
test_19892,0.9638917958772278
test_19893,0.9743989641778965
test_19894,1.4295555722442196e-05
test_19895,0.9998485685730385
test_19896,0.036749262623539336
test_19897,0.6297513011719619
test_19898,0.0003764141511904703
test_19899,9.560867813821332e-05
test_19900,0.9988238414064147
test_19901,1.1915152751803165e-05
test_19902,0.3161603804052189
test_19903,0.9915928684410772
test_19904,0.9999916850634758
test_19905,0.05844683054656011
test_19906,0.17054303729277842
test_19907,0.09647326827735754
test_19908,0.006662100137523142
test_19909,0.0016513036347721851
test_19910,8.279367127771994e-05
test_19911,0.0012919502305399073
test_19912,0.21008420148543644
test_19913,0.9995488387984651
test_19914,6.754128735535317e-05
test_19915,0.000623313791288393
test_19916,0.0009849658250520453
test_19917,9.215359250655045e-06
test_19918,0.017805071513135592
test_19919,0.004343847411317966
test_19920,0.006498118582177113
test_19921,0.9950095305379204
test_19922,0.9998255660371151
test_19923,0.9999630038865182
test_19924,0.10163261293497373
test_19925,0.9931670232855346
test_19926,0.0017352305714435823
test_19927,0.12183335721533327
test_19928,6.932827881909116e-05
test_19929,0.9975006968394083
test_19930,0.5322289263655765
test_19931,0.9997090549488635
test_19932,0.9989493533215399
test_19933,0.0011641439503328218
test_19934,0.9984843543574693
test_19935,2.0819057065913127e-05
test_19936,0.9998797758232157
test_19937,0.9998517458331732
test_19938,0.9973857971976626
test_19939,0.005583978390330851
test_19940,7.425118506446427e-05
test_19941,0.000827731318896238
test_19942,0.005222119793217586
test_19943,0.9739441580099667
test_19944,0.9999938697148669
test_19945,9.450115453670874e-07
test_19946,2.7891971506450443e-05
test_19947,0.0004892104889960252
test_19948,0.9996997694842794
test_19949,3.240633302573357e-05
test_19950,0.6881186436078299
test_19951,0.9999997523373367
test_19952,0.9970140362404473
test_19953,5.660123048136833e-06
test_19954,0.05977876501394453
test_19955,4.510456441558565e-05
test_19956,2.6758190301663134e-05
test_19957,3.0232637876455752e-05
test_19958,0.8182318337637625
test_19959,0.9999130579988486
test_19960,0.008070436421829022
test_19961,0.9942768578981551
test_19962,0.00034278047652145976
test_19963,7.38112564206207e-05
test_19964,0.9590225439315803
test_19965,0.00159349948543165
test_19966,0.9999978282933676
test_19967,0.9955180950019636
test_19968,0.8960960581412405
test_19969,0.12992232560163397
test_19970,0.0018825074214327648
test_19971,0.03446090606276897
test_19972,0.0023408163300768195
test_19973,0.9792677926011896
test_19974,0.9760758472822875
test_19975,0.05556471189710726
test_19976,0.999487194443193
test_19977,0.00021442444205147388
test_19978,0.030343516720619794
test_19979,0.006254111022931176
test_19980,0.9831336374125252
test_19981,0.9999607747495552
test_19982,0.9999181716113603
test_19983,0.9980405698153749
test_19984,0.9445452918633905
test_19985,0.00021479932190475996
test_19986,0.010445735829882825
test_19987,0.9956933336977174
test_19988,0.9964495943853509
test_19989,0.00011705498981968263
test_19990,0.08159481025294256
test_19991,0.9869404284258873
test_19992,0.00022413606118463792
test_19993,0.8920571011575545
test_19994,0.042609122500238274
test_19995,0.3345237074671979
test_19996,0.0021123605967072927
test_19997,0.00017472464795776857
test_19998,6.51210524060727e-08
test_19999,0.00719090159653961
